disease_name,disease_id,ontology_prefix,display_group,relation,evidence_score,evidence_count,number_of_pmids,number_of_snps,disease_specificity_index,disease_pleiotropy_index,year_initial,year_final,direct_sources
measurement,EFO_0001444,EFO,trait / measurement candidate,ASSOCIATED_WITH,0.5117945789700696,132,,,,,,,"[""OPEN_TARGETS""]"
protein measurement,EFO_0004747,EFO,trait / measurement candidate,ASSOCIATED_WITH,0.476435750358249,23,,,,,,,"[""OPEN_TARGETS""]"
blood protein measurement,EFO_0007937,EFO,trait / measurement candidate,ASSOCIATED_WITH,0.44326191701935347,6,,,,,,,"[""OPEN_TARGETS""]"
galectin-3 measurement,EFO_0008137,EFO,trait / measurement candidate,ASSOCIATED_WITH,0.43841539145831326,5,,,,,,,"[""OPEN_TARGETS""]"
hematological measurement,EFO_0004503,EFO,trait / measurement candidate,ASSOCIATED_WITH,0.4348340927377772,39,,,,,,,"[""OPEN_TARGETS""]"
phenotype,EFO_0000651,EFO,trait / measurement candidate,ASSOCIATED_WITH,0.4018576630817705,1791,,,,,,,"[""OPEN_TARGETS""]"
musculoskeletal or connective tissue disease,OTAR_0000006,OTAR,disease / other candidate,ASSOCIATED_WITH,0.39357421378123847,722,,,,,,,"[""OPEN_TARGETS""]"
musculoskeletal system disease,EFO_0009676,EFO,disease / other candidate,ASSOCIATED_WITH,0.3935738935117794,708,,,,,,,"[""OPEN_TARGETS""]"
skeletal system disease,EFO_0002461,EFO,disease / other candidate,ASSOCIATED_WITH,0.3931452401606815,503,,,,,,,"[""OPEN_TARGETS""]"
bone disease,EFO_0004260,EFO,disease / other candidate,ASSOCIATED_WITH,0.39218909968764776,357,,,,,,,"[""OPEN_TARGETS""]"
connective tissue disease,EFO_1001986,EFO,disease / other candidate,ASSOCIATED_WITH,0.3907594034948736,339,,,,,,,"[""OPEN_TARGETS""]"
rheumatic disease,EFO_0005755,EFO,disease / other candidate,ASSOCIATED_WITH,0.38851013076906377,134,,,,,,,"[""OPEN_TARGETS""]"
bone inflammation disease,MONDO_0002614,MONDO,disease / other candidate,ASSOCIATED_WITH,0.38208212481142306,57,,,,,,,"[""OPEN_TARGETS""]"
joint disease,EFO_1000999,EFO,disease / other candidate,ASSOCIATED_WITH,0.38093526158706514,63,,,,,,,"[""OPEN_TARGETS""]"
arthritis,EFO_0005856,EFO,disease / other candidate,ASSOCIATED_WITH,0.38022970845088677,56,,,,,,,"[""OPEN_TARGETS""]"
complete blood cell count,EFO_0004586,EFO,trait / measurement candidate,ASSOCIATED_WITH,0.3723998800549377,12,,,,,,,"[""OPEN_TARGETS""]"
reticulocyte measurement,EFO_0010700,EFO,trait / measurement candidate,ASSOCIATED_WITH,0.3695041888579038,3,,,,,,,"[""OPEN_TARGETS""]"
eosinophil count,EFO_0004842,EFO,trait / measurement candidate,ASSOCIATED_WITH,0.36553232502194843,10,,,,,,,"[""OPEN_TARGETS""]"
granulocyte count,EFO_0007987,EFO,trait / measurement candidate,ASSOCIATED_WITH,0.36553232502194843,10,,,,,,,"[""OPEN_TARGETS""]"
eosinophil measurement,EFO_0803540,EFO,trait / measurement candidate,ASSOCIATED_WITH,0.36553232502194843,10,,,,,,,"[""OPEN_TARGETS""]"
platelet volume,OBA_0003277,OBA,trait / measurement candidate,ASSOCIATED_WITH,0.3602420333792718,13,,,,,,,"[""OPEN_TARGETS""]"
osteoarthritis,MONDO_0005178,MONDO,disease / other candidate,ASSOCIATED_WITH,0.35842861577132934,30,,,,,,,"[""OPEN_TARGETS""]"
lipid measurement,EFO_0004529,EFO,trait / measurement candidate,ASSOCIATED_WITH,0.3343499918754995,3,,,,,,,"[""OPEN_TARGETS""]"
lipid or lipoprotein measurement,EFO_0005105,EFO,trait / measurement candidate,ASSOCIATED_WITH,0.3343499918754995,3,,,,,,,"[""OPEN_TARGETS""]"
eosinophil percentage of leukocytes,EFO_0007991,EFO,trait / measurement candidate,ASSOCIATED_WITH,0.3132315923693628,3,,,,,,,"[""OPEN_TARGETS""]"
amount,PATO_0000070,PATO,trait / measurement candidate,ASSOCIATED_WITH,0.3009255437713684,2,,,,,,,"[""OPEN_TARGETS""]"
reticulocyte count,EFO_0007986,EFO,trait / measurement candidate,ASSOCIATED_WITH,0.29136180195949174,1,,,,,,,"[""OPEN_TARGETS""]"
cardiovascular measurement,EFO_0004298,EFO,trait / measurement candidate,ASSOCIATED_WITH,0.28956388097594205,5,,,,,,,"[""OPEN_TARGETS""]"
arterial stiffness measurement,EFO_0004517,EFO,trait / measurement candidate,ASSOCIATED_WITH,0.28755300725270966,1,,,,,,,"[""OPEN_TARGETS""]"
cardiovascular disease biomarker measurement,EFO_0005278,EFO,trait / measurement candidate,ASSOCIATED_WITH,0.28755300725270966,1,,,,,,,"[""OPEN_TARGETS""]"
high density lipoprotein cholesterol measurement,EFO_0004612,EFO,trait / measurement candidate,ASSOCIATED_WITH,0.27147863714059084,1,,,,,,,"[""OPEN_TARGETS""]"
lipoprotein measurement,EFO_0004732,EFO,trait / measurement candidate,ASSOCIATED_WITH,0.27147863714059084,1,,,,,,,"[""OPEN_TARGETS""]"
hemoglobin measurement,EFO_0004509,EFO,trait / measurement candidate,ASSOCIATED_WITH,0.2631408716891897,11,,,,,,,"[""OPEN_TARGETS""]"
triglycerides:total lipids ratio,EFO_0020947,EFO,disease / other candidate,ASSOCIATED_WITH,0.24778962039278757,1,,,,,,,"[""OPEN_TARGETS""]"
chylomicron amount,OBA_2050296,OBA,trait / measurement candidate,ASSOCIATED_WITH,0.24778962039278757,1,,,,,,,"[""OPEN_TARGETS""]"
myeloid leukocyte count,OBA_2045223,OBA,trait / measurement candidate,ASSOCIATED_WITH,0.2125436935143232,1,,,,,,,"[""OPEN_TARGETS""]"
leukocyte quantity,OBA_VT0000217,OBA,disease / other candidate,ASSOCIATED_WITH,0.2125436935143232,1,,,,,,,"[""OPEN_TARGETS""]"
glucose measurement,EFO_0004468,EFO,trait / measurement candidate,ASSOCIATED_WITH,0.20592006677202934,1,,,,,,,"[""OPEN_TARGETS""]"
HbA1c measurement,EFO_0004541,EFO,trait / measurement candidate,ASSOCIATED_WITH,0.20592006677202934,1,,,,,,,"[""OPEN_TARGETS""]"
glycoprotein measurement,EFO_0004555,EFO,trait / measurement candidate,ASSOCIATED_WITH,0.20592006677202934,1,,,,,,,"[""OPEN_TARGETS""]"
diabetes mellitus biomarker,EFO_0006842,EFO,trait / measurement candidate,ASSOCIATED_WITH,0.20592006677202934,1,,,,,,,"[""OPEN_TARGETS""]"
heart rate,OBA_1001087,OBA,disease / other candidate,ASSOCIATED_WITH,0.20495459476868266,2,,,,,,,"[""OPEN_TARGETS""]"
platelet count,EFO_0004309,EFO,trait / measurement candidate,ASSOCIATED_WITH,0.2008018061830722,2,,,,,,,"[""OPEN_TARGETS""]"
platelet component distribution width,EFO_0007984,EFO,disease / other candidate,ASSOCIATED_WITH,0.1756238755055615,1,,,,,,,"[""OPEN_TARGETS""]"
Red cell distribution width,EFO_0009188,EFO,disease / other candidate,ASSOCIATED_WITH,0.16983666480363965,4,,,,,,,"[""OPEN_TARGETS""]"
cancer or benign tumor,MONDO_0045024,MONDO,disease / other candidate,ASSOCIATED_WITH,0.15773932213294165,6415,,,,,,,"[""OPEN_TARGETS""]"
neoplastic disease or syndrome,MONDO_0023370,MONDO,disease / other candidate,ASSOCIATED_WITH,0.15773907439892831,6379,,,,,,,"[""OPEN_TARGETS""]"
neoplasm,EFO_0000616,EFO,disease / other candidate,ASSOCIATED_WITH,0.15704739109995322,6317,,,,,,,"[""OPEN_TARGETS""]"
endocrine system disease,EFO_0001379,EFO,disease / other candidate,ASSOCIATED_WITH,0.15588759067113564,2256,,,,,,,"[""OPEN_TARGETS""]"
gastrointestinal disease,EFO_0010282,EFO,disease / other candidate,ASSOCIATED_WITH,0.15578012459845714,1280,,,,,,,"[""OPEN_TARGETS""]"
hepatobiliary disease,EFO_0010284,EFO,disease / other candidate,ASSOCIATED_WITH,0.15394822127595797,635,,,,,,,"[""OPEN_TARGETS""]"
liver disease,EFO_0001421,EFO,disease / other candidate,ASSOCIATED_WITH,0.15388694951014256,616,,,,,,,"[""OPEN_TARGETS""]"
cancer,MONDO_0004992,MONDO,disease / other candidate,ASSOCIATED_WITH,0.15264997723534238,3659,,,,,,,"[""OPEN_TARGETS""]"
digestive system neoplasm,EFO_0008549,EFO,disease / other candidate,ASSOCIATED_WITH,0.15200648627520397,701,,,,,,,"[""OPEN_TARGETS""]"
digestive system cancer,MONDO_0002516,MONDO,disease / other candidate,ASSOCIATED_WITH,0.1511786946053101,576,,,,,,,"[""OPEN_TARGETS""]"
"genetic, familial or congenital disease",OTAR_0000018,OTAR,disease / other candidate,ASSOCIATED_WITH,0.15044969606038616,1628,,,,,,,"[""OPEN_TARGETS""]"
genetic disorder,EFO_0000508,EFO,disease / other candidate,ASSOCIATED_WITH,0.15031119869284756,1588,,,,,,,"[""OPEN_TARGETS""]"
endocrine neoplasm,EFO_0003769,EFO,disease / other candidate,ASSOCIATED_WITH,0.14926350386463888,1024,,,,,,,"[""OPEN_TARGETS""]"
malignant endocrine neoplasm,MONDO_0021069,MONDO,disease / other candidate,ASSOCIATED_WITH,0.14870208547022118,731,,,,,,,"[""OPEN_TARGETS""]"
Hepatobiliary Neoplasm,EFO_0008550,EFO,disease / other candidate,ASSOCIATED_WITH,0.1483016058905332,258,,,,,,,"[""OPEN_TARGETS""]"
liver and intrahepatic bile duct neoplasm,MONDO_0024477,MONDO,disease / other candidate,ASSOCIATED_WITH,0.1483016058905332,258,,,,,,,"[""OPEN_TARGETS""]"
liver cancer,MONDO_0002691,MONDO,disease / other candidate,ASSOCIATED_WITH,0.1476037833569547,191,,,,,,,"[""OPEN_TARGETS""]"
immune system disease,EFO_0000540,EFO,disease / other candidate,ASSOCIATED_WITH,0.1472855172043362,1021,,,,,,,"[""OPEN_TARGETS""]"
epithelial neoplasm,EFO_0006858,EFO,disease / other candidate,ASSOCIATED_WITH,0.1452378335083822,1666,,,,,,,"[""OPEN_TARGETS""]"
carcinoma,EFO_0000313,EFO,disease / other candidate,ASSOCIATED_WITH,0.14516800769114488,1464,,,,,,,"[""OPEN_TARGETS""]"
respiratory system disease,EFO_0000684,EFO,disease / other candidate,ASSOCIATED_WITH,0.1450312654860906,642,,,,,,,"[""OPEN_TARGETS""]"
respiratory or thoracic disease,OTAR_0000010,OTAR,disease / other candidate,ASSOCIATED_WITH,0.1450312654860906,642,,,,,,,"[""OPEN_TARGETS""]"
cardiovascular disease,EFO_0000319,EFO,disease / other candidate,ASSOCIATED_WITH,0.1446057014398476,2181,,,,,,,"[""OPEN_TARGETS""]"
Digestive System Carcinoma,EFO_1000218,EFO,disease / other candidate,ASSOCIATED_WITH,0.14402480877186521,367,,,,,,,"[""OPEN_TARGETS""]"
carcinoma of liver and intrahepatic biliary tract,MONDO_0018531,MONDO,disease / other candidate,ASSOCIATED_WITH,0.14298078226381183,178,,,,,,,"[""OPEN_TARGETS""]"
lower respiratory tract disease,EFO_0009433,EFO,disease / other candidate,ASSOCIATED_WITH,0.14195320038271927,476,,,,,,,"[""OPEN_TARGETS""]"
lung disease,EFO_0003818,EFO,disease / other candidate,ASSOCIATED_WITH,0.1419468258135853,455,,,,,,,"[""OPEN_TARGETS""]"
vascular disease,EFO_0004264,EFO,disease / other candidate,ASSOCIATED_WITH,0.14140440240411944,730,,,,,,,"[""OPEN_TARGETS""]"
intestinal disease,EFO_0009431,EFO,disease / other candidate,ASSOCIATED_WITH,0.13951977233845933,286,,,,,,,"[""OPEN_TARGETS""]"
biliary tract disease,EFO_0009534,EFO,disease / other candidate,ASSOCIATED_WITH,0.1390373417045678,85,,,,,,,"[""OPEN_TARGETS""]"
integumentary system disease,EFO_0010285,EFO,disease / other candidate,ASSOCIATED_WITH,0.13873640009229626,596,,,,,,,"[""OPEN_TARGETS""]"
metabolic disease,EFO_0000589,EFO,disease / other candidate,ASSOCIATED_WITH,0.1370865693186802,715,,,,,,,"[""OPEN_TARGETS""]"
nutritional or metabolic disease,OTAR_0000020,OTAR,disease / other candidate,ASSOCIATED_WITH,0.1370865693186802,715,,,,,,,"[""OPEN_TARGETS""]"
neoplasm of thorax,MONDO_0021350,MONDO,disease / other candidate,ASSOCIATED_WITH,0.13643831822574007,661,,,,,,,"[""OPEN_TARGETS""]"
nervous system disease,EFO_0000618,EFO,disease / other candidate,ASSOCIATED_WITH,0.13620405839369149,1215,,,,,,,"[""OPEN_TARGETS""]"
biliary tract neoplasm,EFO_0003891,EFO,disease / other candidate,ASSOCIATED_WITH,0.13578990764877064,54,,,,,,,"[""OPEN_TARGETS""]"
respiratory system neoplasm,EFO_0003853,EFO,disease / other candidate,ASSOCIATED_WITH,0.1356366663043139,344,,,,,,,"[""OPEN_TARGETS""]"
central nervous system disease,EFO_0009386,EFO,disease / other candidate,ASSOCIATED_WITH,0.13556251206884604,961,,,,,,,"[""OPEN_TARGETS""]"
hematologic disease,EFO_0005803,EFO,disease / other candidate,ASSOCIATED_WITH,0.13540272679878984,529,,,,,,,"[""OPEN_TARGETS""]"
glandular cell neoplasm,MONDO_0024276,MONDO,disease / other candidate,ASSOCIATED_WITH,0.13445387678451162,703,,,,,,,"[""OPEN_TARGETS""]"
reproductive system or breast disease,OTAR_0000017,OTAR,disease / other candidate,ASSOCIATED_WITH,0.13437966943125954,878,,,,,,,"[""OPEN_TARGETS""]"
adenocarcinoma,EFO_0000228,EFO,disease / other candidate,ASSOCIATED_WITH,0.1343218485197045,681,,,,,,,"[""OPEN_TARGETS""]"
lung neoplasm,MONDO_0021117,MONDO,disease / other candidate,ASSOCIATED_WITH,0.13428394800206123,317,,,,,,,"[""OPEN_TARGETS""]"
brain disease,EFO_0005774,EFO,disease / other candidate,ASSOCIATED_WITH,0.13412572898565578,574,,,,,,,"[""OPEN_TARGETS""]"
reproductive system disease,EFO_0000512,EFO,disease / other candidate,ASSOCIATED_WITH,0.13308503298411334,549,,,,,,,"[""OPEN_TARGETS""]"
infectious disease,EFO_0005741,EFO,disease / other candidate,ASSOCIATED_WITH,0.13274456961091172,603,,,,,,,"[""OPEN_TARGETS""]"
skin disease,EFO_0000701,EFO,disease / other candidate,ASSOCIATED_WITH,0.13178585573303683,264,,,,,,,"[""OPEN_TARGETS""]"
large intestine disorder,MONDO_0024634,MONDO,disease / other candidate,ASSOCIATED_WITH,0.13153132616401486,248,,,,,,,"[""OPEN_TARGETS""]"
biliary tract cancer,MONDO_0003060,MONDO,disease / other candidate,ASSOCIATED_WITH,0.1315075691552878,35,,,,,,,"[""OPEN_TARGETS""]"
fatty liver disease,MONDO_0004790,MONDO,disease / other candidate,ASSOCIATED_WITH,0.13137799082100202,167,,,,,,,"[""OPEN_TARGETS""]"
non-alcoholic fatty liver disease,EFO_0003095,EFO,disease / other candidate,ASSOCIATED_WITH,0.13137346660771906,160,,,,,,,"[""OPEN_TARGETS""]"
hereditary neurological disease,MONDO_0100545,MONDO,disease / other candidate,ASSOCIATED_WITH,0.13093291104571497,266,,,,,,,"[""OPEN_TARGETS""]"
heart disease,EFO_0003777,EFO,disease / other candidate,ASSOCIATED_WITH,0.13088251326874406,1462,,,,,,,"[""OPEN_TARGETS""]"
hepatocellular carcinoma,EFO_0000182,EFO,disease / other candidate,ASSOCIATED_WITH,0.13057129660339103,145,,,,,,,"[""OPEN_TARGETS""]"
psychiatric disorder,MONDO_0002025,MONDO,disease / other candidate,ASSOCIATED_WITH,0.13035098918303695,318,,,,,,,"[""OPEN_TARGETS""]"
mental or behavioural disorder,EFO_0000677,EFO,disease / other candidate,ASSOCIATED_WITH,0.13021730344242438,277,,,,,,,"[""OPEN_TARGETS""]"
disorder of visual system,MONDO_0024458,MONDO,disease / other candidate,ASSOCIATED_WITH,0.13020776487483307,200,,,,,,,"[""OPEN_TARGETS""]"
eye disease,EFO_0003966,EFO,disease / other candidate,ASSOCIATED_WITH,0.1301676045102956,192,,,,,,,"[""OPEN_TARGETS""]"
bile duct disorder,MONDO_0002887,MONDO,disease / other candidate,ASSOCIATED_WITH,0.1299938864938765,53,,,,,,,"[""OPEN_TARGETS""]"
brain attribute,OBA_2045210,OBA,disease / other candidate,ASSOCIATED_WITH,0.1290190300081426,1,,,,,,,"[""OPEN_TARGETS""]"
female reproductive system disease,EFO_0009549,EFO,disease / other candidate,ASSOCIATED_WITH,0.12886738502449557,263,,,,,,,"[""OPEN_TARGETS""]"
neurodegenerative disease,EFO_0005772,EFO,disease / other candidate,ASSOCIATED_WITH,0.12804630060925892,365,,,,,,,"[""OPEN_TARGETS""]"
urinary system disease,EFO_0009690,EFO,disease / other candidate,ASSOCIATED_WITH,0.12738942381634882,615,,,,,,,"[""OPEN_TARGETS""]"
glucose metabolism disease,EFO_0009406,EFO,disease / other candidate,ASSOCIATED_WITH,0.12728465309755238,385,,,,,,,"[""OPEN_TARGETS""]"
autoimmune disease,EFO_0005140,EFO,disease / other candidate,ASSOCIATED_WITH,0.12701496068416554,260,,,,,,,"[""OPEN_TARGETS""]"
bile duct carcinoma,EFO_0005540,EFO,disease / other candidate,ASSOCIATED_WITH,0.12679271684026416,31,,,,,,,"[""OPEN_TARGETS""]"
bile duct cancer,MONDO_0003059,MONDO,disease / other candidate,ASSOCIATED_WITH,0.12679271684026416,31,,,,,,,"[""OPEN_TARGETS""]"
bile duct neoplasm,MONDO_0021662,MONDO,disease / other candidate,ASSOCIATED_WITH,0.12679271684026416,31,,,,,,,"[""OPEN_TARGETS""]"
kidney disease,EFO_0003086,EFO,disease / other candidate,ASSOCIATED_WITH,0.12592923146643917,541,,,,,,,"[""OPEN_TARGETS""]"
pancreas disease,EFO_0009605,EFO,disease / other candidate,ASSOCIATED_WITH,0.12577107466162257,475,,,,,,,"[""OPEN_TARGETS""]"
colorectal cancer,MONDO_0005575,MONDO,disease / other candidate,ASSOCIATED_WITH,0.12570526947007707,164,,,,,,,"[""OPEN_TARGETS""]"
hematopoietic and lymphoid system neoplasm,MONDO_0002334,MONDO,disease / other candidate,ASSOCIATED_WITH,0.12541278171124012,369,,,,,,,"[""OPEN_TARGETS""]"
intestinal neoplasm,MONDO_0021118,MONDO,disease / other candidate,ASSOCIATED_WITH,0.12536802978876904,173,,,,,,,"[""OPEN_TARGETS""]"
colorectal neoplasm,EFO_0004142,EFO,disease / other candidate,ASSOCIATED_WITH,0.12536053024571736,171,,,,,,,"[""OPEN_TARGETS""]"
intestinal cancer,EFO_0007330,EFO,disease / other candidate,ASSOCIATED_WITH,0.12535935453634814,163,,,,,,,"[""OPEN_TARGETS""]"
hematopoietic and lymphoid cell neoplasm,MONDO_0044881,MONDO,disease / other candidate,ASSOCIATED_WITH,0.12459569463840733,317,,,,,,,"[""OPEN_TARGETS""]"
endocrine pancreas disorder,MONDO_0001933,MONDO,disease / other candidate,ASSOCIATED_WITH,0.12417629051452062,387,,,,,,,"[""OPEN_TARGETS""]"
diabetes mellitus,EFO_0000400,EFO,disease / other candidate,ASSOCIATED_WITH,0.12417495196909274,374,,,,,,,"[""OPEN_TARGETS""]"
gonadal disorder,MONDO_0002259,MONDO,disease / other candidate,ASSOCIATED_WITH,0.12335344510570266,134,,,,,,,"[""OPEN_TARGETS""]"
viral disease,EFO_0000763,EFO,disease / other candidate,ASSOCIATED_WITH,0.12328445940962963,288,,,,,,,"[""OPEN_TARGETS""]"
inflammatory bowel disease,EFO_0003767,EFO,disease / other candidate,ASSOCIATED_WITH,0.12277150712206297,103,,,,,,,"[""OPEN_TARGETS""]"
Rare genetic tumor,Orphanet_68336,Orphanet,disease / other candidate,ASSOCIATED_WITH,0.12205199258379111,213,,,,,,,"[""OPEN_TARGETS""]"
primary viral infectious disease,MONDO_0100329,MONDO,disease / other candidate,ASSOCIATED_WITH,0.12187847164131764,231,,,,,,,"[""OPEN_TARGETS""]"
ovarian disease,EFO_0005771,EFO,disease / other candidate,ASSOCIATED_WITH,0.12169925075261116,111,,,,,,,"[""OPEN_TARGETS""]"
Genetic tumor of hematopoietic and lymphoid tissues,Orphanet_322126,Orphanet,disease / other candidate,ASSOCIATED_WITH,0.12164689347803254,199,,,,,,,"[""OPEN_TARGETS""]"
lymphoid hemopathy,MONDO_0015757,MONDO,disease / other candidate,ASSOCIATED_WITH,0.12081533793196847,173,,,,,,,"[""OPEN_TARGETS""]"
lymphoid neoplasm,EFO_0001642,EFO,disease / other candidate,ASSOCIATED_WITH,0.12081519136623661,170,,,,,,,"[""OPEN_TARGETS""]"
lymphoma,EFO_0000574,EFO,disease / other candidate,ASSOCIATED_WITH,0.12081453716707893,168,,,,,,,"[""OPEN_TARGETS""]"
hypersensitivity reaction disease,EFO_1002003,EFO,disease / other candidate,ASSOCIATED_WITH,0.11976421272726635,259,,,,,,,"[""OPEN_TARGETS""]"
type II hypersensitivity reaction disease,EFO_0005809,EFO,disease / other candidate,ASSOCIATED_WITH,0.11965936206839516,186,,,,,,,"[""OPEN_TARGETS""]"
non-alcoholic steatohepatitis,EFO_1001249,EFO,disease / other candidate,ASSOCIATED_WITH,0.11832214718359908,105,,,,,,,"[""OPEN_TARGETS""]"
non-Hodgkins lymphoma,EFO_0005952,EFO,disease / other candidate,ASSOCIATED_WITH,0.11766896928748803,109,,,,,,,"[""OPEN_TARGETS""]"
connective tissue neoplasm,MONDO_0021581,MONDO,disease / other candidate,ASSOCIATED_WITH,0.11752724981857224,198,,,,,,,"[""OPEN_TARGETS""]"
bone neoplasm,EFO_0003820,EFO,disease / other candidate,ASSOCIATED_WITH,0.11752648526047557,190,,,,,,,"[""OPEN_TARGETS""]"
cardiac arrhythmia,EFO_0004269,EFO,disease / other candidate,ASSOCIATED_WITH,0.11750168774457574,185,,,,,,,"[""OPEN_TARGETS""]"
cardiac rhythm disease,MONDO_0007263,MONDO,disease / other candidate,ASSOCIATED_WITH,0.11749690011249028,177,,,,,,,"[""OPEN_TARGETS""]"
atrial fibrillation,EFO_0000275,EFO,disease / other candidate,ASSOCIATED_WITH,0.11749532810116906,171,,,,,,,"[""OPEN_TARGETS""]"
hereditary skin disorder,MONDO_0100118,MONDO,disease / other candidate,ASSOCIATED_WITH,0.11702345477800805,98,,,,,,,"[""OPEN_TARGETS""]"
melanoma,EFO_0000756,EFO,disease / other candidate,ASSOCIATED_WITH,0.11627802521854765,190,,,,,,,"[""OPEN_TARGETS""]"
melanocytic neoplasm,MONDO_0021143,MONDO,disease / other candidate,ASSOCIATED_WITH,0.11627802521854765,190,,,,,,,"[""OPEN_TARGETS""]"
arterial disorder,MONDO_0000473,MONDO,disease / other candidate,ASSOCIATED_WITH,0.11623079140335328,514,,,,,,,"[""OPEN_TARGETS""]"
male reproductive system disease,EFO_0009555,EFO,disease / other candidate,ASSOCIATED_WITH,0.11621725512842769,203,,,,,,,"[""OPEN_TARGETS""]"
dermatitis,MONDO_0002406,MONDO,disease / other candidate,ASSOCIATED_WITH,0.11620898002666119,89,,,,,,,"[""OPEN_TARGETS""]"
autosomal genetic disease,MONDO_0000429,MONDO,disease / other candidate,ASSOCIATED_WITH,0.11577793414914182,133,,,,,,,"[""OPEN_TARGETS""]"
thoracic cancer,MONDO_0003274,MONDO,disease / other candidate,ASSOCIATED_WITH,0.11548988850807632,505,,,,,,,"[""OPEN_TARGETS""]"
cognitive disorder,MONDO_0002039,MONDO,disease / other candidate,ASSOCIATED_WITH,0.11504089708772747,207,,,,,,,"[""OPEN_TARGETS""]"
muscle tissue disorder,MONDO_0003939,MONDO,disease / other candidate,ASSOCIATED_WITH,0.11503234728696542,205,,,,,,,"[""OPEN_TARGETS""]"
respiratory system cancer,MONDO_0000376,MONDO,disease / other candidate,ASSOCIATED_WITH,0.11455750295178585,207,,,,,,,"[""OPEN_TARGETS""]"
dementia,MONDO_0001627,MONDO,disease / other candidate,ASSOCIATED_WITH,0.11450758654645206,183,,,,,,,"[""OPEN_TARGETS""]"
lung carcinoma,EFO_0001071,EFO,disease / other candidate,ASSOCIATED_WITH,0.11431732426106413,114,,,,,,,"[""OPEN_TARGETS""]"
autosomal recessive disease,EFO_1000017,EFO,disease / other candidate,ASSOCIATED_WITH,0.11405403905096324,90,,,,,,,"[""OPEN_TARGETS""]"
cholangiocarcinoma,EFO_0005221,EFO,disease / other candidate,ASSOCIATED_WITH,0.11380163925265456,29,,,,,,,"[""OPEN_TARGETS""]"
extrahepatic bile duct adenocarcinoma,MONDO_0002665,MONDO,disease / other candidate,ASSOCIATED_WITH,0.11380163925265456,29,,,,,,,"[""OPEN_TARGETS""]"
extrahepatic bile duct carcinoma,MONDO_0003090,MONDO,disease / other candidate,ASSOCIATED_WITH,0.11380163925265456,29,,,,,,,"[""OPEN_TARGETS""]"
bile duct adenocarcinoma,MONDO_0003193,MONDO,disease / other candidate,ASSOCIATED_WITH,0.11380163925265456,29,,,,,,,"[""OPEN_TARGETS""]"
adenocarcinoma of gallbladder and extrahepatic biliary tract,MONDO_0018536,MONDO,disease / other candidate,ASSOCIATED_WITH,0.11380163925265456,29,,,,,,,"[""OPEN_TARGETS""]"
carcinoma of gallbladder and extrahepatic biliary tract,MONDO_0018918,MONDO,disease / other candidate,ASSOCIATED_WITH,0.11380163925265456,29,,,,,,,"[""OPEN_TARGETS""]"
malignant tumor of extrahepatic bile duct,MONDO_0021321,MONDO,disease / other candidate,ASSOCIATED_WITH,0.11380163925265456,29,,,,,,,"[""OPEN_TARGETS""]"
extrahepatic bile duct neoplasm,MONDO_0021385,MONDO,disease / other candidate,ASSOCIATED_WITH,0.11380163925265456,29,,,,,,,"[""OPEN_TARGETS""]"
leukemia,EFO_0000565,EFO,disease / other candidate,ASSOCIATED_WITH,0.11342347382723755,176,,,,,,,"[""OPEN_TARGETS""]"
fungal infectious disease,MONDO_0002041,MONDO,disease / other candidate,ASSOCIATED_WITH,0.1133536988706785,47,,,,,,,"[""OPEN_TARGETS""]"
inborn errors of metabolism,MONDO_0019052,MONDO,disease / other candidate,ASSOCIATED_WITH,0.11320792254153146,177,,,,,,,"[""OPEN_TARGETS""]"
lung cancer,MONDO_0008903,MONDO,disease / other candidate,ASSOCIATED_WITH,0.11313079679317378,179,,,,,,,"[""OPEN_TARGETS""]"
Acute Leukemia,EFO_1000068,EFO,disease / other candidate,ASSOCIATED_WITH,0.11304506317463929,118,,,,,,,"[""OPEN_TARGETS""]"
Coronaviridae infectious disease,EFO_0007223,EFO,disease / other candidate,ASSOCIATED_WITH,0.11303127906640317,101,,,,,,,"[""OPEN_TARGETS""]"
Nidovirales infectious disease,EFO_0007396,EFO,disease / other candidate,ASSOCIATED_WITH,0.11303127906640317,101,,,,,,,"[""OPEN_TARGETS""]"
Orthocoronavirinae infectious disease,MONDO_0020753,MONDO,disease / other candidate,ASSOCIATED_WITH,0.11302923710528466,99,,,,,,,"[""OPEN_TARGETS""]"
COVID-19,MONDO_0100096,MONDO,disease / other candidate,ASSOCIATED_WITH,0.11302923710528466,99,,,,,,,"[""OPEN_TARGETS""]"
tauopathy,EFO_0005815,EFO,disease / other candidate,ASSOCIATED_WITH,0.11205405243403506,144,,,,,,,"[""OPEN_TARGETS""]"
Alzheimer disease,MONDO_0004975,MONDO,disease / other candidate,ASSOCIATED_WITH,0.11177856788015123,138,,,,,,,"[""OPEN_TARGETS""]"
upper respiratory tract disorder,MONDO_0004867,MONDO,disease / other candidate,ASSOCIATED_WITH,0.11156547092463394,85,,,,,,,"[""OPEN_TARGETS""]"
nervous system neoplasm,MONDO_0021248,MONDO,disease / other candidate,ASSOCIATED_WITH,0.11140304573009101,293,,,,,,,"[""OPEN_TARGETS""]"
Central Nervous System Neoplasm,EFO_1000158,EFO,disease / other candidate,ASSOCIATED_WITH,0.11128793029004475,243,,,,,,,"[""OPEN_TARGETS""]"
fibrosis,EFO_0006890,EFO,disease / other candidate,ASSOCIATED_WITH,0.11119927758910052,386,,,,,,,"[""OPEN_TARGETS""]"
thyroid disease,EFO_1000627,EFO,disease / other candidate,ASSOCIATED_WITH,0.11089188678764937,851,,,,,,,"[""OPEN_TARGETS""]"
thyroid neoplasm,EFO_0003841,EFO,disease / other candidate,ASSOCIATED_WITH,0.11084911452950003,651,,,,,,,"[""OPEN_TARGETS""]"
thyroid cancer,MONDO_0002108,MONDO,disease / other candidate,ASSOCIATED_WITH,0.11083008717239293,502,,,,,,,"[""OPEN_TARGETS""]"
pregnancy or perinatal disease,OTAR_0000014,OTAR,disease / other candidate,ASSOCIATED_WITH,0.11074624178973709,64,,,,,,,"[""OPEN_TARGETS""]"
pregnancy disorder,EFO_0009682,EFO,disease / other candidate,ASSOCIATED_WITH,0.11072368679484099,62,,,,,,,"[""OPEN_TARGETS""]"
obstetric disorder,MONDO_0700003,MONDO,disease / other candidate,ASSOCIATED_WITH,0.11072368679484099,62,,,,,,,"[""OPEN_TARGETS""]"
high grade malignant neoplasm,MONDO_0020665,MONDO,disease / other candidate,ASSOCIATED_WITH,0.11066017854413229,101,,,,,,,"[""OPEN_TARGETS""]"
neuroepithelial neoplasm,MONDO_0021193,MONDO,disease / other candidate,ASSOCIATED_WITH,0.11055236354661388,190,,,,,,,"[""OPEN_TARGETS""]"
glioma,EFO_0005543,EFO,disease / other candidate,ASSOCIATED_WITH,0.11040478186749647,157,,,,,,,"[""OPEN_TARGETS""]"
reproductive system neoplasm,EFO_1000051,EFO,disease / other candidate,ASSOCIATED_WITH,0.11033529014415848,395,,,,,,,"[""OPEN_TARGETS""]"
autoimmune disorder of musculoskeletal system,MONDO_0000589,MONDO,disease / other candidate,ASSOCIATED_WITH,0.10998777441526841,49,,,,,,,"[""OPEN_TARGETS""]"
type 2 diabetes mellitus,MONDO_0005148,MONDO,disease / other candidate,ASSOCIATED_WITH,0.1099668266296309,122,,,,,,,"[""OPEN_TARGETS""]"
developmental defect during embryogenesis,MONDO_0019755,MONDO,disease / other candidate,ASSOCIATED_WITH,0.1098560545073029,137,,,,,,,"[""OPEN_TARGETS""]"
papillary thyroid carcinoma,EFO_0000641,EFO,disease / other candidate,ASSOCIATED_WITH,0.1098095383539373,191,,,,,,,"[""OPEN_TARGETS""]"
reproductive system cancer,MONDO_0002149,MONDO,disease / other candidate,ASSOCIATED_WITH,0.10973827398534333,310,,,,,,,"[""OPEN_TARGETS""]"
bone marrow disorder,MONDO_0003225,MONDO,disease / other candidate,ASSOCIATED_WITH,0.10960508432022445,107,,,,,,,"[""OPEN_TARGETS""]"
non-small cell lung carcinoma,EFO_0003060,EFO,disease / other candidate,ASSOCIATED_WITH,0.10945598252388855,93,,,,,,,"[""OPEN_TARGETS""]"
inherited neurodegenerative disorder,MONDO_0024237,MONDO,disease / other candidate,ASSOCIATED_WITH,0.10895857612067937,108,,,,,,,"[""OPEN_TARGETS""]"
pancreatic neoplasm,EFO_0003860,EFO,disease / other candidate,ASSOCIATED_WITH,0.10877904298208808,71,,,,,,,"[""OPEN_TARGETS""]"
hypertension,EFO_0000537,EFO,disease / other candidate,ASSOCIATED_WITH,0.1087714524687477,112,,,,,,,"[""OPEN_TARGETS""]"
leukocyte disorder,MONDO_0004805,MONDO,disease / other candidate,ASSOCIATED_WITH,0.10866301787913288,176,,,,,,,"[""OPEN_TARGETS""]"
respiratory tract infectious disorder,MONDO_0024355,MONDO,disease / other candidate,ASSOCIATED_WITH,0.1086188696804569,49,,,,,,,"[""OPEN_TARGETS""]"
lymphoid leukemia,EFO_0004289,EFO,disease / other candidate,ASSOCIATED_WITH,0.10857367733405973,43,,,,,,,"[""OPEN_TARGETS""]"
acute lymphoblastic leukemia,EFO_0000220,EFO,disease / other candidate,ASSOCIATED_WITH,0.1085383860303969,39,,,,,,,"[""OPEN_TARGETS""]"
neoplasm of immature B and T cells,EFO_0002425,EFO,disease / other candidate,ASSOCIATED_WITH,0.1085383860303969,39,,,,,,,"[""OPEN_TARGETS""]"
precursor lymphoblastic lymphoma/leukemia,EFO_0009119,EFO,disease / other candidate,ASSOCIATED_WITH,0.1085383860303969,39,,,,,,,"[""OPEN_TARGETS""]"
thyroid carcinoma,EFO_0002892,EFO,disease / other candidate,ASSOCIATED_WITH,0.10848181760207184,363,,,,,,,"[""OPEN_TARGETS""]"
tracheal disorder,MONDO_0002567,MONDO,disease / other candidate,ASSOCIATED_WITH,0.10842974947924118,50,,,,,,,"[""OPEN_TARGETS""]"
chronic lung disease,EFO_0009910,EFO,disease / other candidate,ASSOCIATED_WITH,0.10842539130126354,47,,,,,,,"[""OPEN_TARGETS""]"
chronic obstructive pulmonary disease,EFO_0000341,EFO,disease / other candidate,ASSOCIATED_WITH,0.1084225032630309,46,,,,,,,"[""OPEN_TARGETS""]"
differentiated thyroid carcinoma,EFO_1002017,EFO,disease / other candidate,ASSOCIATED_WITH,0.10821310143367648,281,,,,,,,"[""OPEN_TARGETS""]"
thyroid gland adenocarcinoma,MONDO_0024622,MONDO,disease / other candidate,ASSOCIATED_WITH,0.10820987167942991,266,,,,,,,"[""OPEN_TARGETS""]"
papillary epithelial neoplasm,MONDO_0021096,MONDO,disease / other candidate,ASSOCIATED_WITH,0.10808159154370556,251,,,,,,,"[""OPEN_TARGETS""]"
papillary carcinoma,EFO_1000646,EFO,disease / other candidate,ASSOCIATED_WITH,0.10808080908343284,250,,,,,,,"[""OPEN_TARGETS""]"
papillary adenocarcinoma,MONDO_0002512,MONDO,disease / other candidate,ASSOCIATED_WITH,0.10802585547193656,190,,,,,,,"[""OPEN_TARGETS""]"
astrocytoma,EFO_0000272,EFO,disease / other candidate,ASSOCIATED_WITH,0.10762657614065436,52,,,,,,,"[""OPEN_TARGETS""]"
myeloid hemopathy,MONDO_0015756,MONDO,disease / other candidate,ASSOCIATED_WITH,0.10665722300429559,106,,,,,,,"[""OPEN_TARGETS""]"
stomach disease,EFO_0009608,EFO,disease / other candidate,ASSOCIATED_WITH,0.10648865112203505,113,,,,,,,"[""OPEN_TARGETS""]"
stomach neoplasm,EFO_0003897,EFO,disease / other candidate,ASSOCIATED_WITH,0.10646994061786025,107,,,,,,,"[""OPEN_TARGETS""]"
gastric cancer,MONDO_0001056,MONDO,disease / other candidate,ASSOCIATED_WITH,0.10646081167952492,99,1,0,0.392,0.846,2006,2016,"[""OPEN_TARGETS"", ""DISGENET""]"
inflammatory skin disease,EFO_1000636,EFO,disease / other candidate,ASSOCIATED_WITH,0.10629232405116472,56,,,,,,,"[""OPEN_TARGETS""]"
psoriasis,EFO_0000676,EFO,disease / other candidate,ASSOCIATED_WITH,0.10614685538704725,34,,,,,,,"[""OPEN_TARGETS""]"
musculoskeletal system cancer,MONDO_0000637,MONDO,disease / other candidate,ASSOCIATED_WITH,0.10612488414129324,146,,,,,,,"[""OPEN_TARGETS""]"
Malignant Bone Neoplasm,EFO_1000350,EFO,disease / other candidate,ASSOCIATED_WITH,0.10608394028614326,139,,,,,,,"[""OPEN_TARGETS""]"
astrocytic tumor,MONDO_0021636,MONDO,disease / other candidate,ASSOCIATED_WITH,0.10602907552147713,91,,,,,,,"[""OPEN_TARGETS""]"
colorectal carcinoma,EFO_1001951,EFO,disease / other candidate,ASSOCIATED_WITH,0.10546107849181893,80,,,,,,,"[""OPEN_TARGETS""]"
developmental anomaly of metabolic origin,MONDO_0015327,MONDO,disease / other candidate,ASSOCIATED_WITH,0.10529656309480157,31,,,,,,,"[""OPEN_TARGETS""]"
sarcoma,EFO_0000691,EFO,disease / other candidate,ASSOCIATED_WITH,0.10484260881077315,91,,,,,,,"[""OPEN_TARGETS""]"
nervous system cancer,EFO_0007392,EFO,disease / other candidate,ASSOCIATED_WITH,0.10466147191239537,116,,,,,,,"[""OPEN_TARGETS""]"
Rare genetic eye disease,Orphanet_101435,Orphanet,disease / other candidate,ASSOCIATED_WITH,0.10462654353082348,45,,,,,,,"[""OPEN_TARGETS""]"
coronary artery disease,EFO_0001645,EFO,disease / other candidate,ASSOCIATED_WITH,0.10453986065653985,178,,,,,,,"[""OPEN_TARGETS""]"
central nervous system cancer,EFO_0000326,EFO,disease / other candidate,ASSOCIATED_WITH,0.10451233183651044,96,,,,,,,"[""OPEN_TARGETS""]"
colonic disorder,MONDO_0003409,MONDO,disease / other candidate,ASSOCIATED_WITH,0.1044898728315306,115,,,,,,,"[""OPEN_TARGETS""]"
hereditary dementia,MONDO_0015547,MONDO,disease / other candidate,ASSOCIATED_WITH,0.10441382380995307,47,,,,,,,"[""OPEN_TARGETS""]"
malignant glioma,MONDO_0100342,MONDO,disease / other candidate,ASSOCIATED_WITH,0.10431763660412728,86,,,,,,,"[""OPEN_TARGETS""]"
colitis,EFO_0003872,EFO,disease / other candidate,ASSOCIATED_WITH,0.1041119632451842,77,,,,,,,"[""OPEN_TARGETS""]"
gastroenteritis,EFO_1001463,EFO,disease / other candidate,ASSOCIATED_WITH,0.1041119632451842,77,,,,,,,"[""OPEN_TARGETS""]"
glioblastoma multiforme,EFO_0000519,EFO,disease / other candidate,ASSOCIATED_WITH,0.10387809431594941,31,,,,,,,"[""OPEN_TARGETS""]"
uterine disorder,MONDO_0002654,MONDO,disease / other candidate,ASSOCIATED_WITH,0.10387660708607506,118,,,,,,,"[""OPEN_TARGETS""]"
high grade astrocytic tumor,MONDO_0016680,MONDO,disease / other candidate,ASSOCIATED_WITH,0.10382993541754348,72,,,,,,,"[""OPEN_TARGETS""]"
breast disease,EFO_0009483,EFO,disease / other candidate,ASSOCIATED_WITH,0.10370626443750615,329,,,,,,,"[""OPEN_TARGETS""]"
breast neoplasm,EFO_0003869,EFO,disease / other candidate,ASSOCIATED_WITH,0.10370601944165145,325,,,,,,,"[""OPEN_TARGETS""]"
intrahepatic cholangiocarcinoma,EFO_1001961,EFO,disease / other candidate,ASSOCIATED_WITH,0.10362121348436075,16,,,,,,,"[""OPEN_TARGETS""]"
intrahepatic bile duct cancer,MONDO_0001487,MONDO,disease / other candidate,ASSOCIATED_WITH,0.10362121348436075,16,,,,,,,"[""OPEN_TARGETS""]"
integumentary system cancer,MONDO_0000653,MONDO,disease / other candidate,ASSOCIATED_WITH,0.10333982270784599,335,,,,,,,"[""OPEN_TARGETS""]"
breast cancer,MONDO_0007254,MONDO,disease / other candidate,ASSOCIATED_WITH,0.10333590264913751,307,,,,,,,"[""OPEN_TARGETS""]"
prostate disease,EFO_0009602,EFO,disease / other candidate,ASSOCIATED_WITH,0.10275288610038917,175,,,,,,,"[""OPEN_TARGETS""]"
prostate neoplasm,MONDO_0021259,MONDO,disease / other candidate,ASSOCIATED_WITH,0.10274482825956391,164,,,,,,,"[""OPEN_TARGETS""]"
posterior cortical atrophy,MONDO_0018899,MONDO,disease / other candidate,ASSOCIATED_WITH,0.10270651406633137,31,,,,,,,"[""OPEN_TARGETS""]"
male reproductive system neoplasm,MONDO_0024582,MONDO,disease / other candidate,ASSOCIATED_WITH,0.10257146866281242,152,,,,,,,"[""OPEN_TARGETS""]"
male reproductive organ cancer,EFO_0007355,EFO,disease / other candidate,ASSOCIATED_WITH,0.102570698251296,149,,,,,,,"[""OPEN_TARGETS""]"
prostate cancer,MONDO_0008315,MONDO,disease / other candidate,ASSOCIATED_WITH,0.10256488748192598,148,,,,,,,"[""OPEN_TARGETS""]"
autoinflammatory syndrome,MONDO_0019751,MONDO,disease / other candidate,ASSOCIATED_WITH,0.1022494444970261,30,,,,,,,"[""OPEN_TARGETS""]"
post-infectious disorder,MONDO_0021669,MONDO,disease / other candidate,ASSOCIATED_WITH,0.10219414436830922,52,,,,,,,"[""OPEN_TARGETS""]"
encephalomyelitis,EFO_0001423,EFO,disease / other candidate,ASSOCIATED_WITH,0.10210242337409536,58,,,,,,,"[""OPEN_TARGETS""]"
experimental autoimmune encephalomyelitis,EFO_0001066,EFO,disease / other candidate,ASSOCIATED_WITH,0.10197178690890916,45,,,,,,,"[""OPEN_TARGETS""]"
animal disease,EFO_0005932,EFO,disease / other candidate,ASSOCIATED_WITH,0.10197178690890916,45,,,,,,,"[""OPEN_TARGETS""]"
"nervous system disorder, non-human animal",MONDO_1011336,MONDO,disease / other candidate,ASSOCIATED_WITH,0.10197178690890916,45,,,,,,,"[""OPEN_TARGETS""]"
neuropathy,EFO_0004149,EFO,disease / other candidate,ASSOCIATED_WITH,0.10151357589033082,75,,,,,,,"[""OPEN_TARGETS""]"
neuromuscular disease,EFO_1001902,EFO,disease / other candidate,ASSOCIATED_WITH,0.10151305501925191,74,,,,,,,"[""OPEN_TARGETS""]"
digestive system infectious disorder,MONDO_0043424,MONDO,disease / other candidate,ASSOCIATED_WITH,0.10145756169545454,84,,,,,,,"[""OPEN_TARGETS""]"
hereditary neuromuscular disease,MONDO_0100546,MONDO,disease / other candidate,ASSOCIATED_WITH,0.10143800555554847,53,,,,,,,"[""OPEN_TARGETS""]"
head and neck neoplasia,EFO_0005950,EFO,disease / other candidate,ASSOCIATED_WITH,0.10135631665899746,148,,,,,,,"[""OPEN_TARGETS""]"
preeclampsia,EFO_0000668,EFO,disease / other candidate,ASSOCIATED_WITH,0.10114941368995284,21,,,,,,,"[""OPEN_TARGETS""]"
"hypertension, pregnancy-induced",MONDO_0024664,MONDO,disease / other candidate,ASSOCIATED_WITH,0.10114941368995284,21,,,,,,,"[""OPEN_TARGETS""]"
toxemia of pregnancy,MONDO_0045048,MONDO,disease / other candidate,ASSOCIATED_WITH,0.10114941368995284,21,,,,,,,"[""OPEN_TARGETS""]"
cardiomyopathy,EFO_0000318,EFO,disease / other candidate,ASSOCIATED_WITH,0.10089781968294637,123,,,,,,,"[""OPEN_TARGETS""]"
DNA repair deficiency,EFO_0008499,EFO,disease / other candidate,ASSOCIATED_WITH,0.10064851594748464,9,,,,,,,"[""OPEN_TARGETS""]"
intrinsic cardiomyopathy,MONDO_0000591,MONDO,disease / other candidate,ASSOCIATED_WITH,0.10056842889439639,64,,,,,,,"[""OPEN_TARGETS""]"
virus associated tumor,MONDO_0017341,MONDO,disease / other candidate,ASSOCIATED_WITH,0.09983890827342606,38,,,,,,,"[""OPEN_TARGETS""]"
Epstein-Barr virus-related tumor,MONDO_0017342,MONDO,disease / other candidate,ASSOCIATED_WITH,0.09966194023547412,32,,,,,,,"[""OPEN_TARGETS""]"
movement disorder,EFO_0004280,EFO,disease / other candidate,ASSOCIATED_WITH,0.09965076447203115,77,,,,,,,"[""OPEN_TARGETS""]"
basal ganglia disease,EFO_0009533,EFO,disease / other candidate,ASSOCIATED_WITH,0.0995718401218549,36,,,,,,,"[""OPEN_TARGETS""]"
parkinsonian disorder,MONDO_0021095,MONDO,disease / other candidate,ASSOCIATED_WITH,0.0995718401218549,36,,,,,,,"[""OPEN_TARGETS""]"
Parkinson disease,MONDO_0005180,MONDO,disease / other candidate,ASSOCIATED_WITH,0.09948303786558442,35,,,,,,,"[""OPEN_TARGETS""]"
lymphatic system disease,EFO_0007352,EFO,disease / other candidate,ASSOCIATED_WITH,0.09928920039422394,116,,,,,,,"[""OPEN_TARGETS""]"
lymphoid system disorder,MONDO_0044986,MONDO,disease / other candidate,ASSOCIATED_WITH,0.09928920039422394,116,,,,,,,"[""OPEN_TARGETS""]"
immune system cancer,MONDO_0000621,MONDO,disease / other candidate,ASSOCIATED_WITH,0.09917861812849656,176,,,,,,,"[""OPEN_TARGETS""]"
myeloid neoplasm,EFO_0002427,EFO,disease / other candidate,ASSOCIATED_WITH,0.09899336627637448,126,,,,,,,"[""OPEN_TARGETS""]"
gestational diabetes,EFO_0004593,EFO,disease / other candidate,ASSOCIATED_WITH,0.09898304050999387,16,,,,,,,"[""OPEN_TARGETS""]"
chronic myeloproliferative disorder,EFO_0002428,EFO,disease / other candidate,ASSOCIATED_WITH,0.09897550572467406,105,,,,,,,"[""OPEN_TARGETS""]"
bone marrow neoplasm,MONDO_0005374,MONDO,disease / other candidate,ASSOCIATED_WITH,0.09897550572467406,105,,,,,,,"[""OPEN_TARGETS""]"
bone marrow cancer,MONDO_0021138,MONDO,disease / other candidate,ASSOCIATED_WITH,0.09897550572467406,105,,,,,,,"[""OPEN_TARGETS""]"
endometrial disorder,MONDO_0000931,MONDO,disease / other candidate,ASSOCIATED_WITH,0.09896493532011433,56,,,,,,,"[""OPEN_TARGETS""]"
myeloid leukemia,MONDO_0004643,MONDO,disease / other candidate,ASSOCIATED_WITH,0.09891185436362537,100,,,,,,,"[""OPEN_TARGETS""]"
female reproductive system neoplasm,MONDO_0021148,MONDO,disease / other candidate,ASSOCIATED_WITH,0.09876185180136812,178,,,,,,,"[""OPEN_TARGETS""]"
"Genital neoplasm, female",EFO_1001331,EFO,disease / other candidate,ASSOCIATED_WITH,0.09853124860186613,156,,,,,,,"[""OPEN_TARGETS""]"
precancerous condition,MONDO_0021074,MONDO,disease / other candidate,ASSOCIATED_WITH,0.09838280243726809,28,,,,,,,"[""OPEN_TARGETS""]"
acute myeloid leukemia,EFO_0000222,EFO,disease / other candidate,ASSOCIATED_WITH,0.0981744147668301,77,,,,,,,"[""OPEN_TARGETS""]"
interstitial lung disease,EFO_0004244,EFO,disease / other candidate,ASSOCIATED_WITH,0.09809632406916062,155,,,,,,,"[""OPEN_TARGETS""]"
pulmonary fibrosis,EFO_0009448,EFO,disease / other candidate,ASSOCIATED_WITH,0.09802859093181775,137,,,,,,,"[""OPEN_TARGETS""]"
endometriosis,EFO_0001065,EFO,disease / other candidate,ASSOCIATED_WITH,0.09771746522463558,25,,,,,,,"[""OPEN_TARGETS""]"
head and neck malignant neoplasia,EFO_0006859,EFO,disease / other candidate,ASSOCIATED_WITH,0.09752083451562273,93,,,,,,,"[""OPEN_TARGETS""]"
head and neck carcinoma,MONDO_0002038,MONDO,disease / other candidate,ASSOCIATED_WITH,0.09728416023744474,67,,,,,,,"[""OPEN_TARGETS""]"
idiopathic pulmonary fibrosis,EFO_0000768,EFO,disease / other candidate,ASSOCIATED_WITH,0.09701109518881544,50,,,,,,,"[""OPEN_TARGETS""]"
myocardial disorder,MONDO_0024643,MONDO,disease / other candidate,ASSOCIATED_WITH,0.09651212850714212,321,,,,,,,"[""OPEN_TARGETS""]"
in situ carcinoma,MONDO_0004647,MONDO,disease / other candidate,ASSOCIATED_WITH,0.09639253457715924,15,,,,,,,"[""OPEN_TARGETS""]"
hypertrophic cardiomyopathy,EFO_0000538,EFO,disease / other candidate,ASSOCIATED_WITH,0.09620819849949723,31,,,,,,,"[""OPEN_TARGETS""]"
myocardial infarction,EFO_0000612,EFO,disease / other candidate,ASSOCIATED_WITH,0.09620273223857889,234,1,0,0.392,0.846,2017,2019,"[""OPEN_TARGETS"", ""DISGENET""]"
muscular disease,EFO_0002970,EFO,disease / other candidate,ASSOCIATED_WITH,0.09607159685304661,71,,,,,,,"[""OPEN_TARGETS""]"
polycystic ovary syndrome,EFO_0000660,EFO,disease / other candidate,ASSOCIATED_WITH,0.09589250401952701,9,,,,,,,"[""OPEN_TARGETS""]"
corneal disease,EFO_0009464,EFO,disease / other candidate,ASSOCIATED_WITH,0.09579149794360542,24,,,,,,,"[""OPEN_TARGETS""]"
skeletal dysplasia,MONDO_0018230,MONDO,disease / other candidate,ASSOCIATED_WITH,0.09561256945856791,70,,,,,,,"[""OPEN_TARGETS""]"
keratitis,EFO_0009449,EFO,disease / other candidate,ASSOCIATED_WITH,0.09549289102383296,14,,,,,,,"[""OPEN_TARGETS""]"
developmental disorder of mental health,EFO_0005548,EFO,disease / other candidate,ASSOCIATED_WITH,0.09543582777393804,23,,,,,,,"[""OPEN_TARGETS""]"
aortic disease,EFO_0005775,EFO,disease / other candidate,ASSOCIATED_WITH,0.09531395032280086,44,,,,,,,"[""OPEN_TARGETS""]"
heart valve disease,EFO_0009551,EFO,disease / other candidate,ASSOCIATED_WITH,0.0951966017229586,39,,,,,,,"[""OPEN_TARGETS""]"
B-cell neoplasm,MONDO_0004095,MONDO,disease / other candidate,ASSOCIATED_WITH,0.09517497158021951,83,,,,,,,"[""OPEN_TARGETS""]"
aortic valve disease,EFO_0009531,EFO,disease / other candidate,ASSOCIATED_WITH,0.09513909595399901,34,,,,,,,"[""OPEN_TARGETS""]"
cardiac ventricle disorder,MONDO_0045001,MONDO,disease / other candidate,ASSOCIATED_WITH,0.09513909595399901,34,,,,,,,"[""OPEN_TARGETS""]"
aortic stenosis,EFO_0000266,EFO,disease / other candidate,ASSOCIATED_WITH,0.09512079979730641,31,,,,,,,"[""OPEN_TARGETS""]"
breast carcinoma,EFO_0000305,EFO,disease / other candidate,ASSOCIATED_WITH,0.09495413219633574,98,,,,,,,"[""OPEN_TARGETS""]"
B-cell non-Hodgkins lymphoma,EFO_1001938,EFO,disease / other candidate,ASSOCIATED_WITH,0.09477187935201256,60,,,,,,,"[""OPEN_TARGETS""]"
chronic kidney disease,EFO_0003884,EFO,disease / other candidate,ASSOCIATED_WITH,0.09458017676874851,166,,,,,,,"[""OPEN_TARGETS""]"
ulcerative colitis,EFO_0000729,EFO,disease / other candidate,ASSOCIATED_WITH,0.094479881314265,38,,,,,,,"[""OPEN_TARGETS""]"
"injury, poisoning or other complication",OTAR_0000009,OTAR,disease / other candidate,ASSOCIATED_WITH,0.09433636703463337,71,,,,,,,"[""OPEN_TARGETS""]"
multiple congenital anomalies/dysmorphic syndrome,MONDO_0019042,MONDO,disease / other candidate,ASSOCIATED_WITH,0.09405549191360714,76,,,,,,,"[""OPEN_TARGETS""]"
neurovascular disorder,MONDO_0043218,MONDO,disease / other candidate,ASSOCIATED_WITH,0.09394042826166174,117,,,,,,,"[""OPEN_TARGETS""]"
achalasia-alacrima syndrome,MONDO_0800195,MONDO,disease / other candidate,ASSOCIATED_WITH,0.09368201097409322,16,,,,,,,"[""OPEN_TARGETS""]"
acute myocardial infarction,EFO_0008583,EFO,disease / other candidate,ASSOCIATED_WITH,0.0936010886290159,80,,,,,,,"[""OPEN_TARGETS""]"
systemic scleroderma,EFO_0000717,EFO,disease / other candidate,ASSOCIATED_WITH,0.09326332192238843,32,,,,,,,"[""OPEN_TARGETS""]"
scleroderma,EFO_1001993,EFO,disease / other candidate,ASSOCIATED_WITH,0.09326332192238843,32,,,,,,,"[""OPEN_TARGETS""]"
Connective tissue disease with eye involvement,Orphanet_98702,Orphanet,disease / other candidate,ASSOCIATED_WITH,0.09326332192238843,32,,,,,,,"[""OPEN_TARGETS""]"
urinary system neoplasm,MONDO_0021066,MONDO,disease / other candidate,ASSOCIATED_WITH,0.09317735495791728,199,,,,,,,"[""OPEN_TARGETS""]"
kidney neoplasm,EFO_0003865,EFO,disease / other candidate,ASSOCIATED_WITH,0.09299218008888846,137,,,,,,,"[""OPEN_TARGETS""]"
eye infectious disorder,MONDO_0043885,MONDO,disease / other candidate,ASSOCIATED_WITH,0.09291030967557577,7,,,,,,,"[""OPEN_TARGETS""]"
endophthalmitis,MONDO_0016047,MONDO,disease / other candidate,ASSOCIATED_WITH,0.09273374520463643,4,,,,,,,"[""OPEN_TARGETS""]"
corneal infection,MONDO_0023865,MONDO,disease / other candidate,ASSOCIATED_WITH,0.09273374520463643,4,,,,,,,"[""OPEN_TARGETS""]"
fungal infection of eye,MONDO_0020944,MONDO,disease / other candidate,ASSOCIATED_WITH,0.09264135024096526,3,,,,,,,"[""OPEN_TARGETS""]"
arterial occlusive disease,EFO_0009085,EFO,disease / other candidate,ASSOCIATED_WITH,0.09254843340846926,186,,,,,,,"[""OPEN_TARGETS""]"
arteriosclerosis,EFO_0009086,EFO,disease / other candidate,ASSOCIATED_WITH,0.09254843340846926,186,,,,,,,"[""OPEN_TARGETS""]"
atherosclerosis,EFO_0003914,EFO,disease / other candidate,ASSOCIATED_WITH,0.09254839067753451,185,,,,,,,"[""OPEN_TARGETS""]"
arteriosclerosis disorder,MONDO_0002277,MONDO,disease / other candidate,ASSOCIATED_WITH,0.09254839067753451,185,,,,,,,"[""OPEN_TARGETS""]"
inborn error of immunity,MONDO_0003778,MONDO,disease / other candidate,ASSOCIATED_WITH,0.09250734986084991,140,,,,,,,"[""OPEN_TARGETS""]"
immune deficiency disease,MONDO_0009453,MONDO,disease / other candidate,ASSOCIATED_WITH,0.09250734986084991,140,,,,,,,"[""OPEN_TARGETS""]"
injury,EFO_0000546,EFO,disease / other candidate,ASSOCIATED_WITH,0.09246118016937374,62,,,,,,,"[""OPEN_TARGETS""]"
fungal keratitis,MONDO_0033821,MONDO,disease / other candidate,ASSOCIATED_WITH,0.09239496367117546,2,,,,,,,"[""OPEN_TARGETS""]"
pulmonary hypertension,MONDO_0005149,MONDO,disease / other candidate,ASSOCIATED_WITH,0.09224581784338724,79,,,,,,,"[""OPEN_TARGETS""]"
pulmonary arterial hypertension,EFO_0001361,EFO,disease / other candidate,ASSOCIATED_WITH,0.09215947763826883,55,,,,,,,"[""OPEN_TARGETS""]"
metabolic syndrome,EFO_0000195,EFO,disease / other candidate,ASSOCIATED_WITH,0.09078413056003419,32,,,,,,,"[""OPEN_TARGETS""]"
indolent B-cell non-Hodgkin lymphoma,MONDO_0017594,MONDO,disease / other candidate,ASSOCIATED_WITH,0.09050563119842242,21,,,,,,,"[""OPEN_TARGETS""]"
cirrhosis of liver,EFO_0001422,EFO,disease / other candidate,ASSOCIATED_WITH,0.09046403098265092,59,,,,,,,"[""OPEN_TARGETS""]"
nervous system injury,EFO_0009490,EFO,disease / other candidate,ASSOCIATED_WITH,0.09038590169439266,34,,,,,,,"[""OPEN_TARGETS""]"
multiple congenital anomalies/dysmorphic syndrome without intellectual disability,MONDO_0015161,MONDO,disease / other candidate,ASSOCIATED_WITH,0.090377303254086,13,,,,,,,"[""OPEN_TARGETS""]"
pancreatic exocrine neoplasm,MONDO_0021076,MONDO,disease / other candidate,ASSOCIATED_WITH,0.08987543780598203,48,,,,,,,"[""OPEN_TARGETS""]"
immunodeficiency disease,MONDO_0021094,MONDO,disease / other candidate,ASSOCIATED_WITH,0.08983368885529815,206,,,,,,,"[""OPEN_TARGETS""]"
ovarian neoplasm,EFO_0003893,EFO,disease / other candidate,ASSOCIATED_WITH,0.08941470133555969,93,,,,,,,"[""OPEN_TARGETS""]"
pathologic process,OBI_1110122,OBI,disease / other candidate,ASSOCIATED_WITH,0.0892990318707388,288,,,,,,,"[""OPEN_TARGETS""]"
infection,EFO_0000544,EFO,disease / other candidate,ASSOCIATED_WITH,0.08929527233138776,262,,,,,,,"[""OPEN_TARGETS""]"
ovarian cancer,MONDO_0008170,MONDO,disease / other candidate,ASSOCIATED_WITH,0.08928961947146687,88,,,,,,,"[""OPEN_TARGETS""]"
peripheral vascular disease,EFO_0003875,EFO,disease / other candidate,ASSOCIATED_WITH,0.08915865712882785,24,,,,,,,"[""OPEN_TARGETS""]"
peripheral arterial disease,EFO_0004265,EFO,disease / other candidate,ASSOCIATED_WITH,0.0888921067561656,21,,,,,,,"[""OPEN_TARGETS""]"
Spinal cord injury,EFO_1001919,EFO,disease / other candidate,ASSOCIATED_WITH,0.08888599257665943,17,,,,,,,"[""OPEN_TARGETS""]"
eye measurement,EFO_0004731,EFO,trait / measurement candidate,ASSOCIATED_WITH,0.08886582946640463,37,,,,,,,"[""OPEN_TARGETS""]"
axial length measurement,EFO_0005318,EFO,trait / measurement candidate,ASSOCIATED_WITH,0.08886582946640463,37,,,,,,,"[""OPEN_TARGETS""]"
neoplastic syndrome,MONDO_0021058,MONDO,disease / other candidate,ASSOCIATED_WITH,0.08825648655355887,34,,,,,,,"[""OPEN_TARGETS""]"
mouth disease,EFO_1001047,EFO,disease / other candidate,ASSOCIATED_WITH,0.08819388474783701,104,,,,,,,"[""OPEN_TARGETS""]"
hepatic vascular disorder,MONDO_0002405,MONDO,disease / other candidate,ASSOCIATED_WITH,0.08806517204695473,15,,,,,,,"[""OPEN_TARGETS""]"
combined immunodeficiency,MONDO_0015131,MONDO,disease / other candidate,ASSOCIATED_WITH,0.08802101419428225,71,,,,,,,"[""OPEN_TARGETS""]"
nasopharyngeal neoplasm,EFO_0004252,EFO,disease / other candidate,ASSOCIATED_WITH,0.087984408873648,11,,,,,,,"[""OPEN_TARGETS""]"
skeletal muscle disorder,MONDO_0020120,MONDO,disease / other candidate,ASSOCIATED_WITH,0.08785989746303693,62,,,,,,,"[""OPEN_TARGETS""]"
myopathy,EFO_0004145,EFO,disease / other candidate,ASSOCIATED_WITH,0.08782156387997747,59,,,,,,,"[""OPEN_TARGETS""]"
severe combined immunodeficiency,MONDO_0015974,MONDO,disease / other candidate,ASSOCIATED_WITH,0.08772612796340172,55,,,,,,,"[""OPEN_TARGETS""]"
cerebrovascular disorder,EFO_0003763,EFO,disease / other candidate,ASSOCIATED_WITH,0.08759230885308557,85,,,,,,,"[""OPEN_TARGETS""]"
hereditary neoplastic syndrome,MONDO_0015356,MONDO,disease / other candidate,ASSOCIATED_WITH,0.08707060437157425,25,,,,,,,"[""OPEN_TARGETS""]"
hereditary skeletal muscle disorder,MONDO_0700223,MONDO,disease / other candidate,ASSOCIATED_WITH,0.08696606699050749,38,,,,,,,"[""OPEN_TARGETS""]"
muscular dystrophy,MONDO_0020121,MONDO,disease / other candidate,ASSOCIATED_WITH,0.0869114980834537,35,,,,,,,"[""OPEN_TARGETS""]"
Nijmegen breakage syndrome,MONDO_0009623,MONDO,disease / other candidate,ASSOCIATED_WITH,0.08660241541541722,5,,,,,,,"[""OPEN_TARGETS""]"
Malignant Urinary System Neoplasm,EFO_1000363,EFO,disease / other candidate,ASSOCIATED_WITH,0.08651825355038045,104,,,,,,,"[""OPEN_TARGETS""]"
malignant tumor of neck,MONDO_0021310,MONDO,disease / other candidate,ASSOCIATED_WITH,0.08645661399219322,14,,,,,,,"[""OPEN_TARGETS""]"
neoplasm of neck,MONDO_0021351,MONDO,disease / other candidate,ASSOCIATED_WITH,0.08645661399219322,14,,,,,,,"[""OPEN_TARGETS""]"
portal hypertension,EFO_0000666,EFO,disease / other candidate,ASSOCIATED_WITH,0.0864211063294969,13,,,,,,,"[""OPEN_TARGETS""]"
pharynx cancer,EFO_0005577,EFO,disease / other candidate,ASSOCIATED_WITH,0.08639645774742201,13,,,,,,,"[""OPEN_TARGETS""]"
disorder of pharynx,MONDO_0020592,MONDO,disease / other candidate,ASSOCIATED_WITH,0.08639645774742201,13,,,,,,,"[""OPEN_TARGETS""]"
pharynx neoplasm,MONDO_0021246,MONDO,disease / other candidate,ASSOCIATED_WITH,0.08639645774742201,13,,,,,,,"[""OPEN_TARGETS""]"
carcinoma of pharynx,MONDO_0021345,MONDO,disease / other candidate,ASSOCIATED_WITH,0.08639645774742201,13,,,,,,,"[""OPEN_TARGETS""]"
lung adenocarcinoma,EFO_0000571,EFO,disease / other candidate,ASSOCIATED_WITH,0.08613054346161765,27,,,,,,,"[""OPEN_TARGETS""]"
nasopharyngeal disorder,MONDO_0004821,MONDO,disease / other candidate,ASSOCIATED_WITH,0.086030455205978,10,,,,,,,"[""OPEN_TARGETS""]"
nasopharyngeal carcinoma,MONDO_0015459,MONDO,disease / other candidate,ASSOCIATED_WITH,0.086030455205978,10,,,,,,,"[""OPEN_TARGETS""]"
Epstein-Barr virus-associated carcinoma,MONDO_0017344,MONDO,disease / other candidate,ASSOCIATED_WITH,0.086030455205978,10,,,,,,,"[""OPEN_TARGETS""]"
malignant tumor of nasopharynx,MONDO_0021315,MONDO,disease / other candidate,ASSOCIATED_WITH,0.086030455205978,10,,,,,,,"[""OPEN_TARGETS""]"
kidney cancer,MONDO_0002367,MONDO,disease / other candidate,ASSOCIATED_WITH,0.08599800878403778,54,,,,,,,"[""OPEN_TARGETS""]"
renal carcinoma,EFO_0002890,EFO,disease / other candidate,ASSOCIATED_WITH,0.0859670706612312,51,,,,,,,"[""OPEN_TARGETS""]"
bone remodeling disease,MONDO_0000833,MONDO,disease / other candidate,ASSOCIATED_WITH,0.08596389347864569,23,,,,,,,"[""OPEN_TARGETS""]"
renal cell carcinoma,EFO_0000681,EFO,disease / other candidate,ASSOCIATED_WITH,0.08592664838110414,47,,,,,,,"[""OPEN_TARGETS""]"
B cell deficiency,MONDO_0002211,MONDO,disease / other candidate,ASSOCIATED_WITH,0.08589942544260702,66,,,,,,,"[""OPEN_TARGETS""]"
neoplasm of mature B-cells,EFO_0000096,EFO,disease / other candidate,ASSOCIATED_WITH,0.08567384980632099,68,,,,,,,"[""OPEN_TARGETS""]"
premature aging syndrome,MONDO_0019303,MONDO,disease / other candidate,ASSOCIATED_WITH,0.08550691711032325,24,,,,,,,"[""OPEN_TARGETS""]"
Huntington disease and related disorders,MONDO_0000167,MONDO,disease / other candidate,ASSOCIATED_WITH,0.08530722030580361,53,,,,,,,"[""OPEN_TARGETS""]"
Huntington disease,MONDO_0007739,MONDO,disease / other candidate,ASSOCIATED_WITH,0.08530722030580361,53,,,,,,,"[""OPEN_TARGETS""]"
opportunistic mycosis,MONDO_0002312,MONDO,disease / other candidate,ASSOCIATED_WITH,0.08498826843054363,19,,,,,,,"[""OPEN_TARGETS""]"
bone development disease,EFO_0005541,EFO,disease / other candidate,ASSOCIATED_WITH,0.08497928407159304,32,,,,,,,"[""OPEN_TARGETS""]"
gallbladder disease,EFO_0003832,EFO,disease / other candidate,ASSOCIATED_WITH,0.08496503977773633,5,,,,,,,"[""OPEN_TARGETS""]"
agammaglobulinemia,MONDO_0015977,MONDO,disease / other candidate,ASSOCIATED_WITH,0.0849603964528168,41,,,,,,,"[""OPEN_TARGETS""]"
osteosarcoma,EFO_0000637,EFO,disease / other candidate,ASSOCIATED_WITH,0.08457022490359972,25,,,,,,,"[""OPEN_TARGETS""]"
chronic lymphocytic leukemia,EFO_0000095,EFO,disease / other candidate,ASSOCIATED_WITH,0.08455987377864281,15,,,,,,,"[""OPEN_TARGETS""]"
prediabetes syndrome,EFO_1001121,EFO,disease / other candidate,ASSOCIATED_WITH,0.08411321526154873,19,,,,,,,"[""OPEN_TARGETS""]"
T-B+ severe combined immunodeficiency,MONDO_0044200,MONDO,disease / other candidate,ASSOCIATED_WITH,0.0838089985557037,23,,,,,,,"[""OPEN_TARGETS""]"
adenoma,EFO_0000232,EFO,disease / other candidate,ASSOCIATED_WITH,0.08372693743891176,168,,,,,,,"[""OPEN_TARGETS""]"
adult-onset Still's disease,EFO_0007135,EFO,disease / other candidate,ASSOCIATED_WITH,0.08362770822948838,3,,,,,,,"[""OPEN_TARGETS""]"
telomere syndrome,MONDO_0100137,MONDO,disease / other candidate,ASSOCIATED_WITH,0.08353804438555008,22,,,,,,,"[""OPEN_TARGETS""]"
"cirrhosis, familial",MONDO_0007329,MONDO,disease / other candidate,ASSOCIATED_WITH,0.0835159459113263,20,,,,,,,"[""OPEN_TARGETS""]"
Miyoshi myopathy,MONDO_0009685,MONDO,disease / other candidate,ASSOCIATED_WITH,0.08342672515902123,15,,,,,,,"[""OPEN_TARGETS""]"
distal myopathy,MONDO_0018949,MONDO,disease / other candidate,ASSOCIATED_WITH,0.08342672515902123,15,,,,,,,"[""OPEN_TARGETS""]"
heart failure,EFO_0003144,EFO,disease / other candidate,ASSOCIATED_WITH,0.08320909141919408,592,,,,,,,"[""OPEN_TARGETS""]"
familial severe combined immunodeficiency,MONDO_0031520,MONDO,disease / other candidate,ASSOCIATED_WITH,0.083022486403261,29,,,,,,,"[""OPEN_TARGETS""]"
Rare genetic endocrine disease,Orphanet_156638,Orphanet,disease / other candidate,ASSOCIATED_WITH,0.08282937106601634,13,,,,,,,"[""OPEN_TARGETS""]"
isolated agammaglobulinemia,MONDO_0016462,MONDO,disease / other candidate,ASSOCIATED_WITH,0.0824862778961104,15,,,,,,,"[""OPEN_TARGETS""]"
osteosclerosis,MONDO_0002933,MONDO,disease / other candidate,ASSOCIATED_WITH,0.0824582884301775,9,,,,,,,"[""OPEN_TARGETS""]"
connective and soft tissue neoplasm,MONDO_0044334,MONDO,disease / other candidate,ASSOCIATED_WITH,0.08229043999993686,35,,,,,,,"[""OPEN_TARGETS""]"
chronic leukemia,MONDO_0001014,MONDO,disease / other candidate,ASSOCIATED_WITH,0.08226210903129802,14,,,,,,,"[""OPEN_TARGETS""]"
pituitary gland disease,EFO_0009607,EFO,disease / other candidate,ASSOCIATED_WITH,0.08206966832383981,53,,,,,,,"[""OPEN_TARGETS""]"
familial osteosclerosis,MONDO_0042973,MONDO,disease / other candidate,ASSOCIATED_WITH,0.08170727467743272,8,,,,,,,"[""OPEN_TARGETS""]"
breast carcinoma in situ,MONDO_0004658,MONDO,disease / other candidate,ASSOCIATED_WITH,0.08156666481958363,11,,,,,,,"[""OPEN_TARGETS""]"
Rare genetic developmental defect during embryogenesis,Orphanet_183530,Orphanet,disease / other candidate,ASSOCIATED_WITH,0.08100043077310463,19,,,,,,,"[""OPEN_TARGETS""]"
mood disorder,EFO_0004247,EFO,disease / other candidate,ASSOCIATED_WITH,0.08074024907400232,25,,,,,,,"[""OPEN_TARGETS""]"
depressive disorder,MONDO_0002050,MONDO,disease / other candidate,ASSOCIATED_WITH,0.08037899608105718,22,,,,,,,"[""OPEN_TARGETS""]"
Soft Tissue Neoplasm,EFO_1000541,EFO,disease / other candidate,ASSOCIATED_WITH,0.0802230671038284,32,,,,,,,"[""OPEN_TARGETS""]"
osteopetrosis,MONDO_0017198,MONDO,disease / other candidate,ASSOCIATED_WITH,0.08008821321607314,6,,,,,,,"[""OPEN_TARGETS""]"
osteochondrodysplasia,EFO_0005571,EFO,disease / other candidate,ASSOCIATED_WITH,0.0796185786388388,17,,,,,,,"[""OPEN_TARGETS""]"
stroke,EFO_0000712,EFO,disease / other candidate,ASSOCIATED_WITH,0.07958896746592084,10,,,,,,,"[""OPEN_TARGETS""]"
attention deficit hyperactivity disorder,EFO_0003888,EFO,disease / other candidate,ASSOCIATED_WITH,0.07937364844077499,9,,,,,,,"[""OPEN_TARGETS""]"
specific developmental disorder,MONDO_0000592,MONDO,disease / other candidate,ASSOCIATED_WITH,0.07937364844077499,9,,,,,,,"[""OPEN_TARGETS""]"
autosomal dominant disease,MONDO_0000426,MONDO,disease / other candidate,ASSOCIATED_WITH,0.07915804090891347,43,,,,,,,"[""OPEN_TARGETS""]"
Rare genetic bone disease,Orphanet_183524,Orphanet,disease / other candidate,ASSOCIATED_WITH,0.07878943562521225,11,,,,,,,"[""OPEN_TARGETS""]"
Primary bone dysplasia,Orphanet_364526,Orphanet,disease / other candidate,ASSOCIATED_WITH,0.07878943562521225,11,,,,,,,"[""OPEN_TARGETS""]"
Rare genetic bone development disorder,Orphanet_404584,Orphanet,disease / other candidate,ASSOCIATED_WITH,0.07878943562521225,11,,,,,,,"[""OPEN_TARGETS""]"
common variable immunodeficiency,MONDO_0015517,MONDO,disease / other candidate,ASSOCIATED_WITH,0.07874795436761331,20,,,,,,,"[""OPEN_TARGETS""]"
syndromic agammaglobulinemia,MONDO_0016463,MONDO,disease / other candidate,ASSOCIATED_WITH,0.07874795436761331,20,,,,,,,"[""OPEN_TARGETS""]"
T+ B+ severe combined immunodeficiency,MONDO_0044201,MONDO,disease / other candidate,ASSOCIATED_WITH,0.07865799666864298,6,,,,,,,"[""OPEN_TARGETS""]"
lobular neoplasia,MONDO_0002486,MONDO,disease / other candidate,ASSOCIATED_WITH,0.07851518690634997,3,,,,,,,"[""OPEN_TARGETS""]"
hereditary endocrine growth disease,MONDO_0015514,MONDO,disease / other candidate,ASSOCIATED_WITH,0.07798944706758978,36,,,,,,,"[""OPEN_TARGETS""]"
cystic neoplasm,MONDO_0021077,MONDO,disease / other candidate,ASSOCIATED_WITH,0.07744677428698392,7,,,,,,,"[""OPEN_TARGETS""]"
bacterial disease,EFO_0000771,EFO,disease / other candidate,ASSOCIATED_WITH,0.07730696555945281,101,,,,,,,"[""OPEN_TARGETS""]"
serous cystadenoma,EFO_0002504,EFO,disease / other candidate,ASSOCIATED_WITH,0.07728982436592872,5,,,,,,,"[""OPEN_TARGETS""]"
cystadenoma,MONDO_0002369,MONDO,disease / other candidate,ASSOCIATED_WITH,0.07728982436592872,5,,,,,,,"[""OPEN_TARGETS""]"
glaucoma,MONDO_0005041,MONDO,disease / other candidate,ASSOCIATED_WITH,0.07673346054990553,17,,,,,,,"[""OPEN_TARGETS""]"
pancreatic serous cystadenoma,MONDO_0002808,MONDO,disease / other candidate,ASSOCIATED_WITH,0.07668781984707564,2,,,,,,,"[""OPEN_TARGETS""]"
pancreatic cystadenoma,MONDO_0002809,MONDO,disease / other candidate,ASSOCIATED_WITH,0.07668781984707564,2,,,,,,,"[""OPEN_TARGETS""]"
gallbladder neoplasm,EFO_0004606,EFO,disease / other candidate,ASSOCIATED_WITH,0.0766570215258519,4,,,,,,,"[""OPEN_TARGETS""]"
gallbladder cancer,MONDO_0005411,MONDO,disease / other candidate,ASSOCIATED_WITH,0.0766570215258519,4,,,,,,,"[""OPEN_TARGETS""]"
hereditary disorder of connective tissue,MONDO_0023603,MONDO,disease / other candidate,ASSOCIATED_WITH,0.07642428352972924,41,,,,,,,"[""OPEN_TARGETS""]"
inborn disorder of amino acid and other organic acid metabolism,MONDO_0019189,MONDO,disease / other candidate,ASSOCIATED_WITH,0.07623822834811272,17,,,,,,,"[""OPEN_TARGETS""]"
T-B+ severe combined immunodeficiency due to CD3delta/CD3epsilon/CD3zeta,MONDO_0015703,MONDO,disease / other candidate,ASSOCIATED_WITH,0.07611811660752199,6,,,,,,,"[""OPEN_TARGETS""]"
biliary liver cirrhosis,EFO_0004267,EFO,disease / other candidate,ASSOCIATED_WITH,0.07546464877702007,19,,,,,,,"[""OPEN_TARGETS""]"
primary biliary cirrhosis,EFO_1001486,EFO,disease / other candidate,ASSOCIATED_WITH,0.07546464877702007,19,,,,,,,"[""OPEN_TARGETS""]"
insulin resistance,EFO_0002614,EFO,disease / other candidate,ASSOCIATED_WITH,0.07508686412475259,61,,,,,,,"[""OPEN_TARGETS""]"
Primary immunodeficiency due to a defect in innate immunity,Orphanet_101988,Orphanet,disease / other candidate,ASSOCIATED_WITH,0.07449584734264139,16,,,,,,,"[""OPEN_TARGETS""]"
congenital hematological disorder,MONDO_0009332,MONDO,disease / other candidate,ASSOCIATED_WITH,0.07425796127562659,16,,,,,,,"[""OPEN_TARGETS""]"
T-B- severe combined immunodeficiency,MONDO_0017855,MONDO,disease / other candidate,ASSOCIATED_WITH,0.07397558897329135,20,,,,,,,"[""OPEN_TARGETS""]"
hyperimmunoglobulin syndrome,MONDO_0002468,MONDO,disease / other candidate,ASSOCIATED_WITH,0.0739328547567168,21,,,,,,,"[""OPEN_TARGETS""]"
neutropenia,MONDO_0001475,MONDO,disease / other candidate,ASSOCIATED_WITH,0.07372534160017173,15,,,,,,,"[""OPEN_TARGETS""]"
constitutional neutropenia,MONDO_0015134,MONDO,disease / other candidate,ASSOCIATED_WITH,0.07352191868848902,13,,,,,,,"[""OPEN_TARGETS""]"
inborn disorder of energy metabolism,MONDO_0019243,MONDO,disease / other candidate,ASSOCIATED_WITH,0.0734890766152882,37,,,,,,,"[""OPEN_TARGETS""]"
squamous cell neoplasm,MONDO_0002532,MONDO,disease / other candidate,ASSOCIATED_WITH,0.0732654226024743,109,,,,,,,"[""OPEN_TARGETS""]"
squamous cell carcinoma,EFO_0000707,EFO,disease / other candidate,ASSOCIATED_WITH,0.07298511903046344,100,,,,,,,"[""OPEN_TARGETS""]"
anemia,MONDO_0002280,MONDO,disease / other candidate,ASSOCIATED_WITH,0.07286912101375428,16,,,,,,,"[""OPEN_TARGETS""]"
Combined T and B cell immunodeficiency,Orphanet_101972,Orphanet,disease / other candidate,ASSOCIATED_WITH,0.07278016772872509,9,,,,,,,"[""OPEN_TARGETS""]"
skull disorder,MONDO_0024654,MONDO,disease / other candidate,ASSOCIATED_WITH,0.07262292991843054,51,,,,,,,"[""OPEN_TARGETS""]"
uterine neoplasm,EFO_0003859,EFO,disease / other candidate,ASSOCIATED_WITH,0.07241396206941163,70,,,,,,,"[""OPEN_TARGETS""]"
lupus erythematosus,MONDO_0004670,MONDO,disease / other candidate,ASSOCIATED_WITH,0.07220747282684623,7,,,,,,,"[""OPEN_TARGETS""]"
lymphoproliferative syndrome,MONDO_0016537,MONDO,disease / other candidate,ASSOCIATED_WITH,0.07213819560919445,13,,,,,,,"[""OPEN_TARGETS""]"
disorder of organic acid metabolism,MONDO_0045022,MONDO,disease / other candidate,ASSOCIATED_WITH,0.0721189012128645,12,,,,,,,"[""OPEN_TARGETS""]"
severe congenital neutropenia,MONDO_0018542,MONDO,disease / other candidate,ASSOCIATED_WITH,0.07199893144485248,11,,,,,,,"[""OPEN_TARGETS""]"
uterine cancer,MONDO_0002715,MONDO,disease / other candidate,ASSOCIATED_WITH,0.07166809127105597,60,,,,,,,"[""OPEN_TARGETS""]"
hypogonadism,MONDO_0002146,MONDO,disease / other candidate,ASSOCIATED_WITH,0.07150883172409858,13,,,,,,,"[""OPEN_TARGETS""]"
psychosis,EFO_0005407,EFO,disease / other candidate,ASSOCIATED_WITH,0.07145029843790646,24,,,,,,,"[""OPEN_TARGETS""]"
schizophrenia,MONDO_0005090,MONDO,disease / other candidate,ASSOCIATED_WITH,0.07142710863493579,19,,,,,,,"[""OPEN_TARGETS""]"
acute myeloid leukemia by FAB classification,MONDO_0015667,MONDO,disease / other candidate,ASSOCIATED_WITH,0.07137053335682512,33,,,,,,,"[""OPEN_TARGETS""]"
myeloid sarcoma,EFO_1001052,EFO,disease / other candidate,ASSOCIATED_WITH,0.0713101931102688,25,,,,,,,"[""OPEN_TARGETS""]"
hypogonadotropic hypogonadism,MONDO_0018555,MONDO,disease / other candidate,ASSOCIATED_WITH,0.0708856748344241,12,,,,,,,"[""OPEN_TARGETS""]"
osteogenesis imperfecta,MONDO_0019019,MONDO,disease / other candidate,ASSOCIATED_WITH,0.07080056880677585,8,,,,,,,"[""OPEN_TARGETS""]"
cervix disorder,MONDO_0002256,MONDO,disease / other candidate,ASSOCIATED_WITH,0.07074621132680299,31,,,,,,,"[""OPEN_TARGETS""]"
uterine cervix neoplasm,MONDO_0021230,MONDO,disease / other candidate,ASSOCIATED_WITH,0.07074621132680299,31,,,,,,,"[""OPEN_TARGETS""]"
pituitary deficiency,MONDO_0015127,MONDO,disease / other candidate,ASSOCIATED_WITH,0.0705638824188274,31,,,,,,,"[""OPEN_TARGETS""]"
non-acquired pituitary hormone deficiency,MONDO_0019824,MONDO,disease / other candidate,ASSOCIATED_WITH,0.0705638824188274,31,,,,,,,"[""OPEN_TARGETS""]"
congenital disorder of glycosylation,MONDO_0015286,MONDO,disease / other candidate,ASSOCIATED_WITH,0.07045309102771105,21,,,,,,,"[""OPEN_TARGETS""]"
disorder of glycosylation,MONDO_0024322,MONDO,disease / other candidate,ASSOCIATED_WITH,0.07045309102771105,21,,,,,,,"[""OPEN_TARGETS""]"
systemic lupus erythematosus,MONDO_0007915,MONDO,disease / other candidate,ASSOCIATED_WITH,0.07022017239009333,2,,,,,,,"[""OPEN_TARGETS""]"
viral respiratory tract infection,MONDO_0024352,MONDO,disease / other candidate,ASSOCIATED_WITH,0.07013594991715946,15,,,,,,,"[""OPEN_TARGETS""]"
influenza,EFO_0007328,EFO,disease / other candidate,ASSOCIATED_WITH,0.07010516928809304,14,,,,,,,"[""OPEN_TARGETS""]"
hyper-IgE syndrome,MONDO_0018037,MONDO,disease / other candidate,ASSOCIATED_WITH,0.06996016677821532,11,,,,,,,"[""OPEN_TARGETS""]"
cervical cancer,MONDO_0002974,MONDO,disease / other candidate,ASSOCIATED_WITH,0.06988291713173822,28,,,,,,,"[""OPEN_TARGETS""]"
hyper-IgM syndrome,MONDO_0003947,MONDO,disease / other candidate,ASSOCIATED_WITH,0.06987700373471044,10,,,,,,,"[""OPEN_TARGETS""]"
inborn disorder of amino acid metabolism,MONDO_0004736,MONDO,disease / other candidate,ASSOCIATED_WITH,0.06967354310148602,12,,,,,,,"[""OPEN_TARGETS""]"
amino acid metabolism disease,MONDO_0037871,MONDO,disease / other candidate,ASSOCIATED_WITH,0.06967354310148602,12,,,,,,,"[""OPEN_TARGETS""]"
inherited lipid metabolism disorder,MONDO_0002525,MONDO,disease / other candidate,ASSOCIATED_WITH,0.06952653059131093,39,,,,,,,"[""OPEN_TARGETS""]"
osteogenesis imperfecta and a reduction of bone mineral density.,MONDO_0800064,MONDO,disease / other candidate,ASSOCIATED_WITH,0.06929517766368137,6,,,,,,,"[""OPEN_TARGETS""]"
type IV hypersensitivity disease,MONDO_0002459,MONDO,disease / other candidate,ASSOCIATED_WITH,0.0692116726040046,8,,,,,,,"[""OPEN_TARGETS""]"
autoimmune lymphoproliferative syndrome,MONDO_0017979,MONDO,disease / other candidate,ASSOCIATED_WITH,0.0692116726040046,8,,,,,,,"[""OPEN_TARGETS""]"
hyperostosis,MONDO_0002185,MONDO,disease / other candidate,ASSOCIATED_WITH,0.069180615042626,9,,,,,,,"[""OPEN_TARGETS""]"
head and neck squamous cell carcinoma,EFO_0000181,EFO,disease / other candidate,ASSOCIATED_WITH,0.06896706723661535,50,,,,,,,"[""OPEN_TARGETS""]"
nutritional disorder,EFO_0001069,EFO,disease / other candidate,ASSOCIATED_WITH,0.06893477365549994,9,,,,,,,"[""OPEN_TARGETS""]"
congenital hypogonadotropic hypogonadism,MONDO_0015770,MONDO,disease / other candidate,ASSOCIATED_WITH,0.06871937019686121,10,,,,,,,"[""OPEN_TARGETS""]"
Inherited cancer-predisposing syndrome,Orphanet_140162,Orphanet,disease / other candidate,ASSOCIATED_WITH,0.06866167878154493,6,,,,,,,"[""OPEN_TARGETS""]"
cholestasis,MONDO_0001751,MONDO,disease / other candidate,ASSOCIATED_WITH,0.06847508512549774,15,,,,,,,"[""OPEN_TARGETS""]"
autosomal agammaglobulinemia,MONDO_0011096,MONDO,disease / other candidate,ASSOCIATED_WITH,0.06837576359307519,3,,,,,,,"[""OPEN_TARGETS""]"
gamma chain deficiency,EFO_0005555,EFO,disease / other candidate,ASSOCIATED_WITH,0.06834671051005413,5,,,,,,,"[""OPEN_TARGETS""]"
intrahepatic cholestasis,MONDO_0019072,MONDO,disease / other candidate,ASSOCIATED_WITH,0.06828850197045809,14,,,,,,,"[""OPEN_TARGETS""]"
inborn carbohydrate metabolic disorder,MONDO_0019214,MONDO,disease / other candidate,ASSOCIATED_WITH,0.06819492245604446,34,,,,,,,"[""OPEN_TARGETS""]"
carbohydrate metabolism disease,MONDO_0037792,MONDO,disease / other candidate,ASSOCIATED_WITH,0.06819492245604446,34,,,,,,,"[""OPEN_TARGETS""]"
immunodeficiency 72 with autoinflammation,MONDO_0033551,MONDO,disease / other candidate,ASSOCIATED_WITH,0.06806644578691824,4,,,,,,,"[""OPEN_TARGETS""]"
mouth neoplasm,EFO_0003868,EFO,disease / other candidate,ASSOCIATED_WITH,0.0680376626603839,38,,,,,,,"[""OPEN_TARGETS""]"
oral cavity cancer,EFO_0005570,EFO,disease / other candidate,ASSOCIATED_WITH,0.0680376626603839,38,,,,,,,"[""OPEN_TARGETS""]"
Immunodeficiency by defective expression of HLA class 2,Orphanet_572,Orphanet,disease / other candidate,ASSOCIATED_WITH,0.06795321062588568,4,,,,,,,"[""OPEN_TARGETS""]"
infertility,EFO_0000545,EFO,disease / other candidate,ASSOCIATED_WITH,0.06790991248124911,14,,,,,,,"[""OPEN_TARGETS""]"
triple-negative breast cancer,EFO_0005537,EFO,disease / other candidate,ASSOCIATED_WITH,0.06785332933020712,16,,,,,,,"[""OPEN_TARGETS""]"
HER2 negative breast carcinoma,EFO_0009780,EFO,disease / other candidate,ASSOCIATED_WITH,0.06785332933020712,16,,,,,,,"[""OPEN_TARGETS""]"
progesterone-receptor negative breast cancer,EFO_0009781,EFO,disease / other candidate,ASSOCIATED_WITH,0.06785332933020712,16,,,,,,,"[""OPEN_TARGETS""]"
Breast Carcinoma by Gene Expression Profile,EFO_1000143,EFO,disease / other candidate,ASSOCIATED_WITH,0.06785332933020712,16,,,,,,,"[""OPEN_TARGETS""]"
estrogen-receptor negative breast cancer,EFO_1000650,EFO,disease / other candidate,ASSOCIATED_WITH,0.06785332933020712,16,,,,,,,"[""OPEN_TARGETS""]"
Immune dysregulation disease with immunodeficiency,Orphanet_169361,Orphanet,disease / other candidate,ASSOCIATED_WITH,0.06779514893781237,12,,,,,,,"[""OPEN_TARGETS""]"
tooth disease,EFO_1001216,EFO,disease / other candidate,ASSOCIATED_WITH,0.06764956161115897,56,,,,,,,"[""OPEN_TARGETS""]"
candidiasis,MONDO_0002026,MONDO,disease / other candidate,ASSOCIATED_WITH,0.06745919208521578,12,,,,,,,"[""OPEN_TARGETS""]"
lip and oral cavity carcinoma,MONDO_0023644,MONDO,disease / other candidate,ASSOCIATED_WITH,0.06713013786652229,22,,,,,,,"[""OPEN_TARGETS""]"
oral cavity carcinoma,MONDO_0044925,MONDO,disease / other candidate,ASSOCIATED_WITH,0.06713013786652229,22,,,,,,,"[""OPEN_TARGETS""]"
oral squamous cell carcinoma,EFO_0000199,EFO,disease / other candidate,ASSOCIATED_WITH,0.06712419614494324,21,,,,,,,"[""OPEN_TARGETS""]"
lip and oral cavity squamous cell carcinoma,MONDO_0044710,MONDO,disease / other candidate,ASSOCIATED_WITH,0.06712419614494324,21,,,,,,,"[""OPEN_TARGETS""]"
porphyrin metabolism disease,MONDO_0037821,MONDO,disease / other candidate,ASSOCIATED_WITH,0.06707589227558994,16,,,,,,,"[""OPEN_TARGETS""]"
immunodeficiency 18,MONDO_0014278,MONDO,disease / other candidate,ASSOCIATED_WITH,0.06696047807177427,3,,,,,,,"[""OPEN_TARGETS""]"
mineral metabolism disease,EFO_0009556,EFO,disease / other candidate,ASSOCIATED_WITH,0.06693514274419847,7,,,,,,,"[""OPEN_TARGETS""]"
dysgammaglobulinemia,MONDO_0001342,MONDO,disease / other candidate,ASSOCIATED_WITH,0.06690981483336124,4,,,,,,,"[""OPEN_TARGETS""]"
selective immunoglobulin deficiency disease,MONDO_0003739,MONDO,disease / other candidate,ASSOCIATED_WITH,0.06690981483336124,4,,,,,,,"[""OPEN_TARGETS""]"
severe combined immunodeficiency due to CARD11 deficiency,MONDO_0014081,MONDO,disease / other candidate,ASSOCIATED_WITH,0.06688409823513944,3,,,,,,,"[""OPEN_TARGETS""]"
inborn disorder of porphyrin metabolism,MONDO_0017754,MONDO,disease / other candidate,ASSOCIATED_WITH,0.06677983982271121,14,,,,,,,"[""OPEN_TARGETS""]"
autosomal dominant severe congenital neutropenia,MONDO_0008742,MONDO,disease / other candidate,ASSOCIATED_WITH,0.06669056363779097,5,,,,,,,"[""OPEN_TARGETS""]"
spondyloepiphyseal dysplasia,MONDO_0016761,MONDO,disease / other candidate,ASSOCIATED_WITH,0.06662457104829417,4,,,,,,,"[""OPEN_TARGETS""]"
inborn disorder of bilirubin metabolism,MONDO_0017755,MONDO,disease / other candidate,ASSOCIATED_WITH,0.06651012368071209,13,,,,,,,"[""OPEN_TARGETS""]"
bilirubin metabolism disease,MONDO_0024431,MONDO,disease / other candidate,ASSOCIATED_WITH,0.06651012368071209,13,,,,,,,"[""OPEN_TARGETS""]"
familial intrahepatic cholestasis,MONDO_0017290,MONDO,disease / other candidate,ASSOCIATED_WITH,0.06630201025152782,12,,,,,,,"[""OPEN_TARGETS""]"
progressive familial intrahepatic cholestasis,MONDO_0015762,MONDO,disease / other candidate,ASSOCIATED_WITH,0.06604574064469189,11,,,,,,,"[""OPEN_TARGETS""]"
anxiety,EFO_0005230,EFO,disease / other candidate,ASSOCIATED_WITH,0.06597578995918067,18,,,,,,,"[""OPEN_TARGETS""]"
Rare genetic skin disease,Orphanet_68346,Orphanet,disease / other candidate,ASSOCIATED_WITH,0.06591138458982344,7,,,,,,,"[""OPEN_TARGETS""]"
T-B+ severe combined immunodeficiency due to JAK3 deficiency,MONDO_0010938,MONDO,disease / other candidate,ASSOCIATED_WITH,0.06579209242561689,4,,,,,,,"[""OPEN_TARGETS""]"
Rare genetic hepatic disease,Orphanet_156601,Orphanet,disease / other candidate,ASSOCIATED_WITH,0.06537012554625615,13,,,,,,,"[""OPEN_TARGETS""]"
mitochondrial disease,MONDO_0044970,MONDO,disease / other candidate,ASSOCIATED_WITH,0.06510913554603796,12,,,,,,,"[""OPEN_TARGETS""]"
Primary hemophagocytic lymphohistiocytosis,Orphanet_158038,Orphanet,disease / other candidate,ASSOCIATED_WITH,0.06490421172950095,9,,,,,,,"[""OPEN_TARGETS""]"
Disorder of lipid metabolism,Orphanet_309005,Orphanet,disease / other candidate,ASSOCIATED_WITH,0.06471718586964482,11,,,,,,,"[""OPEN_TARGETS""]"
nonimmune chronic idiopathic neutropenia of adults,MONDO_0011922,MONDO,disease / other candidate,ASSOCIATED_WITH,0.06471466448814023,3,,,,,,,"[""OPEN_TARGETS""]"
X-linked disease,MONDO_0000425,MONDO,disease / other candidate,ASSOCIATED_WITH,0.06469962368101086,11,,,,,,,"[""OPEN_TARGETS""]"
chromosomal disorder,MONDO_0019040,MONDO,disease / other candidate,ASSOCIATED_WITH,0.06461871730010676,13,,,,,,,"[""OPEN_TARGETS""]"
gram-negative bacterial infections,MONDO_0021678,MONDO,disease / other candidate,ASSOCIATED_WITH,0.06443727542227767,17,,,,,,,"[""OPEN_TARGETS""]"
disorder of glycogen metabolism,MONDO_0002412,MONDO,disease / other candidate,ASSOCIATED_WITH,0.06405173222451076,18,,,,,,,"[""OPEN_TARGETS""]"
Rare metabolic liver disease,Orphanet_101940,Orphanet,disease / other candidate,ASSOCIATED_WITH,0.06390989817278486,9,,,,,,,"[""OPEN_TARGETS""]"
brain neoplasm,EFO_0003833,EFO,disease / other candidate,ASSOCIATED_WITH,0.06383750622450299,62,,,,,,,"[""OPEN_TARGETS""]"
sella turcica neoplasm,MONDO_0002720,MONDO,disease / other candidate,ASSOCIATED_WITH,0.0637530134059977,50,,,,,,,"[""OPEN_TARGETS""]"
skull base neoplasm,MONDO_0002785,MONDO,disease / other candidate,ASSOCIATED_WITH,0.0637530134059977,50,,,,,,,"[""OPEN_TARGETS""]"
skull neoplasm,MONDO_0024653,MONDO,disease / other candidate,ASSOCIATED_WITH,0.0637530134059977,50,,,,,,,"[""OPEN_TARGETS""]"
disorder of multiple glycosylation,MONDO_0017749,MONDO,disease / other candidate,ASSOCIATED_WITH,0.063751030187921,6,,,,,,,"[""OPEN_TARGETS""]"
hypothalamic neoplasm,EFO_1000979,EFO,disease / other candidate,ASSOCIATED_WITH,0.06372061737976362,47,,,,,,,"[""OPEN_TARGETS""]"
hypothalamic disorder,MONDO_0002150,MONDO,disease / other candidate,ASSOCIATED_WITH,0.06372061737976362,47,,,,,,,"[""OPEN_TARGETS""]"
thalamic disorder,MONDO_0003081,MONDO,disease / other candidate,ASSOCIATED_WITH,0.06372061737976362,47,,,,,,,"[""OPEN_TARGETS""]"
pituitary tumor,MONDO_0017611,MONDO,disease / other candidate,ASSOCIATED_WITH,0.06372061737976362,47,,,,,,,"[""OPEN_TARGETS""]"
inborn mitochondrial metabolism disorder,MONDO_0004069,MONDO,disease / other candidate,ASSOCIATED_WITH,0.06368883605804183,11,,,,,,,"[""OPEN_TARGETS""]"
disorder of metabolite absorption and transport,MONDO_0017757,MONDO,disease / other candidate,ASSOCIATED_WITH,0.06356469452007305,14,,,,,,,"[""OPEN_TARGETS""]"
severe combined immunodeficiency due to CTPS1 deficiency,MONDO_0014391,MONDO,disease / other candidate,ASSOCIATED_WITH,0.06323880893509932,2,,,,,,,"[""OPEN_TARGETS""]"
X-linked agammaglobulinemia,Orphanet_47,Orphanet,disease / other candidate,ASSOCIATED_WITH,0.06308164920833748,5,,,,,,,"[""OPEN_TARGETS""]"
Constitutional neutropenia with extra-haematopoietic manifestations,Orphanet_331184,Orphanet,disease / other candidate,ASSOCIATED_WITH,0.06290985411933013,9,,,,,,,"[""OPEN_TARGETS""]"
inborn metal metabolism disorder,MONDO_0004689,MONDO,disease / other candidate,ASSOCIATED_WITH,0.06286546383433052,15,,,,,,,"[""OPEN_TARGETS""]"
disorder of mineral absorption and transport,MONDO_0017761,MONDO,disease / other candidate,ASSOCIATED_WITH,0.06283594321859301,13,,,,,,,"[""OPEN_TARGETS""]"
Intermediate osteopetrosis,Orphanet_210110,Orphanet,disease / other candidate,ASSOCIATED_WITH,0.06262530637632273,2,,,,,,,"[""OPEN_TARGETS""]"
steroid inherited metabolic disorder,EFO_0005590,EFO,disease / other candidate,ASSOCIATED_WITH,0.06255925969072702,7,,,,,,,"[""OPEN_TARGETS""]"
Congenital bile acid synthesis defect,EFO_0009039,EFO,disease / other candidate,ASSOCIATED_WITH,0.06255925969072702,7,,,,,,,"[""OPEN_TARGETS""]"
Bile acid synthesis defect with cholestasis and malabsorption,Orphanet_163631,Orphanet,disease / other candidate,ASSOCIATED_WITH,0.06255925969072702,7,,,,,,,"[""OPEN_TARGETS""]"
Disorder of bile acid synthesis,Orphanet_79168,Orphanet,disease / other candidate,ASSOCIATED_WITH,0.06255925969072702,7,,,,,,,"[""OPEN_TARGETS""]"
serum lipopolysaccharide activity,EFO_0600064,EFO,disease / other candidate,ASSOCIATED_WITH,0.061955956195060426,4,,,,,,,"[""OPEN_TARGETS""]"
congenital nervous system disorder,MONDO_0002320,MONDO,disease / other candidate,ASSOCIATED_WITH,0.061757049104030036,19,,,,,,,"[""OPEN_TARGETS""]"
mitochondrial oxidative phosphorylation disorder,MONDO_0016387,MONDO,disease / other candidate,ASSOCIATED_WITH,0.061625695530471356,9,,,,,,,"[""OPEN_TARGETS""]"
hemosiderosis,MONDO_0001436,MONDO,disease / other candidate,ASSOCIATED_WITH,0.061468090254662475,6,,,,,,,"[""OPEN_TARGETS""]"
iron metabolism disease,MONDO_0002279,MONDO,disease / other candidate,ASSOCIATED_WITH,0.061468090254662475,6,,,,,,,"[""OPEN_TARGETS""]"
hereditary hemochromatosis,MONDO_0006507,MONDO,disease / other candidate,ASSOCIATED_WITH,0.061468090254662475,6,,,,,,,"[""OPEN_TARGETS""]"
disorder of iron metabolism and transport,MONDO_0017763,MONDO,disease / other candidate,ASSOCIATED_WITH,0.061468090254662475,6,,,,,,,"[""OPEN_TARGETS""]"
"severe combined immunodeficiency, autosomal recessive, T cell-negative, B cell-negative, NK cell-positive",MONDO_0011086,MONDO,disease / other candidate,ASSOCIATED_WITH,0.06145065840484985,3,,,,,,,"[""OPEN_TARGETS""]"
immunodeficiency 62,MONDO_0032763,MONDO,disease / other candidate,ASSOCIATED_WITH,0.061287427302364104,2,,,,,,,"[""OPEN_TARGETS""]"
congenital disorder of glycosylation type II,EFO_0005546,EFO,disease / other candidate,ASSOCIATED_WITH,0.061267665046245555,4,,,,,,,"[""OPEN_TARGETS""]"
retinopathy,EFO_0003839,EFO,disease / other candidate,ASSOCIATED_WITH,0.061173786517826824,76,,,,,,,"[""OPEN_TARGETS""]"
ovarian dysfunction,EFO_0009003,EFO,disease / other candidate,ASSOCIATED_WITH,0.06115745838679998,5,,,,,,,"[""OPEN_TARGETS""]"
retinal degeneration,MONDO_0004580,MONDO,disease / other candidate,ASSOCIATED_WITH,0.06105426877698456,44,,,,,,,"[""OPEN_TARGETS""]"
immunodeficiency 73b with defective neutrophil chemotaxis and lymphopenia,MONDO_0033554,MONDO,disease / other candidate,ASSOCIATED_WITH,0.06091620487054746,3,,,,,,,"[""OPEN_TARGETS""]"
ectodermal dysplasia syndrome,MONDO_0019287,MONDO,disease / other candidate,ASSOCIATED_WITH,0.060722507299600506,15,,,,,,,"[""OPEN_TARGETS""]"
hereditary epidermal appendage anomaly,MONDO_0021026,MONDO,disease / other candidate,ASSOCIATED_WITH,0.060722507299600506,15,,,,,,,"[""OPEN_TARGETS""]"
"immunodeficiency, common variable, 4",MONDO_0013284,MONDO,disease / other candidate,ASSOCIATED_WITH,0.06057783398136946,2,,,,,,,"[""OPEN_TARGETS""]"
autoimmune lymphoproliferative syndrome due to CTLA4 haploinsufficiency,MONDO_0014493,MONDO,disease / other candidate,ASSOCIATED_WITH,0.06056222949861612,4,,,,,,,"[""OPEN_TARGETS""]"
peripheral nervous system disease,EFO_0009387,EFO,disease / other candidate,ASSOCIATED_WITH,0.06053277669492492,53,,,,,,,"[""OPEN_TARGETS""]"
immunodeficiency 102,MONDO_0024781,MONDO,disease / other candidate,ASSOCIATED_WITH,0.06052527151314765,3,,,,,,,"[""OPEN_TARGETS""]"
combined immunodeficiency due to DOCK8 deficiency,MONDO_0009478,MONDO,disease / other candidate,ASSOCIATED_WITH,0.0604901614269526,4,,,,,,,"[""OPEN_TARGETS""]"
primary ovarian insufficiency,EFO_0004266,EFO,disease / other candidate,ASSOCIATED_WITH,0.06046449615926616,4,,,,,,,"[""OPEN_TARGETS""]"
female infertility,EFO_0008560,EFO,disease / other candidate,ASSOCIATED_WITH,0.06046449615926616,4,,,,,,,"[""OPEN_TARGETS""]"
inherited primary ovarian failure,MONDO_0019852,MONDO,disease / other candidate,ASSOCIATED_WITH,0.06046449615926616,4,,,,,,,"[""OPEN_TARGETS""]"
melorheostosis,MONDO_0007970,MONDO,disease / other candidate,ASSOCIATED_WITH,0.0598257389770861,2,,,,,,,"[""OPEN_TARGETS""]"
selective IgA deficiency disease,EFO_1001929,EFO,disease / other candidate,ASSOCIATED_WITH,0.059775845696703675,2,,,,,,,"[""OPEN_TARGETS""]"
MHC class II deficiency,MONDO_0008855,MONDO,disease / other candidate,ASSOCIATED_WITH,0.059626165855556364,2,,,,,,,"[""OPEN_TARGETS""]"
Disorder of purine metabolism,Orphanet_79191,Orphanet,disease / other candidate,ASSOCIATED_WITH,0.05947463811513564,2,,,,,,,"[""OPEN_TARGETS""]"
Disorder of purine or pyrimidine metabolism,Orphanet_79224,Orphanet,disease / other candidate,ASSOCIATED_WITH,0.05947463811513564,2,,,,,,,"[""OPEN_TARGETS""]"
PEComa,EFO_1000464,EFO,disease / other candidate,ASSOCIATED_WITH,0.059173841177850586,3,,,,,,,"[""OPEN_TARGETS""]"
peripheral neuropathy,EFO_0003100,EFO,disease / other candidate,ASSOCIATED_WITH,0.059146466698559746,32,,,,,,,"[""OPEN_TARGETS""]"
Rare genetic gastroenterological disease,Orphanet_165652,Orphanet,disease / other candidate,ASSOCIATED_WITH,0.059125847127276955,4,,,,,,,"[""OPEN_TARGETS""]"
Genetic intestinal disease,Orphanet_165655,Orphanet,disease / other candidate,ASSOCIATED_WITH,0.059125847127276955,4,,,,,,,"[""OPEN_TARGETS""]"
blood coagulation disease,EFO_0009314,EFO,disease / other candidate,ASSOCIATED_WITH,0.05901355273507012,12,,,,,,,"[""OPEN_TARGETS""]"
hereditary peripheral neuropathy,MONDO_0020127,MONDO,disease / other candidate,ASSOCIATED_WITH,0.05872190104267596,13,,,,,,,"[""OPEN_TARGETS""]"
activated PI3K-delta syndrome,MONDO_0018338,MONDO,disease / other candidate,ASSOCIATED_WITH,0.05865950921341438,4,,,,,,,"[""OPEN_TARGETS""]"
combined immunodeficiency due to ZAP70 deficiency,MONDO_0010023,MONDO,disease / other candidate,ASSOCIATED_WITH,0.0585792282560912,3,,,,,,,"[""OPEN_TARGETS""]"
inherited blood coagulation disorder,MONDO_0021181,MONDO,disease / other candidate,ASSOCIATED_WITH,0.05851537307008735,6,,,,,,,"[""OPEN_TARGETS""]"
vitamin metabolic disorder,EFO_0005596,EFO,disease / other candidate,ASSOCIATED_WITH,0.05840285653655,2,,,,,,,"[""OPEN_TARGETS""]"
nutritional deficiency disease,EFO_1001067,EFO,disease / other candidate,ASSOCIATED_WITH,0.05840285653655,2,,,,,,,"[""OPEN_TARGETS""]"
vitamin deficiency disorder,MONDO_0024298,MONDO,disease / other candidate,ASSOCIATED_WITH,0.05840285653655,2,,,,,,,"[""OPEN_TARGETS""]"
Rare genetic parathyroid disease and phosphocalcic metabolism disorder,Orphanet_183634,Orphanet,disease / other candidate,ASSOCIATED_WITH,0.05840285653655,2,,,,,,,"[""OPEN_TARGETS""]"
Primary bone dysplasia with defective bone mineralization,Orphanet_93447,Orphanet,disease / other candidate,ASSOCIATED_WITH,0.05840285653655,2,,,,,,,"[""OPEN_TARGETS""]"
hereditary ataxia,EFO_0009671,EFO,disease / other candidate,ASSOCIATED_WITH,0.05825595493157302,21,,,,,,,"[""OPEN_TARGETS""]"
atactic disorder,MONDO_0100308,MONDO,disease / other candidate,ASSOCIATED_WITH,0.05825595493157302,21,,,,,,,"[""OPEN_TARGETS""]"
Rare genetic neurological disorder,Orphanet_71859,Orphanet,disease / other candidate,ASSOCIATED_WITH,0.05815982287733075,10,,,,,,,"[""OPEN_TARGETS""]"
syndrome caused by partial chromosomal deletion,MONDO_0000761,MONDO,disease / other candidate,ASSOCIATED_WITH,0.05791685902763963,3,,,,,,,"[""OPEN_TARGETS""]"
Polymalformative genetic syndrome with increased risk of developing cancer,Orphanet_183422,Orphanet,disease / other candidate,ASSOCIATED_WITH,0.05777272288431259,2,,,,,,,"[""OPEN_TARGETS""]"
X-linked lymphoproliferative disease,Orphanet_2442,Orphanet,disease / other candidate,ASSOCIATED_WITH,0.05776353471848084,4,,,,,,,"[""OPEN_TARGETS""]"
primary osteolysis,MONDO_0019707,MONDO,disease / other candidate,ASSOCIATED_WITH,0.05774685229448467,2,,,,,,,"[""OPEN_TARGETS""]"
laminopathy,MONDO_0021106,MONDO,disease / other candidate,ASSOCIATED_WITH,0.05772837330175042,2,,,,,,,"[""OPEN_TARGETS""]"
lymphangioleiomyomatosis,MONDO_0011705,MONDO,disease / other candidate,ASSOCIATED_WITH,0.05765445733081348,1,,,,,,,"[""OPEN_TARGETS""]"
glomerular disease,EFO_1002049,EFO,disease / other candidate,ASSOCIATED_WITH,0.05758219553261307,104,,,,,,,"[""OPEN_TARGETS""]"
liver dysplastic nodule,EFO_0007834,EFO,disease / other candidate,ASSOCIATED_WITH,0.05757950217842573,7,,,,,,,"[""OPEN_TARGETS""]"
liver neoplasm,EFO_1001513,EFO,disease / other candidate,ASSOCIATED_WITH,0.05757950217842573,7,,,,,,,"[""OPEN_TARGETS""]"
Rare genetic hypothalamic or pituitary disease,Orphanet_183628,Orphanet,disease / other candidate,ASSOCIATED_WITH,0.05742264863306958,3,,,,,,,"[""OPEN_TARGETS""]"
Bruton-type agammaglobulinemia,MONDO_0010421,MONDO,disease / other candidate,ASSOCIATED_WITH,0.057386306614025585,3,,,,,,,"[""OPEN_TARGETS""]"
Neurodevelopmental disorder,EFO_0010642,EFO,disease / other candidate,ASSOCIATED_WITH,0.05718765744213255,7,,,,,,,"[""OPEN_TARGETS""]"
pervasive developmental disorder,MONDO_0000594,MONDO,disease / other candidate,ASSOCIATED_WITH,0.05718765744213255,7,,,,,,,"[""OPEN_TARGETS""]"
complex neurodevelopmental disorder,MONDO_0100038,MONDO,disease / other candidate,ASSOCIATED_WITH,0.05718765744213255,7,,,,,,,"[""OPEN_TARGETS""]"
Autosomal recessive early-onset inflammatory bowel disease,Orphanet_238569,Orphanet,disease / other candidate,ASSOCIATED_WITH,0.05715100743987632,3,,,,,,,"[""OPEN_TARGETS""]"
hyper-IgM syndrome type 2,MONDO_0011528,MONDO,disease / other candidate,ASSOCIATED_WITH,0.05707052116041165,2,,,,,,,"[""OPEN_TARGETS""]"
immunodeficiency 89 and autoimmunity,MONDO_0030484,MONDO,disease / other candidate,ASSOCIATED_WITH,0.056907906024350384,2,,,,,,,"[""OPEN_TARGETS""]"
parasitic infection,EFO_0001067,EFO,disease / other candidate,ASSOCIATED_WITH,0.056682217204352896,91,,,,,,,"[""OPEN_TARGETS""]"
glomerulosclerosis,MONDO_0000490,MONDO,disease / other candidate,ASSOCIATED_WITH,0.05668015617639339,82,,,,,,,"[""OPEN_TARGETS""]"
renal fibrosis,EFO_1001517,EFO,disease / other candidate,ASSOCIATED_WITH,0.05664148096501324,78,,,,,,,"[""OPEN_TARGETS""]"
X-Linked Combined Immunodeficiency Diseases,EFO_1001451,EFO,disease / other candidate,ASSOCIATED_WITH,0.05662332953624317,2,,,,,,,"[""OPEN_TARGETS""]"
Rare genetic immune disease,Orphanet_183770,Orphanet,disease / other candidate,ASSOCIATED_WITH,0.05662332953624317,2,,,,,,,"[""OPEN_TARGETS""]"
recurrent infections associated with rare immunoglobulin isotypes deficiency,MONDO_0013576,MONDO,disease / other candidate,ASSOCIATED_WITH,0.05653504101540181,3,,,,,,,"[""OPEN_TARGETS""]"
acquired metabolic disease,EFO_1000639,EFO,disease / other candidate,ASSOCIATED_WITH,0.05646876682884939,18,,,,,,,"[""OPEN_TARGETS""]"
Sleep Disorder,EFO_0008568,EFO,disease / other candidate,ASSOCIATED_WITH,0.05640756165608718,16,,,,,,,"[""OPEN_TARGETS""]"
Congenital bile acid synthesis defect type 1,Orphanet_79301,Orphanet,disease / other candidate,ASSOCIATED_WITH,0.056404250811271726,3,,,,,,,"[""OPEN_TARGETS""]"
Rare genetic renal disease,Orphanet_98056,Orphanet,disease / other candidate,ASSOCIATED_WITH,0.056313857738480105,7,,,,,,,"[""OPEN_TARGETS""]"
Autosomal recessive hyper-IgE syndrome,Orphanet_169446,Orphanet,disease / other candidate,ASSOCIATED_WITH,0.05630713343834625,3,,,,,,,"[""OPEN_TARGETS""]"
osteosclerosis-ichthyosis-premature ovarian failure syndrome,MONDO_0012387,MONDO,disease / other candidate,ASSOCIATED_WITH,0.05630549086121432,2,,,,,,,"[""OPEN_TARGETS""]"
benign neoplasm,EFO_0002422,EFO,disease / other candidate,ASSOCIATED_WITH,0.05623622266924397,122,,,,,,,"[""OPEN_TARGETS""]"
sleep-wake disorder,MONDO_0003406,MONDO,disease / other candidate,ASSOCIATED_WITH,0.056198617962511924,13,,,,,,,"[""OPEN_TARGETS""]"
severe combined immunodeficiency due to DCLRE1C deficiency,MONDO_0011225,MONDO,disease / other candidate,ASSOCIATED_WITH,0.0561844021282697,4,,,,,,,"[""OPEN_TARGETS""]"
sleep apnea,EFO_0003877,EFO,disease / other candidate,ASSOCIATED_WITH,0.056169954262605355,12,,,,,,,"[""OPEN_TARGETS""]"
obstructive sleep apnea,EFO_0003918,EFO,disease / other candidate,ASSOCIATED_WITH,0.056169954262605355,12,,,,,,,"[""OPEN_TARGETS""]"
"X-linked immunodeficiency with magnesium defect, Epstein-Barr virus infection and neoplasia",MONDO_0010455,MONDO,disease / other candidate,ASSOCIATED_WITH,0.05595623789853727,2,,,,,,,"[""OPEN_TARGETS""]"
"autosomal dominant osteosclerosis, Worth type",MONDO_0007764,MONDO,disease / other candidate,ASSOCIATED_WITH,0.055917432013795385,2,,,,,,,"[""OPEN_TARGETS""]"
placenta disease,EFO_0007441,EFO,disease / other candidate,ASSOCIATED_WITH,0.05585746543038182,23,,,,,,,"[""OPEN_TARGETS""]"
bone measurement,EFO_0004512,EFO,trait / measurement candidate,ASSOCIATED_WITH,0.05571929614725608,4,,,,,,,"[""OPEN_TARGETS""]"
alkaline phosphatase measurement,EFO_0004533,EFO,trait / measurement candidate,ASSOCIATED_WITH,0.05571929614725608,4,,,,,,,"[""OPEN_TARGETS""]"
osteomesopyknosis,MONDO_0008155,MONDO,disease / other candidate,ASSOCIATED_WITH,0.05568090090679718,1,,,,,,,"[""OPEN_TARGETS""]"
primary bacterial infectious disease,MONDO_0000314,MONDO,disease / other candidate,ASSOCIATED_WITH,0.055669933917735254,27,,,,,,,"[""OPEN_TARGETS""]"
Other immunodeficiency syndromes due to defects in innate immunity,Orphanet_331193,Orphanet,disease / other candidate,ASSOCIATED_WITH,0.055434001031653635,4,,,,,,,"[""OPEN_TARGETS""]"
WHIM syndrome,Orphanet_51636,Orphanet,disease / other candidate,ASSOCIATED_WITH,0.055434001031653635,4,,,,,,,"[""OPEN_TARGETS""]"
"hyper-IgE recurrent infection syndrome 5, autosomal recessive",MONDO_0030069,MONDO,disease / other candidate,ASSOCIATED_WITH,0.05535382273540122,2,,,,,,,"[""OPEN_TARGETS""]"
hyperostosis corticalis generalisata,MONDO_0009395,MONDO,disease / other candidate,ASSOCIATED_WITH,0.0553445832390341,2,,,,,,,"[""OPEN_TARGETS""]"
Mazabraud syndrome,MONDO_0018933,MONDO,disease / other candidate,ASSOCIATED_WITH,0.05529653785792508,1,,,,,,,"[""OPEN_TARGETS""]"
immunodeficiency 51,MONDO_0013500,MONDO,disease / other candidate,ASSOCIATED_WITH,0.05493989329815435,2,,,,,,,"[""OPEN_TARGETS""]"
chronic mucocutaneous candidiasis,MONDO_0015279,MONDO,disease / other candidate,ASSOCIATED_WITH,0.05493989329815435,2,,,,,,,"[""OPEN_TARGETS""]"
disorder of galactose metabolism,MONDO_0017690,MONDO,disease / other candidate,ASSOCIATED_WITH,0.05493825072102241,3,,,,,,,"[""OPEN_TARGETS""]"
galactosemia,MONDO_0018116,MONDO,disease / other candidate,ASSOCIATED_WITH,0.05493825072102241,3,,,,,,,"[""OPEN_TARGETS""]"
perceptual disorders,MONDO_0024417,MONDO,disease / other candidate,ASSOCIATED_WITH,0.05483797046782981,29,,,,,,,"[""OPEN_TARGETS""]"
inherited retinal dystrophy,MONDO_0019118,MONDO,disease / other candidate,ASSOCIATED_WITH,0.05481466942844006,28,,,,,,,"[""OPEN_TARGETS""]"
age-related macular degeneration,EFO_0001365,EFO,disease / other candidate,ASSOCIATED_WITH,0.05478662887645391,24,,,,,,,"[""OPEN_TARGETS""]"
macular degeneration,EFO_0009606,EFO,disease / other candidate,ASSOCIATED_WITH,0.05478662887645391,24,,,,,,,"[""OPEN_TARGETS""]"
degeneration of macula and posterior pole,MONDO_0002175,MONDO,disease / other candidate,ASSOCIATED_WITH,0.05478662887645391,24,,,,,,,"[""OPEN_TARGETS""]"
rickets,EFO_0005583,EFO,disease / other candidate,ASSOCIATED_WITH,0.054774506313182945,4,,,,,,,"[""OPEN_TARGETS""]"
hereditary hypophosphatemic rickets,MONDO_0000044,MONDO,disease / other candidate,ASSOCIATED_WITH,0.054774506313182945,4,,,,,,,"[""OPEN_TARGETS""]"
hypophosphatemic rickets,MONDO_0024300,MONDO,disease / other candidate,ASSOCIATED_WITH,0.054774506313182945,4,,,,,,,"[""OPEN_TARGETS""]"
metabolic bone disorder,MONDO_0800486,MONDO,disease / other candidate,ASSOCIATED_WITH,0.054773582363546236,4,,,,,,,"[""OPEN_TARGETS""]"
X-linked severe congenital neutropenia,MONDO_0010294,MONDO,disease / other candidate,ASSOCIATED_WITH,0.054739704210200135,3,,,,,,,"[""OPEN_TARGETS""]"
inherited kidney disorder,MONDO_0100191,MONDO,disease / other candidate,ASSOCIATED_WITH,0.054723685840744093,16,,,,,,,"[""OPEN_TARGETS""]"
IgG4-related disease,MONDO_0017287,MONDO,disease / other candidate,ASSOCIATED_WITH,0.0545995701026956,11,,,,,,,"[""OPEN_TARGETS""]"
"immunodeficiency 14b, autosomal recessive",MONDO_0023655,MONDO,disease / other candidate,ASSOCIATED_WITH,0.054440960494330004,2,,,,,,,"[""OPEN_TARGETS""]"
lysosomal storage disease,MONDO_0002561,MONDO,disease / other candidate,ASSOCIATED_WITH,0.05441842324661547,10,,,,,,,"[""OPEN_TARGETS""]"
immunodeficiency 78 with autoimmunity and developmental delay,MONDO_0030971,MONDO,disease / other candidate,ASSOCIATED_WITH,0.05430421594809665,2,,,,,,,"[""OPEN_TARGETS""]"
Recurrent infection due to specific granule deficiency,Orphanet_169142,Orphanet,disease / other candidate,ASSOCIATED_WITH,0.054252064124157805,3,,,,,,,"[""OPEN_TARGETS""]"
autoimmune lymphoproliferative syndrome type 2B,MONDO_0011804,MONDO,disease / other candidate,ASSOCIATED_WITH,0.054246931070620535,2,,,,,,,"[""OPEN_TARGETS""]"
TFRC-related combined immunodeficiency,MONDO_0014760,MONDO,disease / other candidate,ASSOCIATED_WITH,0.054243235272073684,2,,,,,,,"[""OPEN_TARGETS""]"
cerebellar disorder,MONDO_0002427,MONDO,disease / other candidate,ASSOCIATED_WITH,0.054169694651436354,23,,,,,,,"[""OPEN_TARGETS""]"
mycobacterial infectious disease,MONDO_0020590,MONDO,disease / other candidate,ASSOCIATED_WITH,0.054144336379132914,12,,,,,,,"[""OPEN_TARGETS""]"
musculoskeletal system benign neoplasm,MONDO_0000636,MONDO,disease / other candidate,ASSOCIATED_WITH,0.05410043197672977,10,,,,,,,"[""OPEN_TARGETS""]"
cerebellar ataxia,MONDO_0000437,MONDO,disease / other candidate,ASSOCIATED_WITH,0.05407734136900874,20,,,,,,,"[""OPEN_TARGETS""]"
cerebellar degeneration,MONDO_0022687,MONDO,disease / other candidate,ASSOCIATED_WITH,0.05407734136900874,20,,,,,,,"[""OPEN_TARGETS""]"
hereditary cerebellar ataxia,MONDO_0100310,MONDO,disease / other candidate,ASSOCIATED_WITH,0.05407734136900874,20,,,,,,,"[""OPEN_TARGETS""]"
tuberculosis,MONDO_0018076,MONDO,disease / other candidate,ASSOCIATED_WITH,0.053956345999980386,9,,,,,,,"[""OPEN_TARGETS""]"
complement deficiency,MONDO_0003832,MONDO,disease / other candidate,ASSOCIATED_WITH,0.05390214797096376,5,,,,,,,"[""OPEN_TARGETS""]"
severe combined immunodeficiency due to LAT deficiency,MONDO_0044721,MONDO,disease / other candidate,ASSOCIATED_WITH,0.05389398230939664,2,,,,,,,"[""OPEN_TARGETS""]"
pulmonary tuberculosis,EFO_1000049,EFO,disease / other candidate,ASSOCIATED_WITH,0.05386974172595729,7,,,,,,,"[""OPEN_TARGETS""]"
immunodeficiency 67,MONDO_0011888,MONDO,disease / other candidate,ASSOCIATED_WITH,0.05384593692828763,2,,,,,,,"[""OPEN_TARGETS""]"
immunodeficiency 35,MONDO_0012682,MONDO,disease / other candidate,ASSOCIATED_WITH,0.053812674741366,2,,,,,,,"[""OPEN_TARGETS""]"
pancreatic carcinoma,EFO_0002618,EFO,disease / other candidate,ASSOCIATED_WITH,0.05336056550961665,48,,,,,,,"[""OPEN_TARGETS""]"
severe combined immunodeficiency due to CORO1A deficiency,MONDO_0014168,MONDO,disease / other candidate,ASSOCIATED_WITH,0.053271240254252915,1,,,,,,,"[""OPEN_TARGETS""]"
fetal growth restriction,EFO_0000495,EFO,disease / other candidate,ASSOCIATED_WITH,0.05326452060436039,14,,,,,,,"[""OPEN_TARGETS""]"
glycogen storage disease VI,MONDO_0009294,MONDO,disease / other candidate,ASSOCIATED_WITH,0.053262125941538396,10,,,,,,,"[""OPEN_TARGETS""]"
syndromic dyslipidemia,MONDO_0015905,MONDO,disease / other candidate,ASSOCIATED_WITH,0.05308085529855493,4,,,,,,,"[""OPEN_TARGETS""]"
epilepsy,EFO_0000474,EFO,disease / other candidate,ASSOCIATED_WITH,0.053052356465767975,20,,,,,,,"[""OPEN_TARGETS""]"
hypopituitarism,EFO_0001380,EFO,disease / other candidate,ASSOCIATED_WITH,0.05300514275887994,2,,,,,,,"[""OPEN_TARGETS""]"
isolated congenital growth hormone deficiency,MONDO_0000050,MONDO,disease / other candidate,ASSOCIATED_WITH,0.05300514275887994,2,,,,,,,"[""OPEN_TARGETS""]"
isolated growth hormone deficiency type III,MONDO_0010615,MONDO,disease / other candidate,ASSOCIATED_WITH,0.05300514275887994,2,,,,,,,"[""OPEN_TARGETS""]"
"combined pituitary hormone deficiencies, genetic form",MONDO_0013099,MONDO,disease / other candidate,ASSOCIATED_WITH,0.05300514275887994,2,,,,,,,"[""OPEN_TARGETS""]"
Non-acquired isolated growth hormone deficiency,Orphanet_631,Orphanet,disease / other candidate,ASSOCIATED_WITH,0.05300514275887994,2,,,,,,,"[""OPEN_TARGETS""]"
autosomal recessive osteopetrosis 6,MONDO_0012679,MONDO,disease / other candidate,ASSOCIATED_WITH,0.052982967967598854,1,,,,,,,"[""OPEN_TARGETS""]"
autosomal recessive osteopetrosis,MONDO_0019026,MONDO,disease / other candidate,ASSOCIATED_WITH,0.052982967967598854,1,,,,,,,"[""OPEN_TARGETS""]"
hereditary optic neuropathy,MONDO_0020249,MONDO,disease / other candidate,ASSOCIATED_WITH,0.052982967967598854,1,,,,,,,"[""OPEN_TARGETS""]"
Non-Neoplastic Bile Duct Disorder,EFO_1000400,EFO,disease / other candidate,ASSOCIATED_WITH,0.05295139968834453,8,,,,,,,"[""OPEN_TARGETS""]"
inborn disorder of purine or pyrimidine metabolism,MONDO_0019254,MONDO,disease / other candidate,ASSOCIATED_WITH,0.05290749770805082,8,,,,,,,"[""OPEN_TARGETS""]"
selective IgM deficiency,MONDO_0018039,MONDO,disease / other candidate,ASSOCIATED_WITH,0.05279263434243623,2,,,,,,,"[""OPEN_TARGETS""]"
overnutrition,MONDO_0003916,MONDO,disease / other candidate,ASSOCIATED_WITH,0.05272877915643237,5,,,,,,,"[""OPEN_TARGETS""]"
Genetic vitreous-retinal disease,Orphanet_98657,Orphanet,disease / other candidate,ASSOCIATED_WITH,0.05256336336350744,9,,,,,,,"[""OPEN_TARGETS""]"
Genetic immune deficiency with skin involvement,Orphanet_183494,Orphanet,disease / other candidate,ASSOCIATED_WITH,0.0521954548939082,5,,,,,,,"[""OPEN_TARGETS""]"
cryptosporidiosis-chronic cholangitis-liver disease syndrome,MONDO_0014082,MONDO,disease / other candidate,ASSOCIATED_WITH,0.05217523066297129,3,,,,,,,"[""OPEN_TARGETS""]"
Cryptosporidiosis - chronic cholangitis - liver disease,Orphanet_357329,Orphanet,disease / other candidate,ASSOCIATED_WITH,0.05217523066297129,3,,,,,,,"[""OPEN_TARGETS""]"
"agammaglobulinemia 7, autosomal recessive",MONDO_0014083,MONDO,disease / other candidate,ASSOCIATED_WITH,0.05211815110763665,1,,,,,,,"[""OPEN_TARGETS""]"
erythrocyte disorder,MONDO_0044347,MONDO,disease / other candidate,ASSOCIATED_WITH,0.052109903092023034,19,,,,,,,"[""OPEN_TARGETS""]"
Eiken syndrome,MONDO_0010803,MONDO,disease / other candidate,ASSOCIATED_WITH,0.05208858471926187,1,,,,,,,"[""OPEN_TARGETS""]"
immunodeficiency 37,MONDO_0014491,MONDO,disease / other candidate,ASSOCIATED_WITH,0.05208119312216817,1,,,,,,,"[""OPEN_TARGETS""]"
congenital anomaly of cardiovascular system,MONDO_0024239,MONDO,disease / other candidate,ASSOCIATED_WITH,0.05202356949431779,28,,,,,,,"[""OPEN_TARGETS""]"
Malignant Pancreatic Neoplasm,EFO_1000359,EFO,disease / other candidate,ASSOCIATED_WITH,0.05196247108873032,49,,,,,,,"[""OPEN_TARGETS""]"
malignant exocrine pancreas neoplasm,MONDO_0002116,MONDO,disease / other candidate,ASSOCIATED_WITH,0.05195460729272674,46,,,,,,,"[""OPEN_TARGETS""]"
obesity,EFO_0001073,EFO,disease / other candidate,ASSOCIATED_WITH,0.05185102700155621,4,,,,,,,"[""OPEN_TARGETS""]"
congenital heart disease,EFO_0005207,EFO,disease / other candidate,ASSOCIATED_WITH,0.05183229483587353,27,,,,,,,"[""OPEN_TARGETS""]"
male infertility,EFO_0004248,EFO,disease / other candidate,ASSOCIATED_WITH,0.05182222550101221,10,,,,,,,"[""OPEN_TARGETS""]"
mitochondrial DNA depletion syndrome,MONDO_0018158,MONDO,disease / other candidate,ASSOCIATED_WITH,0.05171392314157525,7,,,,,,,"[""OPEN_TARGETS""]"
"hip dysplasia, Beukes type",MONDO_0007726,MONDO,disease / other candidate,ASSOCIATED_WITH,0.05157117292270329,1,,,,,,,"[""OPEN_TARGETS""]"
inherited hemoglobinopathy,MONDO_0019050,MONDO,disease / other candidate,ASSOCIATED_WITH,0.05155592775369755,7,,,,,,,"[""OPEN_TARGETS""]"
hemoglobinopathy,MONDO_0044348,MONDO,disease / other candidate,ASSOCIATED_WITH,0.05155592775369755,7,,,,,,,"[""OPEN_TARGETS""]"
T-B+ severe combined immunodeficiency due to IL-7Ralpha deficiency,MONDO_0015701,MONDO,disease / other candidate,ASSOCIATED_WITH,0.051536062836508245,2,,,,,,,"[""OPEN_TARGETS""]"
aplastic anemia,MONDO_0015909,MONDO,disease / other candidate,ASSOCIATED_WITH,0.05147508216048527,2,,,,,,,"[""OPEN_TARGETS""]"
inborn disorder of purine metabolism,MONDO_0019236,MONDO,disease / other candidate,ASSOCIATED_WITH,0.051417474927246985,5,,,,,,,"[""OPEN_TARGETS""]"
purine metabolism disease,MONDO_0037829,MONDO,disease / other candidate,ASSOCIATED_WITH,0.051417474927246985,5,,,,,,,"[""OPEN_TARGETS""]"
Immunodeficiency due to absence of thymus,Orphanet_331220,Orphanet,disease / other candidate,ASSOCIATED_WITH,0.051343881312072195,2,,,,,,,"[""OPEN_TARGETS""]"
Thymic aplasia,Orphanet_83471,Orphanet,disease / other candidate,ASSOCIATED_WITH,0.051343881312072195,2,,,,,,,"[""OPEN_TARGETS""]"
galactosemia 4,MONDO_0030105,MONDO,disease / other candidate,ASSOCIATED_WITH,0.051340185513525344,2,,,,,,,"[""OPEN_TARGETS""]"
disorder of galactose and fructose metabolism,MONDO_0800152,MONDO,disease / other candidate,ASSOCIATED_WITH,0.051340185513525344,2,,,,,,,"[""OPEN_TARGETS""]"
inherited obesity,MONDO_0019182,MONDO,disease / other candidate,ASSOCIATED_WITH,0.051296657219529154,3,,,,,,,"[""OPEN_TARGETS""]"
skin vascular disease,MONDO_0019293,MONDO,disease / other candidate,ASSOCIATED_WITH,0.051293849986304395,10,,,,,,,"[""OPEN_TARGETS""]"
dilated cardiomyopathy,EFO_0000407,EFO,disease / other candidate,ASSOCIATED_WITH,0.0511868098738312,2,,,,,,,"[""OPEN_TARGETS""]"
"immunodeficiency, common variable, 2",MONDO_0009413,MONDO,disease / other candidate,ASSOCIATED_WITH,0.05100386784576227,2,,,,,,,"[""OPEN_TARGETS""]"
immunodeficiency 36,MONDO_0014453,MONDO,disease / other candidate,ASSOCIATED_WITH,0.05095767036392669,2,,,,,,,"[""OPEN_TARGETS""]"
autosomal anomaly,MONDO_0020049,MONDO,disease / other candidate,ASSOCIATED_WITH,0.05093241574052324,4,,,,,,,"[""OPEN_TARGETS""]"
"neutropenia, severe congenital, 1, autosomal dominant",MONDO_0042490,MONDO,disease / other candidate,ASSOCIATED_WITH,0.05086424878954805,3,,,,,,,"[""OPEN_TARGETS""]"
cryptococcosis,EFO_0007229,EFO,disease / other candidate,ASSOCIATED_WITH,0.050804500046374025,5,,,,,,,"[""OPEN_TARGETS""]"
Behcet's syndrome,EFO_0003780,EFO,disease / other candidate,ASSOCIATED_WITH,0.05080415667884716,9,,,,,,,"[""OPEN_TARGETS""]"
gnathodiaphyseal dysplasia,MONDO_0008151,MONDO,disease / other candidate,ASSOCIATED_WITH,0.050787663630771716,1,,,,,,,"[""OPEN_TARGETS""]"
hyper-IgM syndrome type 3,MONDO_0011735,MONDO,disease / other candidate,ASSOCIATED_WITH,0.050765488839490634,2,,,,,,,"[""OPEN_TARGETS""]"
cardiogenetic disease,MONDO_0100547,MONDO,disease / other candidate,ASSOCIATED_WITH,0.05062840157455569,25,,,,,,,"[""OPEN_TARGETS""]"
T-cell immunodeficiency,MONDO_0003780,MONDO,disease / other candidate,ASSOCIATED_WITH,0.050423627473907294,3,,,,,,,"[""OPEN_TARGETS""]"
immunodeficiency due to a classical component pathway complement deficiency,MONDO_0015699,MONDO,disease / other candidate,ASSOCIATED_WITH,0.05029714903474852,3,,,,,,,"[""OPEN_TARGETS""]"
combined immunodeficiency due to moesin deficiency,MONDO_0010514,MONDO,disease / other candidate,ASSOCIATED_WITH,0.050292426625494234,1,,,,,,,"[""OPEN_TARGETS""]"
"hyper-IgE syndrome 6, autosomal dominant, with recurrent infections",MONDO_0957807,MONDO,disease / other candidate,ASSOCIATED_WITH,0.050231445949471244,2,,,,,,,"[""OPEN_TARGETS""]"
viral human hepatitis infection,EFO_0004196,EFO,disease / other candidate,ASSOCIATED_WITH,0.0501088090873357,54,,,,,,,"[""OPEN_TARGETS""]"
melorheostosis with osteopoikilosis,MONDO_0015995,MONDO,disease / other candidate,ASSOCIATED_WITH,0.050092853503964474,1,,,,,,,"[""OPEN_TARGETS""]"
chromosome 12 disorder,MONDO_0700019,MONDO,disease / other candidate,ASSOCIATED_WITH,0.049900671979528445,2,,,,,,,"[""OPEN_TARGETS""]"
urea cycle disorder,MONDO_0004739,MONDO,disease / other candidate,ASSOCIATED_WITH,0.04988034508752078,2,,,,,,,"[""OPEN_TARGETS""]"
neonatal intrahepatic cholestasis due to citrin deficiency,MONDO_0011601,MONDO,disease / other candidate,ASSOCIATED_WITH,0.04988034508752078,2,,,,,,,"[""OPEN_TARGETS""]"
citrullinemia,MONDO_0015991,MONDO,disease / other candidate,ASSOCIATED_WITH,0.04988034508752078,2,,,,,,,"[""OPEN_TARGETS""]"
citrin deficiency,MONDO_0016602,MONDO,disease / other candidate,ASSOCIATED_WITH,0.04988034508752078,2,,,,,,,"[""OPEN_TARGETS""]"
urea cycle disorder or inherited hyperammonemia,MONDO_0800153,MONDO,disease / other candidate,ASSOCIATED_WITH,0.04988034508752078,2,,,,,,,"[""OPEN_TARGETS""]"
Rare genetic female infertility,Orphanet_400008,Orphanet,disease / other candidate,ASSOCIATED_WITH,0.04987664928897393,2,,,,,,,"[""OPEN_TARGETS""]"
Rare female infertility due to hypothalamic-pituitary-gonadal axis disorder of genetic origin,Orphanet_400011,Orphanet,disease / other candidate,ASSOCIATED_WITH,0.04987664928897393,2,,,,,,,"[""OPEN_TARGETS""]"
Non-acquired premature ovarian failure,Orphanet_95710,Orphanet,disease / other candidate,ASSOCIATED_WITH,0.04987664928897393,2,,,,,,,"[""OPEN_TARGETS""]"
congenital T-cell immunodeficiency,MONDO_0001222,MONDO,disease / other candidate,ASSOCIATED_WITH,0.04986925769188024,2,,,,,,,"[""OPEN_TARGETS""]"
Nezelof syndrome,MONDO_0009451,MONDO,disease / other candidate,ASSOCIATED_WITH,0.04986925769188024,2,,,,,,,"[""OPEN_TARGETS""]"
benign recurrent intrahepatic cholestasis,MONDO_0019008,MONDO,disease / other candidate,ASSOCIATED_WITH,0.04985837561838119,3,,,,,,,"[""OPEN_TARGETS""]"
"neutropenia, severe congenital, 2, autosomal dominant",MONDO_0013139,MONDO,disease / other candidate,ASSOCIATED_WITH,0.049848930799872584,1,,,,,,,"[""OPEN_TARGETS""]"
hyper-IgM syndrome type 5,MONDO_0011971,MONDO,disease / other candidate,ASSOCIATED_WITH,0.04971588205218608,2,,,,,,,"[""OPEN_TARGETS""]"
Hypocalcemic vitamin D-resistant rickets,Orphanet_93160,Orphanet,disease / other candidate,ASSOCIATED_WITH,0.04958283330449959,1,,,,,,,"[""OPEN_TARGETS""]"
Wiskott-Aldrich syndrome,MONDO_0010518,MONDO,disease / other candidate,ASSOCIATED_WITH,0.04955141901685139,2,,,,,,,"[""OPEN_TARGETS""]"
Buschke-Ollendorff syndrome,MONDO_0008157,MONDO,disease / other candidate,ASSOCIATED_WITH,0.0493241274062203,1,,,,,,,"[""OPEN_TARGETS""]"
lysosomal lipid storage disorder,MONDO_0019245,MONDO,disease / other candidate,ASSOCIATED_WITH,0.0491678259260099,7,,,,,,,"[""OPEN_TARGETS""]"
"agammaglobulinemia 8, autosomal dominant",MONDO_0014840,MONDO,disease / other candidate,ASSOCIATED_WITH,0.04914672907597164,1,,,,,,,"[""OPEN_TARGETS""]"
Blackfan-Diamond anemia,Orphanet_124,Orphanet,disease / other candidate,ASSOCIATED_WITH,0.04907281310503471,1,,,,,,,"[""OPEN_TARGETS""]"
Syndrome or malformation associated with head and neck malformations,Orphanet_156237,Orphanet,disease / other candidate,ASSOCIATED_WITH,0.04907281310503471,1,,,,,,,"[""OPEN_TARGETS""]"
Rare constitutional medullar aplasia,Orphanet_68383,Orphanet,disease / other candidate,ASSOCIATED_WITH,0.04907281310503471,1,,,,,,,"[""OPEN_TARGETS""]"
Rare otorhinolaryngological malformation,Orphanet_96333,Orphanet,disease / other candidate,ASSOCIATED_WITH,0.04907281310503471,1,,,,,,,"[""OPEN_TARGETS""]"
partial deletion of the long arm of chromosome 12,MONDO_0016877,MONDO,disease / other candidate,ASSOCIATED_WITH,0.04897672234281669,1,,,,,,,"[""OPEN_TARGETS""]"
partial deletion of chromosome 12,MONDO_0017277,MONDO,disease / other candidate,ASSOCIATED_WITH,0.04897672234281669,1,,,,,,,"[""OPEN_TARGETS""]"
12q14 microdeletion syndrome,MONDO_0019784,MONDO,disease / other candidate,ASSOCIATED_WITH,0.04897672234281669,1,,,,,,,"[""OPEN_TARGETS""]"
esophageal disease,EFO_0009544,EFO,disease / other candidate,ASSOCIATED_WITH,0.04883175897872696,29,,,,,,,"[""OPEN_TARGETS""]"
upper digestive tract disorder,MONDO_0044991,MONDO,disease / other candidate,ASSOCIATED_WITH,0.04883175897872696,29,,,,,,,"[""OPEN_TARGETS""]"
Rare hereditary disease with peripheral neuropathy,Orphanet_207015,Orphanet,disease / other candidate,ASSOCIATED_WITH,0.04880455972717606,6,,,,,,,"[""OPEN_TARGETS""]"
hyper-IgM syndrome type 4,MONDO_0011985,MONDO,disease / other candidate,ASSOCIATED_WITH,0.048714320645990544,2,,,,,,,"[""OPEN_TARGETS""]"
autosomal recessive hypophosphatemic rickets,MONDO_0017324,MONDO,disease / other candidate,ASSOCIATED_WITH,0.048714320645990544,2,,,,,,,"[""OPEN_TARGETS""]"
immunoglobulin A deficiency 2,MONDO_0012291,MONDO,disease / other candidate,ASSOCIATED_WITH,0.04870323325035001,1,,,,,,,"[""OPEN_TARGETS""]"
phagocyte bactericidal dysfunction,EFO_0007433,EFO,disease / other candidate,ASSOCIATED_WITH,0.04866760985880124,4,,,,,,,"[""OPEN_TARGETS""]"
chronic granulomatous disease,MONDO_0018305,MONDO,disease / other candidate,ASSOCIATED_WITH,0.04866760985880124,4,,,,,,,"[""OPEN_TARGETS""]"
Immunodeficiency syndrome with autoimmunity,Orphanet_169355,Orphanet,disease / other candidate,ASSOCIATED_WITH,0.04862746938013964,2,,,,,,,"[""OPEN_TARGETS""]"
transient infantile hypertriglyceridemia and hepatosteatosis,MONDO_0013771,MONDO,disease / other candidate,ASSOCIATED_WITH,0.0485849676968509,1,,,,,,,"[""OPEN_TARGETS""]"
sideroblastic anemia,MONDO_0015194,MONDO,disease / other candidate,ASSOCIATED_WITH,0.04851105172591396,2,,,,,,,"[""OPEN_TARGETS""]"
inherited sideroblastic anemia,MONDO_0020099,MONDO,disease / other candidate,ASSOCIATED_WITH,0.04851105172591396,2,,,,,,,"[""OPEN_TARGETS""]"
hyperlipidemia,MONDO_0021187,MONDO,disease / other candidate,ASSOCIATED_WITH,0.048498116430999993,4,,,,,,,"[""OPEN_TARGETS""]"
congenital disorder of glycosylation type I,EFO_0005545,EFO,disease / other candidate,ASSOCIATED_WITH,0.04843159205715675,2,,,,,,,"[""OPEN_TARGETS""]"
hyper-IgM syndrome type 1,MONDO_0010626,MONDO,disease / other candidate,ASSOCIATED_WITH,0.04838169877677431,2,,,,,,,"[""OPEN_TARGETS""]"
X-linked hyper-IgM syndrome,Orphanet_101088,Orphanet,disease / other candidate,ASSOCIATED_WITH,0.04838169877677431,2,,,,,,,"[""OPEN_TARGETS""]"
Immunodeficiency with severe reduction in serum IgG and IgA with normal/elevated IgM and normal number of B-cells,Orphanet_331240,Orphanet,disease / other candidate,ASSOCIATED_WITH,0.04838169877677431,2,,,,,,,"[""OPEN_TARGETS""]"
"agammaglobulinemia 10, autosomal dominant",MONDO_0030529,MONDO,disease / other candidate,ASSOCIATED_WITH,0.048378002978227475,1,,,,,,,"[""OPEN_TARGETS""]"
immunodeficiency due to selective anti-polysaccharide antibody deficiency,MONDO_0019093,MONDO,disease / other candidate,ASSOCIATED_WITH,0.04828930381310313,1,,,,,,,"[""OPEN_TARGETS""]"
periodontal disorder,MONDO_0002635,MONDO,disease / other candidate,ASSOCIATED_WITH,0.04828211080589195,50,,,,,,,"[""OPEN_TARGETS""]"
combined immunodeficiency due to MALT1 deficiency,MONDO_0014197,MONDO,disease / other candidate,ASSOCIATED_WITH,0.04828006431673602,2,,,,,,,"[""OPEN_TARGETS""]"
osteosclerotic metaphyseal dysplasia,MONDO_0014080,MONDO,disease / other candidate,ASSOCIATED_WITH,0.04826712902182205,1,,,,,,,"[""OPEN_TARGETS""]"
esophageal cancer,MONDO_0007576,MONDO,disease / other candidate,ASSOCIATED_WITH,0.0482511564073211,15,1,0,0.392,0.846,2007,2018,"[""OPEN_TARGETS"", ""DISGENET""]"
neoplasm of esophagus,MONDO_0021355,MONDO,disease / other candidate,ASSOCIATED_WITH,0.0482511564073211,15,,,,,,,"[""OPEN_TARGETS""]"
disorder of fatty acid and ketone body metabolism,MONDO_0019223,MONDO,disease / other candidate,ASSOCIATED_WITH,0.04814234449033059,4,,,,,,,"[""OPEN_TARGETS""]"
osteitis deformans,EFO_0004261,EFO,disease / other candidate,ASSOCIATED_WITH,0.04804722900828466,2,,,,,,,"[""OPEN_TARGETS""]"
pacman dysplasia,MONDO_0008175,MONDO,disease / other candidate,ASSOCIATED_WITH,0.048008423123542775,1,,,,,,,"[""OPEN_TARGETS""]"
Rare genetic hematologic disease,Orphanet_158300,Orphanet,disease / other candidate,ASSOCIATED_WITH,0.04800385470589458,8,,,,,,,"[""OPEN_TARGETS""]"
immunodeficiency 23,MONDO_0014353,MONDO,disease / other candidate,ASSOCIATED_WITH,0.0479566819438869,3,,,,,,,"[""OPEN_TARGETS""]"
DNA repair defect other than combined T-cell and B-cell immunodeficiencies,Orphanet_169346,Orphanet,disease / other candidate,ASSOCIATED_WITH,0.04793635505187925,2,,,,,,,"[""OPEN_TARGETS""]"
ICF syndrome,Orphanet_2268,Orphanet,disease / other candidate,ASSOCIATED_WITH,0.04793635505187925,2,,,,,,,"[""OPEN_TARGETS""]"
vector-borne disease,MONDO_0100120,MONDO,disease / other candidate,ASSOCIATED_WITH,0.04792964082973302,55,,,,,,,"[""OPEN_TARGETS""]"
urolithiasis,MONDO_0024647,MONDO,disease / other candidate,ASSOCIATED_WITH,0.04792218782411633,3,,,,,,,"[""OPEN_TARGETS""]"
benign epithelial neoplasm,MONDO_0036976,MONDO,disease / other candidate,ASSOCIATED_WITH,0.047865523785326096,82,,,,,,,"[""OPEN_TARGETS""]"
proteostasis deficiencies,MONDO_0021179,MONDO,disease / other candidate,ASSOCIATED_WITH,0.04785134303166118,21,,,,,,,"[""OPEN_TARGETS""]"
combined immunodeficiency due to CRAC channel dysfunction,MONDO_0015695,MONDO,disease / other candidate,ASSOCIATED_WITH,0.047736576608208015,3,,,,,,,"[""OPEN_TARGETS""]"
neonatal hemochromatosis,MONDO_0009275,MONDO,disease / other candidate,ASSOCIATED_WITH,0.04773123823252924,2,,,,,,,"[""OPEN_TARGETS""]"
Immunodeficiency due to a complement cascade protein anomaly,Orphanet_101992,Orphanet,disease / other candidate,ASSOCIATED_WITH,0.047725694534708964,2,,,,,,,"[""OPEN_TARGETS""]"
amyloidosis,EFO_1001875,EFO,disease / other candidate,ASSOCIATED_WITH,0.047550804935307535,17,,,,,,,"[""OPEN_TARGETS""]"
hereditary lethal multiple congenital anomalies/dysmorphic syndrome,MONDO_0043009,MONDO,disease / other candidate,ASSOCIATED_WITH,0.04720899935781855,12,,,,,,,"[""OPEN_TARGETS""]"
familial hyperlipidemia,MONDO_0001336,MONDO,disease / other candidate,ASSOCIATED_WITH,0.04711219197593236,2,,,,,,,"[""OPEN_TARGETS""]"
disorder of sexual differentiation,MONDO_0002145,MONDO,disease / other candidate,ASSOCIATED_WITH,0.047097408781744975,4,,,,,,,"[""OPEN_TARGETS""]"
"46,XY disorder of sex development",MONDO_0020040,MONDO,disease / other candidate,ASSOCIATED_WITH,0.047097408781744975,4,,,,,,,"[""OPEN_TARGETS""]"
"metaphyseal dysplasia, Braun-Tinschert type",MONDO_0011620,MONDO,disease / other candidate,ASSOCIATED_WITH,0.04701055751589407,1,,,,,,,"[""OPEN_TARGETS""]"
renal tubule disease,EFO_0009566,EFO,disease / other candidate,ASSOCIATED_WITH,0.04692924994786343,2,,,,,,,"[""OPEN_TARGETS""]"
inherited renal tubular disease,MONDO_0015962,MONDO,disease / other candidate,ASSOCIATED_WITH,0.04692924994786343,2,,,,,,,"[""OPEN_TARGETS""]"
Epstein-Barr virus-associated malignant lymphoproliferative disorder,MONDO_0017343,MONDO,disease / other candidate,ASSOCIATED_WITH,0.04687939603695343,17,,,,,,,"[""OPEN_TARGETS""]"
periodontitis,EFO_0000649,EFO,disease / other candidate,ASSOCIATED_WITH,0.04679192885258872,34,,,,,,,"[""OPEN_TARGETS""]"
combined immunodeficiency due to STK4 deficiency,MONDO_0013934,MONDO,disease / other candidate,ASSOCIATED_WITH,0.04676109111398189,2,,,,,,,"[""OPEN_TARGETS""]"
"immunodeficiency, common variable, 7",MONDO_0013862,MONDO,disease / other candidate,ASSOCIATED_WITH,0.046729676826333694,1,,,,,,,"[""OPEN_TARGETS""]"
"spondyloepimetaphyseal dysplasia, di rocco type",MONDO_0060702,MONDO,disease / other candidate,ASSOCIATED_WITH,0.046714893632146315,1,,,,,,,"[""OPEN_TARGETS""]"
spondyloepimetaphyseal dysplasia,MONDO_0100510,MONDO,disease / other candidate,ASSOCIATED_WITH,0.046714893632146315,1,,,,,,,"[""OPEN_TARGETS""]"
metastatic melanoma,EFO_0002617,EFO,disease / other candidate,ASSOCIATED_WITH,0.04670080025023511,25,,,,,,,"[""OPEN_TARGETS""]"
pyknoachondrogenesis,MONDO_0009942,MONDO,disease / other candidate,ASSOCIATED_WITH,0.04670011043795892,1,,,,,,,"[""OPEN_TARGETS""]"
hypohidrotic ectodermal dysplasia,MONDO_0016535,MONDO,disease / other candidate,ASSOCIATED_WITH,0.04666130455321702,2,,,,,,,"[""OPEN_TARGETS""]"
Autosomal dominant osteopetrosis type 1,Orphanet_2783,Orphanet,disease / other candidate,ASSOCIATED_WITH,0.04665576085539676,1,,,,,,,"[""OPEN_TARGETS""]"
ghosal hematodiaphyseal dysplasia,MONDO_0009274,MONDO,disease / other candidate,ASSOCIATED_WITH,0.04664097766120937,1,,,,,,,"[""OPEN_TARGETS""]"
Chronic mucocutaneous candidosis,Orphanet_1334,Orphanet,disease / other candidate,ASSOCIATED_WITH,0.04656706169027243,1,,,,,,,"[""OPEN_TARGETS""]"
Genetic susceptibility to infections due to particular pathogens,Orphanet_183710,Orphanet,disease / other candidate,ASSOCIATED_WITH,0.04656706169027243,1,,,,,,,"[""OPEN_TARGETS""]"
disorder of methionine catabolism,MONDO_0000351,MONDO,disease / other candidate,ASSOCIATED_WITH,0.046544886898991354,1,,,,,,,"[""OPEN_TARGETS""]"
glycine N-methyltransferase deficiency,MONDO_0011698,MONDO,disease / other candidate,ASSOCIATED_WITH,0.046544886898991354,1,,,,,,,"[""OPEN_TARGETS""]"
inborn disorder of methionine cycle and sulfur amino acid metabolism,MONDO_0019222,MONDO,disease / other candidate,ASSOCIATED_WITH,0.046544886898991354,1,,,,,,,"[""OPEN_TARGETS""]"
inborn disorder of aspartate family metabolism,MONDO_0037938,MONDO,disease / other candidate,ASSOCIATED_WITH,0.046544886898991354,1,,,,,,,"[""OPEN_TARGETS""]"
sulfur metabolism disease,MONDO_0056803,MONDO,disease / other candidate,ASSOCIATED_WITH,0.046544886898991354,1,,,,,,,"[""OPEN_TARGETS""]"
combined oxidative phosphorylation deficiency,MONDO_0000732,MONDO,disease / other candidate,ASSOCIATED_WITH,0.046539343201171084,2,,,,,,,"[""OPEN_TARGETS""]"
glycogen storage disease due to liver phosphorylase kinase deficiency,MONDO_0020693,MONDO,disease / other candidate,ASSOCIATED_WITH,0.04643955664040621,2,,,,,,,"[""OPEN_TARGETS""]"
Rare dyslipidemia,Orphanet_101953,Orphanet,disease / other candidate,ASSOCIATED_WITH,0.04641922974839855,2,,,,,,,"[""OPEN_TARGETS""]"
Rare hyperlipidemia,Orphanet_181422,Orphanet,disease / other candidate,ASSOCIATED_WITH,0.04641922974839855,2,,,,,,,"[""OPEN_TARGETS""]"
Hyperlipoproteinemia type 1,Orphanet_411,Orphanet,disease / other candidate,ASSOCIATED_WITH,0.04641922974839855,2,,,,,,,"[""OPEN_TARGETS""]"
nephrolithiasis,EFO_0004253,EFO,disease / other candidate,ASSOCIATED_WITH,0.04638227176293007,2,,,,,,,"[""OPEN_TARGETS""]"
childhood neoplasm,MONDO_0021079,MONDO,disease / other candidate,ASSOCIATED_WITH,0.04635681181738512,4,,,,,,,"[""OPEN_TARGETS""]"
childhood cancer,EFO_1000654,EFO,disease / other candidate,ASSOCIATED_WITH,0.046223352425415656,3,,,,,,,"[""OPEN_TARGETS""]"
immunodeficiency 25,MONDO_0012426,MONDO,disease / other candidate,ASSOCIATED_WITH,0.046204873432681426,1,,,,,,,"[""OPEN_TARGETS""]"
autosomal recessive cerebellar ataxia,MONDO_0015244,MONDO,disease / other candidate,ASSOCIATED_WITH,0.04612600669240291,14,,,,,,,"[""OPEN_TARGETS""]"
ossification of the posterior longitudinal ligament of the spine,EFO_0005895,EFO,disease / other candidate,ASSOCIATED_WITH,0.04609399947627601,1,,,,,,,"[""OPEN_TARGETS""]"
Hodgkins lymphoma,EFO_0000183,EFO,disease / other candidate,ASSOCIATED_WITH,0.045976885717136956,10,,,,,,,"[""OPEN_TARGETS""]"
sign or symptom,EFO_0003765,EFO,disease / other candidate,ASSOCIATED_WITH,0.04594229695905971,22,,,,,,,"[""OPEN_TARGETS""]"
azoospermia,EFO_0000279,EFO,disease / other candidate,ASSOCIATED_WITH,0.04587040366419176,4,,,,,,,"[""OPEN_TARGETS""]"
severe combined immunodeficiency due to IKK2 deficiency,MONDO_0014267,MONDO,disease / other candidate,ASSOCIATED_WITH,0.045842685175090415,1,,,,,,,"[""OPEN_TARGETS""]"
benign recurrent intrahepatic cholestasis type 2,MONDO_0011559,MONDO,disease / other candidate,ASSOCIATED_WITH,0.04572811542013816,2,,,,,,,"[""OPEN_TARGETS""]"
autism spectrum disorder,EFO_0003756,EFO,disease / other candidate,ASSOCIATED_WITH,0.045702655474593214,5,,,,,,,"[""OPEN_TARGETS""]"
TMEM199-CDG,MONDO_0014790,MONDO,disease / other candidate,ASSOCIATED_WITH,0.04568746163612284,1,,,,,,,"[""OPEN_TARGETS""]"
morphologic finding,EFO_0008513,EFO,disease / other candidate,ASSOCIATED_WITH,0.045478306925463036,14,,,,,,,"[""OPEN_TARGETS""]"
steatosis,EFO_0008527,EFO,disease / other candidate,ASSOCIATED_WITH,0.045478306925463036,14,,,,,,,"[""OPEN_TARGETS""]"
familial cardiomyopathy,EFO_0002945,EFO,disease / other candidate,ASSOCIATED_WITH,0.04546756162258544,4,,,,,,,"[""OPEN_TARGETS""]"
lysosomal acid lipase deficiency,EFO_0700022,EFO,disease / other candidate,ASSOCIATED_WITH,0.04539179775237507,2,,,,,,,"[""OPEN_TARGETS""]"
hemochromatosis type 2,MONDO_0019257,MONDO,disease / other candidate,ASSOCIATED_WITH,0.04524766160904804,2,,,,,,,"[""OPEN_TARGETS""]"
Congenital bile acid synthesis defect type 2,Orphanet_79303,Orphanet,disease / other candidate,ASSOCIATED_WITH,0.045218095220673264,2,,,,,,,"[""OPEN_TARGETS""]"
"metaphyseal chondrodysplasia, Spahr type",MONDO_0009597,MONDO,disease / other candidate,ASSOCIATED_WITH,0.04521439942212641,1,,,,,,,"[""OPEN_TARGETS""]"
combined immunodeficiency with skin granulomas,MONDO_0009306,MONDO,disease / other candidate,ASSOCIATED_WITH,0.04504439268897145,1,,,,,,,"[""OPEN_TARGETS""]"
combined immunodeficiency due to LRBA deficiency,MONDO_0013863,MONDO,disease / other candidate,ASSOCIATED_WITH,0.045033305293330925,2,,,,,,,"[""OPEN_TARGETS""]"
pediatric hepatocellular carcinoma,MONDO_0018055,MONDO,disease / other candidate,ASSOCIATED_WITH,0.04502221789769037,1,,,,,,,"[""OPEN_TARGETS""]"
adrenal gland disease,EFO_0005539,EFO,disease / other candidate,ASSOCIATED_WITH,0.04480757000832513,31,,,,,,,"[""OPEN_TARGETS""]"
"Metaphyseal chondrodysplasia, Schmid type",Orphanet_174,Orphanet,disease / other candidate,ASSOCIATED_WITH,0.04478568679069216,1,,,,,,,"[""OPEN_TARGETS""]"
"severe combined immunodeficiency, autosomal recessive, T cell-negative, B cell-negative, NK cell-negative, due to adenosine deaminase deficiency",MONDO_0007064,MONDO,disease / other candidate,ASSOCIATED_WITH,0.04469883552484126,2,,,,,,,"[""OPEN_TARGETS""]"
immunodeficiency 105,MONDO_0800104,MONDO,disease / other candidate,ASSOCIATED_WITH,0.04459350526625613,2,,,,,,,"[""OPEN_TARGETS""]"
adrenal cortex disorder,MONDO_0002816,MONDO,disease / other candidate,ASSOCIATED_WITH,0.04443924760374044,24,,,,,,,"[""OPEN_TARGETS""]"
hepatic porphyria,MONDO_0002520,MONDO,disease / other candidate,ASSOCIATED_WITH,0.04434403886434394,2,,,,,,,"[""OPEN_TARGETS""]"
porphyria cutanea tarda,MONDO_0015104,MONDO,disease / other candidate,ASSOCIATED_WITH,0.04434403886434394,2,,,,,,,"[""OPEN_TARGETS""]"
porphyria,MONDO_0037939,MONDO,disease / other candidate,ASSOCIATED_WITH,0.04434403886434394,2,,,,,,,"[""OPEN_TARGETS""]"
tooth hard tissue disease,MONDO_0002220,MONDO,disease / other candidate,ASSOCIATED_WITH,0.044300305248206245,4,,,,,,,"[""OPEN_TARGETS""]"
dentin dysplasia,MONDO_0015613,MONDO,disease / other candidate,ASSOCIATED_WITH,0.044300305248206245,4,,,,,,,"[""OPEN_TARGETS""]"
Flaviviridae infectious disease,EFO_0007274,EFO,disease / other candidate,ASSOCIATED_WITH,0.04429311897325405,4,,,,,,,"[""OPEN_TARGETS""]"
IgAD1,MONDO_0007644,MONDO,disease / other candidate,ASSOCIATED_WITH,0.044290449785414666,1,,,,,,,"[""OPEN_TARGETS""]"
combined immunodeficiency due to STIM1 deficiency,MONDO_0013008,MONDO,disease / other candidate,ASSOCIATED_WITH,0.044275666591227274,2,,,,,,,"[""OPEN_TARGETS""]"
abnormal mineralization disorder,MONDO_0800096,MONDO,disease / other candidate,ASSOCIATED_WITH,0.04427197079268043,2,,,,,,,"[""OPEN_TARGETS""]"
hyperpituitarism,EFO_1000973,EFO,disease / other candidate,ASSOCIATED_WITH,0.04423152233080661,4,,,,,,,"[""OPEN_TARGETS""]"
anterior pituitary gland disorder,MONDO_0024468,MONDO,disease / other candidate,ASSOCIATED_WITH,0.04423152233080661,4,,,,,,,"[""OPEN_TARGETS""]"
"immunodeficiency, common variable, 6",MONDO_0013286,MONDO,disease / other candidate,ASSOCIATED_WITH,0.04422392541157143,2,,,,,,,"[""OPEN_TARGETS""]"
normocytic anemia,MONDO_0004139,MONDO,disease / other candidate,ASSOCIATED_WITH,0.044133942983062766,7,,,,,,,"[""OPEN_TARGETS""]"
hepatic veno-occlusive disease,MONDO_0019514,MONDO,disease / other candidate,ASSOCIATED_WITH,0.04409826826097862,2,,,,,,,"[""OPEN_TARGETS""]"
dengue disease,EFO_0005547,EFO,disease / other candidate,ASSOCIATED_WITH,0.04406213156407611,3,,,,,,,"[""OPEN_TARGETS""]"
Caffey disease,MONDO_0007244,MONDO,disease / other candidate,ASSOCIATED_WITH,0.04398000270747952,1,,,,,,,"[""OPEN_TARGETS""]"
neonatal osteosclerotic dysplasia,MONDO_0019702,MONDO,disease / other candidate,ASSOCIATED_WITH,0.04398000270747952,1,,,,,,,"[""OPEN_TARGETS""]"
immunodeficiency 53,MONDO_0054696,MONDO,disease / other candidate,ASSOCIATED_WITH,0.04391347833363626,1,,,,,,,"[""OPEN_TARGETS""]"
familial hemolytic anemia,MONDO_0003689,MONDO,disease / other candidate,ASSOCIATED_WITH,0.043835558580940244,6,,,,,,,"[""OPEN_TARGETS""]"
classic complement early component deficiency,MONDO_0000015,MONDO,disease / other candidate,ASSOCIATED_WITH,0.04383032286633221,2,,,,,,,"[""OPEN_TARGETS""]"
immunodeficiency 96,MONDO_0030693,MONDO,disease / other candidate,ASSOCIATED_WITH,0.04372129680920023,1,,,,,,,"[""OPEN_TARGETS""]"
benign digestive system neoplasm,MONDO_0000385,MONDO,disease / other candidate,ASSOCIATED_WITH,0.04369255170939142,3,,,,,,,"[""OPEN_TARGETS""]"
disorder of fatty acid oxidation and ketogenesis,MONDO_0017713,MONDO,disease / other candidate,ASSOCIATED_WITH,0.04363444554334932,3,,,,,,,"[""OPEN_TARGETS""]"
inherited fatty acid metabolism disorder,MONDO_0037858,MONDO,disease / other candidate,ASSOCIATED_WITH,0.04363444554334932,3,,,,,,,"[""OPEN_TARGETS""]"
systemic mycosis,MONDO_0000256,MONDO,disease / other candidate,ASSOCIATED_WITH,0.04362819372732148,12,,,,,,,"[""OPEN_TARGETS""]"
familial hypertrophic cardiomyopathy,MONDO_0024573,MONDO,disease / other candidate,ASSOCIATED_WITH,0.043619662349161925,3,,,,,,,"[""OPEN_TARGETS""]"
Weismann-Netter syndrome,MONDO_0007209,MONDO,disease / other candidate,ASSOCIATED_WITH,0.0436178144498885,1,,,,,,,"[""OPEN_TARGETS""]"
bent bone dysplasia,MONDO_0019698,MONDO,disease / other candidate,ASSOCIATED_WITH,0.0436178144498885,1,,,,,,,"[""OPEN_TARGETS""]"
immunodeficiency 95,MONDO_0030692,MONDO,disease / other candidate,ASSOCIATED_WITH,0.04361042285279481,1,,,,,,,"[""OPEN_TARGETS""]"
acromegaly,EFO_1001485,EFO,disease / other candidate,ASSOCIATED_WITH,0.04338456849715416,3,,,,,,,"[""OPEN_TARGETS""]"
neutropenia-monocytopenia-deafness syndrome,MONDO_0017100,MONDO,disease / other candidate,ASSOCIATED_WITH,0.04336650014870291,1,,,,,,,"[""OPEN_TARGETS""]"
Asperger syndrome,EFO_0003757,EFO,disease / other candidate,ASSOCIATED_WITH,0.04335171695451553,2,,,,,,,"[""OPEN_TARGETS""]"
Rare constitutional anemia,Orphanet_183651,Orphanet,disease / other candidate,ASSOCIATED_WITH,0.0433449413238463,4,,,,,,,"[""OPEN_TARGETS""]"
sterol metabolism disorder,MONDO_0019256,MONDO,disease / other candidate,ASSOCIATED_WITH,0.0433424774581484,2,,,,,,,"[""OPEN_TARGETS""]"
steroid metabolism disease,MONDO_0045012,MONDO,disease / other candidate,ASSOCIATED_WITH,0.0433424774581484,2,,,,,,,"[""OPEN_TARGETS""]"
"cholestasis, progressive familial intrahepatic, 7, with or without hearing loss",MONDO_0030503,MONDO,disease / other candidate,ASSOCIATED_WITH,0.043314758969047046,1,,,,,,,"[""OPEN_TARGETS""]"
African iron overload,MONDO_0011012,MONDO,disease / other candidate,ASSOCIATED_WITH,0.0432556261922975,1,,,,,,,"[""OPEN_TARGETS""]"
Disorder of energy metabolism,Orphanet_79200,Orphanet,disease / other candidate,ASSOCIATED_WITH,0.043191565684152146,4,,,,,,,"[""OPEN_TARGETS""]"
Rare hereditary metabolic disease with peripheral neuropathy,Orphanet_207018,Orphanet,disease / other candidate,ASSOCIATED_WITH,0.04317616652354029,2,,,,,,,"[""OPEN_TARGETS""]"
urticaria,EFO_0005531,EFO,disease / other candidate,ASSOCIATED_WITH,0.043174318624266864,2,,,,,,,"[""OPEN_TARGETS""]"
ciliopathy,EFO_0003900,EFO,disease / other candidate,ASSOCIATED_WITH,0.04314290433661867,3,,,,,,,"[""OPEN_TARGETS""]"
dentin dysplasia-sclerotic bones syndrome,MONDO_0007438,MONDO,disease / other candidate,ASSOCIATED_WITH,0.04311518584751731,1,,,,,,,"[""OPEN_TARGETS""]"
Rare genetic odontologic disease,Orphanet_77830,Orphanet,disease / other candidate,ASSOCIATED_WITH,0.04311518584751731,1,,,,,,,"[""OPEN_TARGETS""]"
Dentin dysplasia - sclerotic bones,Orphanet_99792,Orphanet,disease / other candidate,ASSOCIATED_WITH,0.04311518584751731,1,,,,,,,"[""OPEN_TARGETS""]"
"granulomatous disease, chronic, autosomal recessive, 5",MONDO_0030066,MONDO,disease / other candidate,ASSOCIATED_WITH,0.0429414833158155,2,,,,,,,"[""OPEN_TARGETS""]"
ameloblastoma,MONDO_0017795,MONDO,disease / other candidate,ASSOCIATED_WITH,0.04287126314342541,2,,,,,,,"[""OPEN_TARGETS""]"
odontogenic neoplasm,MONDO_0021192,MONDO,disease / other candidate,ASSOCIATED_WITH,0.04287126314342541,2,,,,,,,"[""OPEN_TARGETS""]"
Other metabolic disease,Orphanet_91088,Orphanet,disease / other candidate,ASSOCIATED_WITH,0.04284640707229675,17,,,,,,,"[""OPEN_TARGETS""]"
Albers-Schönberg osteopetrosis,Orphanet_53,Orphanet,disease / other candidate,ASSOCIATED_WITH,0.04269386481317675,1,,,,,,,"[""OPEN_TARGETS""]"
Unclassified primitive or secondary maculopathy,Orphanet_98666,Orphanet,disease / other candidate,ASSOCIATED_WITH,0.04269386481317675,1,,,,,,,"[""OPEN_TARGETS""]"
vesiculobullous skin disease,EFO_1000774,EFO,disease / other candidate,ASSOCIATED_WITH,0.04262324966949496,22,,,,,,,"[""OPEN_TARGETS""]"
"mitochondrial DNA depletion syndrome, hepatocerebral form",MONDO_0100512,MONDO,disease / other candidate,ASSOCIATED_WITH,0.042621796741513236,6,,,,,,,"[""OPEN_TARGETS""]"
bone marrow failure syndrome,MONDO_0000159,MONDO,disease / other candidate,ASSOCIATED_WITH,0.042518314382201515,2,,,,,,,"[""OPEN_TARGETS""]"
neurological pain disorder,MONDO_0700057,MONDO,disease / other candidate,ASSOCIATED_WITH,0.0425076250601006,7,,,,,,,"[""OPEN_TARGETS""]"
Fibroadenoma,EFO_1000254,EFO,disease / other candidate,ASSOCIATED_WITH,0.0425016832887407,2,,,,,,,"[""OPEN_TARGETS""]"
"cholestasis, progressive familial intrahepatic, 8",MONDO_0030505,MONDO,disease / other candidate,ASSOCIATED_WITH,0.04248690009455332,1,,,,,,,"[""OPEN_TARGETS""]"
androgen insensitivity syndrome,MONDO_0019154,MONDO,disease / other candidate,ASSOCIATED_WITH,0.042442550511991146,3,,,,,,,"[""OPEN_TARGETS""]"
combined immunodeficiency due to CD3gamma deficiency,MONDO_0014276,MONDO,disease / other candidate,ASSOCIATED_WITH,0.04243515891489745,1,,,,,,,"[""OPEN_TARGETS""]"
reticular dysgenesis,MONDO_0009973,MONDO,disease / other candidate,ASSOCIATED_WITH,0.042401896727975834,2,,,,,,,"[""OPEN_TARGETS""]"
adrenal gland hyperfunction,EFO_1000797,EFO,disease / other candidate,ASSOCIATED_WITH,0.04232823373486463,16,,,,,,,"[""OPEN_TARGETS""]"
hyperaldosteronism,EFO_0009452,EFO,disease / other candidate,ASSOCIATED_WITH,0.04231808532354424,15,,,,,,,"[""OPEN_TARGETS""]"
dacryocystitis-osteopoikilosis syndrome,MONDO_0008158,MONDO,disease / other candidate,ASSOCIATED_WITH,0.042302110167210964,1,,,,,,,"[""OPEN_TARGETS""]"
Dacryocystitis - osteopoikilosis,Orphanet_1562,Orphanet,disease / other candidate,ASSOCIATED_WITH,0.042302110167210964,1,,,,,,,"[""OPEN_TARGETS""]"
childhood disintegrative disorder,MONDO_0015681,MONDO,disease / other candidate,ASSOCIATED_WITH,0.04222819419627403,1,,,,,,,"[""OPEN_TARGETS""]"
restrictive cardiomyopathy,EFO_0002630,EFO,disease / other candidate,ASSOCIATED_WITH,0.04220909923711532,4,,,,,,,"[""OPEN_TARGETS""]"
Non-familial restrictive cardiomyopathy,EFO_1001473,EFO,disease / other candidate,ASSOCIATED_WITH,0.04220909923711532,4,,,,,,,"[""OPEN_TARGETS""]"
sclerosteosis,MONDO_0017838,MONDO,disease / other candidate,ASSOCIATED_WITH,0.042191236210805554,1,,,,,,,"[""OPEN_TARGETS""]"
gonosome anomaly,MONDO_0020058,MONDO,disease / other candidate,ASSOCIATED_WITH,0.04215797402388394,2,,,,,,,"[""OPEN_TARGETS""]"
chromosome Y disorder,MONDO_0700028,MONDO,disease / other candidate,ASSOCIATED_WITH,0.04215797402388394,2,,,,,,,"[""OPEN_TARGETS""]"
Malformation syndrome with skin/mucosae involvement,Orphanet_139027,Orphanet,disease / other candidate,ASSOCIATED_WITH,0.041971336197268165,2,,,,,,,"[""OPEN_TARGETS""]"
Genetic malformation syndrome with short stature,Orphanet_183570,Orphanet,disease / other candidate,ASSOCIATED_WITH,0.041971336197268165,2,,,,,,,"[""OPEN_TARGETS""]"
Facial dysmorphism - immunodeficiency - livedo - short stature,Orphanet_352712,Orphanet,disease / other candidate,ASSOCIATED_WITH,0.041971336197268165,2,,,,,,,"[""OPEN_TARGETS""]"
headache disorder,EFO_0009550,EFO,disease / other candidate,ASSOCIATED_WITH,0.04187811994503102,5,,,,,,,"[""OPEN_TARGETS""]"
migraine disorder,MONDO_0005277,MONDO,disease / other candidate,ASSOCIATED_WITH,0.04187811994503102,5,,,,,,,"[""OPEN_TARGETS""]"
hypnic headache,MONDO_0017181,MONDO,disease / other candidate,ASSOCIATED_WITH,0.04187811994503102,5,,,,,,,"[""OPEN_TARGETS""]"
hypertrophy,EFO_0002460,EFO,disease / other candidate,ASSOCIATED_WITH,0.04184894712423631,57,,,,,,,"[""OPEN_TARGETS""]"
inflammation of heart layer,MONDO_0024636,MONDO,disease / other candidate,ASSOCIATED_WITH,0.04180973301411635,29,,,,,,,"[""OPEN_TARGETS""]"
cardiac hypertrophy,EFO_0002503,EFO,disease / other candidate,ASSOCIATED_WITH,0.04176136279079582,52,,,,,,,"[""OPEN_TARGETS""]"
primary systemic mycosis,MONDO_0000308,MONDO,disease / other candidate,ASSOCIATED_WITH,0.04171741998499928,9,,,,,,,"[""OPEN_TARGETS""]"
myocarditis,EFO_0009609,EFO,disease / other candidate,ASSOCIATED_WITH,0.041712285986416874,26,,,,,,,"[""OPEN_TARGETS""]"
autoimmune bullous skin disease,EFO_0008598,EFO,disease / other candidate,ASSOCIATED_WITH,0.04164715186879575,16,,,,,,,"[""OPEN_TARGETS""]"
paracoccidioidomycosis,EFO_0007417,EFO,disease / other candidate,ASSOCIATED_WITH,0.04162536838885497,6,,,,,,,"[""OPEN_TARGETS""]"
Severe combined immunodeficiency due to adenosine deaminase deficiency,Orphanet_277,Orphanet,disease / other candidate,ASSOCIATED_WITH,0.04160730004040372,1,,,,,,,"[""OPEN_TARGETS""]"
osteopoikilosis,MONDO_0001414,MONDO,disease / other candidate,ASSOCIATED_WITH,0.04154077566656049,1,,,,,,,"[""OPEN_TARGETS""]"
isolated osteopoikilosis,MONDO_0015634,MONDO,disease / other candidate,ASSOCIATED_WITH,0.04154077566656049,1,,,,,,,"[""OPEN_TARGETS""]"
sclerosing cholangitis,EFO_0004268,EFO,disease / other candidate,ASSOCIATED_WITH,0.041503663689485895,6,,,,,,,"[""OPEN_TARGETS""]"
cholangitis,MONDO_0004789,MONDO,disease / other candidate,ASSOCIATED_WITH,0.041503663689485895,6,,,,,,,"[""OPEN_TARGETS""]"
"immunodeficiency, common variable, 14",MONDO_0054691,MONDO,disease / other candidate,ASSOCIATED_WITH,0.04145207650143615,1,,,,,,,"[""OPEN_TARGETS""]"
syndactyly,MONDO_0021002,MONDO,disease / other candidate,ASSOCIATED_WITH,0.04138878037087251,22,,,,,,,"[""OPEN_TARGETS""]"
polydactyly,MONDO_0021003,MONDO,disease / other candidate,ASSOCIATED_WITH,0.04138878037087251,22,,,,,,,"[""OPEN_TARGETS""]"
polydactyly-syndactyly-triphalangism,MONDO_0800066,MONDO,disease / other candidate,ASSOCIATED_WITH,0.04138878037087251,22,,,,,,,"[""OPEN_TARGETS""]"
multiple congenital anomalies/dysmorphic syndrome-variable intellectual disability syndrome,MONDO_0015160,MONDO,disease / other candidate,ASSOCIATED_WITH,0.04128977450867973,54,,,,,,,"[""OPEN_TARGETS""]"
malabsorption syndrome,EFO_0009554,EFO,disease / other candidate,ASSOCIATED_WITH,0.04123587228644561,2,,,,,,,"[""OPEN_TARGETS""]"
Leydig cell hypoplasia,MONDO_0019155,MONDO,disease / other candidate,ASSOCIATED_WITH,0.04121924119298479,2,,,,,,,"[""OPEN_TARGETS""]"
viral hemorrhagic fever,MONDO_0018087,MONDO,disease / other candidate,ASSOCIATED_WITH,0.04116308558728687,5,,,,,,,"[""OPEN_TARGETS""]"
hemorrhagic fever,MONDO_0600002,MONDO,disease / other candidate,ASSOCIATED_WITH,0.04116308558728687,5,,,,,,,"[""OPEN_TARGETS""]"
monocytopenia with susceptibility to infections,MONDO_0013607,MONDO,disease / other candidate,ASSOCIATED_WITH,0.04115641261768839,2,,,,,,,"[""OPEN_TARGETS""]"
GATA2 deficiency with susceptibility to MDS/AML,MONDO_0042982,MONDO,disease / other candidate,ASSOCIATED_WITH,0.04115641261768839,2,,,,,,,"[""OPEN_TARGETS""]"
osteoporosis,EFO_0003882,EFO,disease / other candidate,ASSOCIATED_WITH,0.04103814706418929,2,,,,,,,"[""OPEN_TARGETS""]"
bone resorption disease,MONDO_0000837,MONDO,disease / other candidate,ASSOCIATED_WITH,0.04103814706418929,2,,,,,,,"[""OPEN_TARGETS""]"
progressive familial intrahepatic cholestasis type 3,MONDO_0011214,MONDO,disease / other candidate,ASSOCIATED_WITH,0.0408977067194091,1,,,,,,,"[""OPEN_TARGETS""]"
immunodeficiency 70,MONDO_0033542,MONDO,disease / other candidate,ASSOCIATED_WITH,0.04084596553975325,1,,,,,,,"[""OPEN_TARGETS""]"
cold urticaria,EFO_1001881,EFO,disease / other candidate,ASSOCIATED_WITH,0.040772049568816304,1,,,,,,,"[""OPEN_TARGETS""]"
autoinflammation-PLCG2-associated antibody deficiency-immune dysregulation,MONDO_0013944,MONDO,disease / other candidate,ASSOCIATED_WITH,0.040772049568816304,1,,,,,,,"[""OPEN_TARGETS""]"
PLCG2-associated antibody deficiency and immune dysregulation,Orphanet_300359,Orphanet,disease / other candidate,ASSOCIATED_WITH,0.040772049568816304,1,,,,,,,"[""OPEN_TARGETS""]"
Genetic epidermal disorder,Orphanet_183426,Orphanet,disease / other candidate,ASSOCIATED_WITH,0.04075726637462891,1,,,,,,,"[""OPEN_TARGETS""]"
Autosomal ichthyosis syndrome with other associated signs,Orphanet_281244,Orphanet,disease / other candidate,ASSOCIATED_WITH,0.04075726637462891,1,,,,,,,"[""OPEN_TARGETS""]"
Rare female infertility due to an anomaly of ovarian function of genetic origin,Orphanet_400022,Orphanet,disease / other candidate,ASSOCIATED_WITH,0.04075726637462891,1,,,,,,,"[""OPEN_TARGETS""]"
Osteosclerosis - ichthyosis - premature ovarian failure,Orphanet_75325,Orphanet,disease / other candidate,ASSOCIATED_WITH,0.04075726637462891,1,,,,,,,"[""OPEN_TARGETS""]"
primary aldosteronism,MONDO_0001422,MONDO,disease / other candidate,ASSOCIATED_WITH,0.04073735012690423,5,,,,,,,"[""OPEN_TARGETS""]"
Cholestasis-lymphedema syndrome,Orphanet_1414,Orphanet,disease / other candidate,ASSOCIATED_WITH,0.04069074200078567,1,,,,,,,"[""OPEN_TARGETS""]"
autosomal recessive severe congenital neutropenia due to CSF3R deficiency,MONDO_0014865,MONDO,disease / other candidate,ASSOCIATED_WITH,0.04068335040369197,1,,,,,,,"[""OPEN_TARGETS""]"
spondyloepiphyseal dysplasia tarda,MONDO_0019667,MONDO,disease / other candidate,ASSOCIATED_WITH,0.04068335040369197,1,,,,,,,"[""OPEN_TARGETS""]"
autosomal recessive severe congenital neutropenia,MONDO_0028226,MONDO,disease / other candidate,ASSOCIATED_WITH,0.04068335040369197,1,,,,,,,"[""OPEN_TARGETS""]"
immunodeficiency 73c with defective neutrophil chemotaxis and hypogammaglobulinemia,MONDO_0033555,MONDO,disease / other candidate,ASSOCIATED_WITH,0.040616826029848736,1,,,,,,,"[""OPEN_TARGETS""]"
type 1 interferonopathy,EFO_0700095,EFO,disease / other candidate,ASSOCIATED_WITH,0.040572476447286565,1,,,,,,,"[""OPEN_TARGETS""]"
proteosome-associated autoinflammatory syndrome,MONDO_0009726,MONDO,disease / other candidate,ASSOCIATED_WITH,0.040572476447286565,1,,,,,,,"[""OPEN_TARGETS""]"
proteasome-associated autoinflammatory syndrome 5,MONDO_0030924,MONDO,disease / other candidate,ASSOCIATED_WITH,0.040572476447286565,1,,,,,,,"[""OPEN_TARGETS""]"
autoinflammatory syndrome of childhood,MONDO_0957018,MONDO,disease / other candidate,ASSOCIATED_WITH,0.040572476447286565,1,,,,,,,"[""OPEN_TARGETS""]"
type 1 interferonopathy of childhood,MONDO_0957408,MONDO,disease / other candidate,ASSOCIATED_WITH,0.040572476447286565,1,,,,,,,"[""OPEN_TARGETS""]"
non-familial hypertrophic cardiomyopathy,MONDO_0016330,MONDO,disease / other candidate,ASSOCIATED_WITH,0.040530590730422304,3,,,,,,,"[""OPEN_TARGETS""]"
AL amyloidosis,MONDO_0019438,MONDO,disease / other candidate,ASSOCIATED_WITH,0.040530590730422304,3,,,,,,,"[""OPEN_TARGETS""]"
pemphigus,EFO_1000749,EFO,disease / other candidate,ASSOCIATED_WITH,0.0405019357209409,8,,,,,,,"[""OPEN_TARGETS""]"
Congenital bile acid synthesis defect type 3,Orphanet_79302,Orphanet,disease / other candidate,ASSOCIATED_WITH,0.04047638568506855,1,,,,,,,"[""OPEN_TARGETS""]"
idiopathic CD4 lymphocytopenia,MONDO_0014226,MONDO,disease / other candidate,ASSOCIATED_WITH,0.0404024697141316,1,,,,,,,"[""OPEN_TARGETS""]"
myeloproliferative disorder,EFO_0004251,EFO,disease / other candidate,ASSOCIATED_WITH,0.0403765264624451,24,,,,,,,"[""OPEN_TARGETS""]"
Meckel syndrome,MONDO_0018921,MONDO,disease / other candidate,ASSOCIATED_WITH,0.040371055426483414,2,,,,,,,"[""OPEN_TARGETS""]"
FADD-related immunodeficiency,MONDO_0013408,MONDO,disease / other candidate,ASSOCIATED_WITH,0.04028789995917935,2,,,,,,,"[""OPEN_TARGETS""]"
Rare genetic respiratory disease,Orphanet_156610,Orphanet,disease / other candidate,ASSOCIATED_WITH,0.04019550499550817,1,,,,,,,"[""OPEN_TARGETS""]"
Alpha-1-antitrypsin deficiency,Orphanet_60,Orphanet,disease / other candidate,ASSOCIATED_WITH,0.04019550499550817,1,,,,,,,"[""OPEN_TARGETS""]"
epidermal disease,MONDO_0019268,MONDO,disease / other candidate,ASSOCIATED_WITH,0.04017516339700354,26,,,,,,,"[""OPEN_TARGETS""]"
functional neutrophil defect,MONDO_0015978,MONDO,disease / other candidate,ASSOCIATED_WITH,0.040127132722391504,2,,,,,,,"[""OPEN_TARGETS""]"
leukocyte adhesion deficiency,MONDO_0017570,MONDO,disease / other candidate,ASSOCIATED_WITH,0.040127132722391504,2,,,,,,,"[""OPEN_TARGETS""]"
IKBKG-related immunodeficiency with or without ectodermal dysplasia,MONDO_0100162,MONDO,disease / other candidate,ASSOCIATED_WITH,0.040045825154360865,2,,,,,,,"[""OPEN_TARGETS""]"
angioosteohypotrophic syndrome,MONDO_0019156,MONDO,disease / other candidate,ASSOCIATED_WITH,0.0400254982623532,1,,,,,,,"[""OPEN_TARGETS""]"
respiratory failure,EFO_0009686,EFO,disease / other candidate,ASSOCIATED_WITH,0.039950421635790795,21,,,,,,,"[""OPEN_TARGETS""]"
acute respiratory failure,MONDO_0001208,MONDO,disease / other candidate,ASSOCIATED_WITH,0.03989872120024462,19,,,,,,,"[""OPEN_TARGETS""]"
immunodeficiency 99 with hypogammaglobulinemia and autoimmune cytopenias,MONDO_0030798,MONDO,disease / other candidate,ASSOCIATED_WITH,0.0397815755582613,1,,,,,,,"[""OPEN_TARGETS""]"
disorder of melanin metabolism,MONDO_0018134,MONDO,disease / other candidate,ASSOCIATED_WITH,0.03976720300835689,6,,,,,,,"[""OPEN_TARGETS""]"
skin pigmentation disorder,MONDO_0019288,MONDO,disease / other candidate,ASSOCIATED_WITH,0.03976720300835689,6,,,,,,,"[""OPEN_TARGETS""]"
hypopigmentation of the skin,MONDO_0019290,MONDO,disease / other candidate,ASSOCIATED_WITH,0.03976720300835689,6,,,,,,,"[""OPEN_TARGETS""]"
rheumatoid arthritis,EFO_0000685,EFO,disease / other candidate,ASSOCIATED_WITH,0.03972716204808022,8,,,,,,,"[""OPEN_TARGETS""]"
follicular thyroid carcinoma,EFO_0000501,EFO,disease / other candidate,ASSOCIATED_WITH,0.039661896787424336,76,,,,,,,"[""OPEN_TARGETS""]"
CCDC115-CDG,MONDO_0014789,MONDO,disease / other candidate,ASSOCIATED_WITH,0.03957461083963787,1,,,,,,,"[""OPEN_TARGETS""]"
hepatitis B virus infection,EFO_0004197,EFO,disease / other candidate,ASSOCIATED_WITH,0.039567625149464505,32,,,,,,,"[""OPEN_TARGETS""]"
Hepadnaviridae infectious disease,EFO_0007301,EFO,disease / other candidate,ASSOCIATED_WITH,0.039567625149464505,32,,,,,,,"[""OPEN_TARGETS""]"
pemphigus foliaceus,EFO_0008601,EFO,disease / other candidate,ASSOCIATED_WITH,0.03956125232969756,7,,,,,,,"[""OPEN_TARGETS""]"
"agammaglobulinemia 8b, autosomal recessive",MONDO_0859234,MONDO,disease / other candidate,ASSOCIATED_WITH,0.039522869659982,1,,,,,,,"[""OPEN_TARGETS""]"
Åland Islands eye disease,Orphanet_178333,Orphanet,disease / other candidate,ASSOCIATED_WITH,0.03934566408113148,7,,,,,,,"[""OPEN_TARGETS""]"
X-linked sideroblastic anemia 1,MONDO_0020721,MONDO,disease / other candidate,ASSOCIATED_WITH,0.03933807973263966,1,,,,,,,"[""OPEN_TARGETS""]"
"osteogenesis imperfecta, recessive",EFO_0022836,EFO,disease / other candidate,ASSOCIATED_WITH,0.03926416376170272,1,,,,,,,"[""OPEN_TARGETS""]"
"osteogenesis imperfecta, IIA 22",MONDO_0030714,MONDO,disease / other candidate,ASSOCIATED_WITH,0.03926416376170272,1,,,,,,,"[""OPEN_TARGETS""]"
dysostosis,MONDO_0018234,MONDO,disease / other candidate,ASSOCIATED_WITH,0.039233957689867566,14,,,,,,,"[""OPEN_TARGETS""]"
purine nucleoside phosphorylase deficiency,MONDO_0013171,MONDO,disease / other candidate,ASSOCIATED_WITH,0.039216118380593704,2,,,,,,,"[""OPEN_TARGETS""]"
BENTA disease,MONDO_0014645,MONDO,disease / other candidate,ASSOCIATED_WITH,0.03906459064017298,1,,,,,,,"[""OPEN_TARGETS""]"
Senior-Boichis syndrome,MONDO_0019394,MONDO,disease / other candidate,ASSOCIATED_WITH,0.03906459064017298,1,,,,,,,"[""OPEN_TARGETS""]"
chronic myelogenous leukemia,EFO_0000339,EFO,disease / other candidate,ASSOCIATED_WITH,0.0390608180174948,19,,,,,,,"[""OPEN_TARGETS""]"
familial expansile osteolysis,MONDO_0008275,MONDO,disease / other candidate,ASSOCIATED_WITH,0.03895371668376757,1,,,,,,,"[""OPEN_TARGETS""]"
autoimmune disorder of endocrine system,MONDO_0000569,MONDO,disease / other candidate,ASSOCIATED_WITH,0.03893480404703705,64,,,,,,,"[""OPEN_TARGETS""]"
autoimmune disorder of gastrointestinal tract,MONDO_0000588,MONDO,disease / other candidate,ASSOCIATED_WITH,0.03888683288961329,41,,,,,,,"[""OPEN_TARGETS""]"
calvarial doughnut lesions-bone fragility syndrome,MONDO_0007470,MONDO,disease / other candidate,ASSOCIATED_WITH,0.03879110154770629,1,,,,,,,"[""OPEN_TARGETS""]"
Calvarial doughnut lesions - bone fragility,Orphanet_85192,Orphanet,disease / other candidate,ASSOCIATED_WITH,0.03879110154770629,1,,,,,,,"[""OPEN_TARGETS""]"
Primary bone dysplasia with decreased bone density,Orphanet_93446,Orphanet,disease / other candidate,ASSOCIATED_WITH,0.03879110154770629,1,,,,,,,"[""OPEN_TARGETS""]"
tricho-dento-osseous syndrome,MONDO_0008592,MONDO,disease / other candidate,ASSOCIATED_WITH,0.03872457717386306,1,,,,,,,"[""OPEN_TARGETS""]"
autoimmune lymphoproliferative syndrome type 4,MONDO_0013767,MONDO,disease / other candidate,ASSOCIATED_WITH,0.03870240238258197,1,,,,,,,"[""OPEN_TARGETS""]"
Hypohidrotic ectodermal dysplasia with immunodeficiency,Orphanet_98813,Orphanet,disease / other candidate,ASSOCIATED_WITH,0.038695010785488274,1,,,,,,,"[""OPEN_TARGETS""]"
infantile hypertrophic cardiomyopathy due to MRPL44 deficiency,MONDO_0014162,MONDO,disease / other candidate,ASSOCIATED_WITH,0.03868761918839459,1,,,,,,,"[""OPEN_TARGETS""]"
spondylometaphyseal dysplasia,MONDO_0016763,MONDO,disease / other candidate,ASSOCIATED_WITH,0.03865066120292612,1,,,,,,,"[""OPEN_TARGETS""]"
"spondylometaphyseal dysplasia, pagnamenta type",MONDO_0030487,MONDO,disease / other candidate,ASSOCIATED_WITH,0.03865066120292612,1,,,,,,,"[""OPEN_TARGETS""]"
severe combined immunodeficiency due to CD70 deficiency,MONDO_0034054,MONDO,disease / other candidate,ASSOCIATED_WITH,0.038598920023270256,1,,,,,,,"[""OPEN_TARGETS""]"
acute respiratory distress syndrome,EFO_1000637,EFO,disease / other candidate,ASSOCIATED_WITH,0.03850633067307058,15,,,,,,,"[""OPEN_TARGETS""]"
graft versus host disease,MONDO_0013730,MONDO,disease / other candidate,ASSOCIATED_WITH,0.03848517155688396,5,,,,,,,"[""OPEN_TARGETS""]"
disease related to transplantation,MONDO_0700220,MONDO,disease / other candidate,ASSOCIATED_WITH,0.03848517155688396,5,,,,,,,"[""OPEN_TARGETS""]"
disease related to hematopoietic stem cell transplant,MONDO_0700222,MONDO,disease / other candidate,ASSOCIATED_WITH,0.03848517155688396,5,,,,,,,"[""OPEN_TARGETS""]"
wormian bone-multiple fractures-dentinogenesis imperfecta-skeletal dysplasia,MONDO_0011501,MONDO,disease / other candidate,ASSOCIATED_WITH,0.038414130095927895,1,,,,,,,"[""OPEN_TARGETS""]"
osteogenesis imperfecta type 4,MONDO_0008148,MONDO,disease / other candidate,ASSOCIATED_WITH,0.038281081348241416,1,,,,,,,"[""OPEN_TARGETS""]"
familial apolipoprotein C-II deficiency,MONDO_0008810,MONDO,disease / other candidate,ASSOCIATED_WITH,0.038229340168585556,1,,,,,,,"[""OPEN_TARGETS""]"
familial chylomicronemia syndrome,MONDO_0018637,MONDO,disease / other candidate,ASSOCIATED_WITH,0.038229340168585556,1,,,,,,,"[""OPEN_TARGETS""]"
bile acid conjugation defect 1,MONDO_0030991,MONDO,disease / other candidate,ASSOCIATED_WITH,0.038184990586023385,1,,,,,,,"[""OPEN_TARGETS""]"
obesity due to congenital leptin deficiency,MONDO_0013991,MONDO,disease / other candidate,ASSOCIATED_WITH,0.03810368301799275,1,,,,,,,"[""OPEN_TARGETS""]"
cranio-osteoarthropathy,MONDO_0015466,MONDO,disease / other candidate,ASSOCIATED_WITH,0.03808889982380537,1,,,,,,,"[""OPEN_TARGETS""]"
primary hypertrophic osteoarthropathy,MONDO_0016620,MONDO,disease / other candidate,ASSOCIATED_WITH,0.03808889982380537,1,,,,,,,"[""OPEN_TARGETS""]"
cyst,OTAR_0000003,OTAR,disease / other candidate,ASSOCIATED_WITH,0.03804110631755703,13,,,,,,,"[""OPEN_TARGETS""]"
disorder of facial skeleton,MONDO_0023369,MONDO,disease / other candidate,ASSOCIATED_WITH,0.038020527550688694,3,,,,,,,"[""OPEN_TARGETS""]"
microphthalmia with limb anomalies,MONDO_0008800,MONDO,disease / other candidate,ASSOCIATED_WITH,0.03789508302858878,27,,,,,,,"[""OPEN_TARGETS""]"
"cholestasis, progressive familial intrahepatic, 6",MONDO_0030360,MONDO,disease / other candidate,ASSOCIATED_WITH,0.037867151910994545,1,,,,,,,"[""OPEN_TARGETS""]"
endometrium neoplasm,MONDO_0021251,MONDO,disease / other candidate,ASSOCIATED_WITH,0.03783422840049805,31,,,,,,,"[""OPEN_TARGETS""]"
periodic fever syndrome,MONDO_0015137,MONDO,disease / other candidate,ASSOCIATED_WITH,0.03782245113328986,9,,,,,,,"[""OPEN_TARGETS""]"
hereditary periodic fever syndrome,MONDO_0017953,MONDO,disease / other candidate,ASSOCIATED_WITH,0.03782245113328986,9,,,,,,,"[""OPEN_TARGETS""]"
sensory peripheral neuropathy,MONDO_0002321,MONDO,disease / other candidate,ASSOCIATED_WITH,0.03779323594005761,1,,,,,,,"[""OPEN_TARGETS""]"
hereditary sensory and autonomic neuropathy,MONDO_0015364,MONDO,disease / other candidate,ASSOCIATED_WITH,0.03779323594005761,1,,,,,,,"[""OPEN_TARGETS""]"
hereditary sensory and autonomic neuropathy type 2,MONDO_0019941,MONDO,disease / other candidate,ASSOCIATED_WITH,0.03779323594005761,1,,,,,,,"[""OPEN_TARGETS""]"
"cholestasis, progressive familial intrahepatic, 12",MONDO_0031040,MONDO,disease / other candidate,ASSOCIATED_WITH,0.037726711566214356,1,,,,,,,"[""OPEN_TARGETS""]"
vascular neoplasm,MONDO_0024296,MONDO,disease / other candidate,ASSOCIATED_WITH,0.03766182534879945,20,,,,,,,"[""OPEN_TARGETS""]"
cardiovascular neoplasm,MONDO_0024757,MONDO,disease / other candidate,ASSOCIATED_WITH,0.03766182534879945,20,,,,,,,"[""OPEN_TARGETS""]"
hemochromatosis type 2B,MONDO_0013220,MONDO,disease / other candidate,ASSOCIATED_WITH,0.03762322920690264,1,,,,,,,"[""OPEN_TARGETS""]"
"cholestasis, progressive familial intrahepatic, 9",MONDO_0030800,MONDO,disease / other candidate,ASSOCIATED_WITH,0.037497572056309846,1,,,,,,,"[""OPEN_TARGETS""]"
cholesteryl ester storage disease,MONDO_0019149,MONDO,disease / other candidate,ASSOCIATED_WITH,0.037416264488279206,1,,,,,,,"[""OPEN_TARGETS""]"
vertebral joint disease,EFO_0009477,EFO,disease / other candidate,ASSOCIATED_WITH,0.03737129893929258,5,,,,,,,"[""OPEN_TARGETS""]"
vertebral column disorder,MONDO_0000812,MONDO,disease / other candidate,ASSOCIATED_WITH,0.03737129893929258,5,,,,,,,"[""OPEN_TARGETS""]"
obesity due to leptin receptor gene deficiency,MONDO_0013992,MONDO,disease / other candidate,ASSOCIATED_WITH,0.037364523308623346,1,,,,,,,"[""OPEN_TARGETS""]"
glycogen storage disease IXb,MONDO_0009868,MONDO,disease / other candidate,ASSOCIATED_WITH,0.037357131711529656,1,,,,,,,"[""OPEN_TARGETS""]"
lymph node disorder,MONDO_0004928,MONDO,disease / other candidate,ASSOCIATED_WITH,0.03734511311367577,52,,,,,,,"[""OPEN_TARGETS""]"
pneumonitis,EFO_1001991,EFO,disease / other candidate,ASSOCIATED_WITH,0.03732326644240746,22,,,,,,,"[""OPEN_TARGETS""]"
severe combined immunodeficiency due to CARMIL2 deficiency,MONDO_0029134,MONDO,disease / other candidate,ASSOCIATED_WITH,0.03730539053187381,1,,,,,,,"[""OPEN_TARGETS""]"
metatropic dysplasia,MONDO_0007986,MONDO,disease / other candidate,ASSOCIATED_WITH,0.03729060733768642,1,,,,,,,"[""OPEN_TARGETS""]"
"cholestasis, progressive familial intrahepatic, 4",MONDO_0014381,MONDO,disease / other candidate,ASSOCIATED_WITH,0.03729060733768642,1,,,,,,,"[""OPEN_TARGETS""]"
TRPV4-related bone disorder,MONDO_0018240,MONDO,disease / other candidate,ASSOCIATED_WITH,0.03729060733768642,1,,,,,,,"[""OPEN_TARGETS""]"
GRACILE syndrome,MONDO_0011308,MONDO,disease / other candidate,ASSOCIATED_WITH,0.03728321574059272,1,,,,,,,"[""OPEN_TARGETS""]"
DOCK2 deficiency,MONDO_0014637,MONDO,disease / other candidate,ASSOCIATED_WITH,0.037246257755124246,1,,,,,,,"[""OPEN_TARGETS""]"
"immunodeficiency 98 with autoinflammation, X-linked",MONDO_0024777,MONDO,disease / other candidate,ASSOCIATED_WITH,0.03714277539581253,1,,,,,,,"[""OPEN_TARGETS""]"
pneumonia,EFO_0003106,EFO,disease / other candidate,ASSOCIATED_WITH,0.03711833342700603,12,,,,,,,"[""OPEN_TARGETS""]"
lumbar disc degeneration,EFO_0004994,EFO,disease / other candidate,ASSOCIATED_WITH,0.03709144486043965,4,,,,,,,"[""OPEN_TARGETS""]"
subarachnoid hemorrhage,EFO_0000713,EFO,disease / other candidate,ASSOCIATED_WITH,0.03690877661209712,23,,,,,,,"[""OPEN_TARGETS""]"
Ehlers-Danlos syndrome,MONDO_0020066,MONDO,disease / other candidate,ASSOCIATED_WITH,0.0368724077978322,20,,,,,,,"[""OPEN_TARGETS""]"
blood platelet disease,MONDO_0002245,MONDO,disease / other candidate,ASSOCIATED_WITH,0.036854503109158464,3,,,,,,,"[""OPEN_TARGETS""]"
dysosteosclerosis,MONDO_0009138,MONDO,disease / other candidate,ASSOCIATED_WITH,0.03674362915275305,1,,,,,,,"[""OPEN_TARGETS""]"
sideroblastic anemia 3,MONDO_0014804,MONDO,disease / other candidate,ASSOCIATED_WITH,0.0366918879730972,1,,,,,,,"[""OPEN_TARGETS""]"
mitochondrial membrane transport disorder,MONDO_0016800,MONDO,disease / other candidate,ASSOCIATED_WITH,0.0366918879730972,1,,,,,,,"[""OPEN_TARGETS""]"
mitochondrial substrate carrier disorder,MONDO_0016801,MONDO,disease / other candidate,ASSOCIATED_WITH,0.0366918879730972,1,,,,,,,"[""OPEN_TARGETS""]"
autosomal recessive sideroblastic anemia,MONDO_0016828,MONDO,disease / other candidate,ASSOCIATED_WITH,0.0366918879730972,1,,,,,,,"[""OPEN_TARGETS""]"
benign recurrent intrahepatic cholestasis type 1,MONDO_0009469,MONDO,disease / other candidate,ASSOCIATED_WITH,0.036654929987628725,1,,,,,,,"[""OPEN_TARGETS""]"
Recurrent infections-myelofibrosis-nephromegaly syndrome,Orphanet_369852,Orphanet,disease / other candidate,ASSOCIATED_WITH,0.03662536359925395,1,,,,,,,"[""OPEN_TARGETS""]"
Pyle disease,MONDO_0009943,MONDO,disease / other candidate,ASSOCIATED_WITH,0.03661797200216026,1,,,,,,,"[""OPEN_TARGETS""]"
progressive familial intrahepatic cholestasis type 2,MONDO_0011156,MONDO,disease / other candidate,ASSOCIATED_WITH,0.03661797200216026,1,,,,,,,"[""OPEN_TARGETS""]"
Bruck syndrome,MONDO_0017195,MONDO,disease / other candidate,ASSOCIATED_WITH,0.03659579721087917,1,,,,,,,"[""OPEN_TARGETS""]"
pancytopenia due to IKZF1 mutations,MONDO_0014810,MONDO,disease / other candidate,ASSOCIATED_WITH,0.036566230822504396,1,,,,,,,"[""OPEN_TARGETS""]"
aggressive B-cell non-Hodgkin lymphoma,MONDO_0017595,MONDO,disease / other candidate,ASSOCIATED_WITH,0.03655762691893635,30,,,,,,,"[""OPEN_TARGETS""]"
severe combined immunodeficiency due to LCK deficiency,MONDO_0014334,MONDO,disease / other candidate,ASSOCIATED_WITH,0.036544056031223314,1,,,,,,,"[""OPEN_TARGETS""]"
"hyper-IgE recurrent infection syndrome 4A, autosomal dominant",MONDO_0800131,MONDO,disease / other candidate,ASSOCIATED_WITH,0.036544056031223314,1,,,,,,,"[""OPEN_TARGETS""]"
"hypophosphatemic rickets, X-linked recessive",MONDO_0010358,MONDO,disease / other candidate,ASSOCIATED_WITH,0.03649231485156745,1,,,,,,,"[""OPEN_TARGETS""]"
X-linked recessive disease,MONDO_0020605,MONDO,disease / other candidate,ASSOCIATED_WITH,0.03649231485156745,1,,,,,,,"[""OPEN_TARGETS""]"
X-linked hypophosphatemic rickets,MONDO_0020720,MONDO,disease / other candidate,ASSOCIATED_WITH,0.03649231485156745,1,,,,,,,"[""OPEN_TARGETS""]"
Rare genetic male infertility,Orphanet_399980,Orphanet,disease / other candidate,ASSOCIATED_WITH,0.03647753165738007,1,,,,,,,"[""OPEN_TARGETS""]"
Rare male infertility due to hypothalamic-pituitary-gonadal axis disorder of genetic origin,Orphanet_399983,Orphanet,disease / other candidate,ASSOCIATED_WITH,0.03647753165738007,1,,,,,,,"[""OPEN_TARGETS""]"
Isolated follicle stimulating hormone deficiency,Orphanet_52901,Orphanet,disease / other candidate,ASSOCIATED_WITH,0.03647753165738007,1,,,,,,,"[""OPEN_TARGETS""]"
hepatic fibrosis-renal cysts-intellectual disability syndrome,MONDO_0008941,MONDO,disease / other candidate,ASSOCIATED_WITH,0.036425790477724214,1,,,,,,,"[""OPEN_TARGETS""]"
Rare genetic intellectual disability,Orphanet_183757,Orphanet,disease / other candidate,ASSOCIATED_WITH,0.036425790477724214,1,,,,,,,"[""OPEN_TARGETS""]"
Rare genetic intellectual disability with developmental anomaly,Orphanet_183763,Orphanet,disease / other candidate,ASSOCIATED_WITH,0.036425790477724214,1,,,,,,,"[""OPEN_TARGETS""]"
Hepatic fibrosis - renal cysts - intellectual disability,Orphanet_2031,Orphanet,disease / other candidate,ASSOCIATED_WITH,0.036425790477724214,1,,,,,,,"[""OPEN_TARGETS""]"
Felty's syndrome,EFO_0007269,EFO,disease / other candidate,ASSOCIATED_WITH,0.03641100728353682,1,,,,,,,"[""OPEN_TARGETS""]"
"immune deficiency, familial variable",MONDO_0007814,MONDO,disease / other candidate,ASSOCIATED_WITH,0.03638144089516205,1,,,,,,,"[""OPEN_TARGETS""]"
"autoinflammatory syndrome, familial, X-linked, Behcet-like 2",MONDO_0024770,MONDO,disease / other candidate,ASSOCIATED_WITH,0.036374049298068346,1,,,,,,,"[""OPEN_TARGETS""]"
"autoinflammatory syndrome, familial, Behcet-like",MONDO_0031384,MONDO,disease / other candidate,ASSOCIATED_WITH,0.036374049298068346,1,,,,,,,"[""OPEN_TARGETS""]"
"inflammatory bowel disease, immunodeficiency, and encephalopathy",EFO_0010258,EFO,disease / other candidate,ASSOCIATED_WITH,0.036255783744569246,1,,,,,,,"[""OPEN_TARGETS""]"
hereditary stomatocytosis,MONDO_0020102,MONDO,disease / other candidate,ASSOCIATED_WITH,0.03624623626498989,5,,,,,,,"[""OPEN_TARGETS""]"
"phosphoenolpyruvate carboxykinase deficiency, mitochondrial",MONDO_0009864,MONDO,disease / other candidate,ASSOCIATED_WITH,0.03624100055038186,1,,,,,,,"[""OPEN_TARGETS""]"
phosphoenolpyruvate carboxykinase deficiency,MONDO_0017320,MONDO,disease / other candidate,ASSOCIATED_WITH,0.03624100055038186,1,,,,,,,"[""OPEN_TARGETS""]"
disorder of gluconeogenesis,MONDO_0019225,MONDO,disease / other candidate,ASSOCIATED_WITH,0.03624100055038186,1,,,,,,,"[""OPEN_TARGETS""]"
pulmonary alveolar proteinosis with hypogammaglobulinemia,MONDO_0020840,MONDO,disease / other candidate,ASSOCIATED_WITH,0.03622621735619447,1,,,,,,,"[""OPEN_TARGETS""]"
Isolated polycystic liver disease,Orphanet_2924,Orphanet,disease / other candidate,ASSOCIATED_WITH,0.03622621735619447,1,,,,,,,"[""OPEN_TARGETS""]"
hepatic veno-occlusive disease-immunodeficiency syndrome,MONDO_0009338,MONDO,disease / other candidate,ASSOCIATED_WITH,0.03618186777363231,1,,,,,,,"[""OPEN_TARGETS""]"
Familial hemophagocytic lymphohistiocytosis,Orphanet_540,Orphanet,disease / other candidate,ASSOCIATED_WITH,0.036152301385257525,1,,,,,,,"[""OPEN_TARGETS""]"
chronic hepatitis B virus infection,EFO_0004239,EFO,disease / other candidate,ASSOCIATED_WITH,0.0361471458732118,18,,,,,,,"[""OPEN_TARGETS""]"
immunodeficiency 104,MONDO_0012163,MONDO,disease / other candidate,ASSOCIATED_WITH,0.03610056020560167,1,,,,,,,"[""OPEN_TARGETS""]"
sickle cell anemia,MONDO_0011382,MONDO,disease / other candidate,ASSOCIATED_WITH,0.03609563247420588,3,,,,,,,"[""OPEN_TARGETS""]"
hepatitis D virus infection,EFO_0007304,EFO,disease / other candidate,ASSOCIATED_WITH,0.036085777011414286,1,,,,,,,"[""OPEN_TARGETS""]"
hypercoagulability syndrome due to glycosylphosphatidylinositol deficiency,MONDO_0012465,MONDO,disease / other candidate,ASSOCIATED_WITH,0.03604881902594582,1,,,,,,,"[""OPEN_TARGETS""]"
inborn disorder of glycosphingolipid and glycosylphosphatidylinositol anchor glycosylation,MONDO_0017748,MONDO,disease / other candidate,ASSOCIATED_WITH,0.03604881902594582,1,,,,,,,"[""OPEN_TARGETS""]"
disorder of GPI anchor biosynthesis,MONDO_0024321,MONDO,disease / other candidate,ASSOCIATED_WITH,0.03604881902594582,1,,,,,,,"[""OPEN_TARGETS""]"
immunodeficiency 66,MONDO_0030013,MONDO,disease / other candidate,ASSOCIATED_WITH,0.03604142742885212,1,,,,,,,"[""OPEN_TARGETS""]"
embryonal neoplasm,EFO_0005784,EFO,disease / other candidate,ASSOCIATED_WITH,0.035966477732444685,29,,,,,,,"[""OPEN_TARGETS""]"
Charcot-Marie-Tooth disease,MONDO_0015626,MONDO,disease / other candidate,ASSOCIATED_WITH,0.035958271961548056,3,,,,,,,"[""OPEN_TARGETS""]"
primitive neuroectodermal tumor,EFO_0005235,EFO,disease / other candidate,ASSOCIATED_WITH,0.03593997464520063,26,,,,,,,"[""OPEN_TARGETS""]"
Neuroblastic Tumor,EFO_1000393,EFO,disease / other candidate,ASSOCIATED_WITH,0.035935506425027484,25,,,,,,,"[""OPEN_TARGETS""]"
syndromic craniosynostosis,MONDO_0015338,MONDO,disease / other candidate,ASSOCIATED_WITH,0.03592500977462643,3,,,,,,,"[""OPEN_TARGETS""]"
craniosynostosis,MONDO_0015469,MONDO,disease / other candidate,ASSOCIATED_WITH,0.03592500977462643,3,,,,,,,"[""OPEN_TARGETS""]"
complement component C1s deficiency,MONDO_0013419,MONDO,disease / other candidate,ASSOCIATED_WITH,0.035915770278259325,1,,,,,,,"[""OPEN_TARGETS""]"
disorder of tyrosine metabolism,MONDO_0017307,MONDO,disease / other candidate,ASSOCIATED_WITH,0.03582871369026693,3,,,,,,,"[""OPEN_TARGETS""]"
oculocutaneous albinism type 1,MONDO_0018135,MONDO,disease / other candidate,ASSOCIATED_WITH,0.03582871369026693,3,,,,,,,"[""OPEN_TARGETS""]"
oculocutaneous albinism,MONDO_0018910,MONDO,disease / other candidate,ASSOCIATED_WITH,0.03582871369026693,3,,,,,,,"[""OPEN_TARGETS""]"
inborn disorder of phenylalanine and tyrosine metabolism,MONDO_0019235,MONDO,disease / other candidate,ASSOCIATED_WITH,0.03582871369026693,3,,,,,,,"[""OPEN_TARGETS""]"
inherited ichthyosis,MONDO_0015947,MONDO,disease / other candidate,ASSOCIATED_WITH,0.035775740577762116,4,,,,,,,"[""OPEN_TARGETS""]"
ichthyosis,MONDO_0019269,MONDO,disease / other candidate,ASSOCIATED_WITH,0.035775740577762116,4,,,,,,,"[""OPEN_TARGETS""]"
Cernunnos-XLF deficiency,MONDO_0012650,MONDO,disease / other candidate,ASSOCIATED_WITH,0.03575315514219805,1,,,,,,,"[""OPEN_TARGETS""]"
sporadic porphyria cutanea tarda,MONDO_0008295,MONDO,disease / other candidate,ASSOCIATED_WITH,0.035671847574167415,1,,,,,,,"[""OPEN_TARGETS""]"
acquired porphyria,MONDO_1030015,MONDO,disease / other candidate,ASSOCIATED_WITH,0.035671847574167415,1,,,,,,,"[""OPEN_TARGETS""]"
complement factor I deficiency,MONDO_0012594,MONDO,disease / other candidate,ASSOCIATED_WITH,0.03553879882648093,1,,,,,,,"[""OPEN_TARGETS""]"
familial hypercholesterolemia,EFO_0004911,EFO,disease / other candidate,ASSOCIATED_WITH,0.03553140722938723,1,,,,,,,"[""OPEN_TARGETS""]"
hypercholesterolemia due to cholesterol 7alpha-hydroxylase deficiency,MONDO_0016203,MONDO,disease / other candidate,ASSOCIATED_WITH,0.03553140722938723,1,,,,,,,"[""OPEN_TARGETS""]"
inborn disorder of bile acid synthesis,MONDO_0019218,MONDO,disease / other candidate,ASSOCIATED_WITH,0.03553140722938723,1,,,,,,,"[""OPEN_TARGETS""]"
hyperlipoproteinemia,MONDO_0037748,MONDO,disease / other candidate,ASSOCIATED_WITH,0.03553140722938723,1,,,,,,,"[""OPEN_TARGETS""]"
primary immunodeficiency with post-measles-mumps-rubella vaccine viral infection,MONDO_0014715,MONDO,disease / other candidate,ASSOCIATED_WITH,0.03548705764682507,1,,,,,,,"[""OPEN_TARGETS""]"
congenital macroglossia,MONDO_0007927,MONDO,disease / other candidate,ASSOCIATED_WITH,0.035479666049731365,1,,,,,,,"[""OPEN_TARGETS""]"
macroglossia,MONDO_0015496,MONDO,disease / other candidate,ASSOCIATED_WITH,0.035479666049731365,1,,,,,,,"[""OPEN_TARGETS""]"
Disorder of amino acid and other organic acid metabolism,Orphanet_79062,Orphanet,disease / other candidate,ASSOCIATED_WITH,0.035354008899138575,2,,,,,,,"[""OPEN_TARGETS""]"
glycogen storage disease IXa1,MONDO_0010598,MONDO,disease / other candidate,ASSOCIATED_WITH,0.03529487612238902,1,,,,,,,"[""OPEN_TARGETS""]"
Hypocalcemic vitamin D-dependent rickets,Orphanet_289157,Orphanet,disease / other candidate,ASSOCIATED_WITH,0.035280092928201626,1,,,,,,,"[""OPEN_TARGETS""]"
vasculitis,EFO_0006803,EFO,disease / other candidate,ASSOCIATED_WITH,0.03517441930208962,9,,,,,,,"[""OPEN_TARGETS""]"
mitochondrial DNA depletion syndrome 16 (hepatic type),MONDO_0032799,MONDO,disease / other candidate,ASSOCIATED_WITH,0.035110086195046665,1,,,,,,,"[""OPEN_TARGETS""]"
endometrial cancer,MONDO_0011962,MONDO,disease / other candidate,ASSOCIATED_WITH,0.03508899443378975,28,,,,,,,"[""OPEN_TARGETS""]"
hereditary hyperbilirubinemia,MONDO_0002408,MONDO,disease / other candidate,ASSOCIATED_WITH,0.03499921223864127,1,,,,,,,"[""OPEN_TARGETS""]"
Dubin-Johnson syndrome,MONDO_0009380,MONDO,disease / other candidate,ASSOCIATED_WITH,0.03499921223864127,1,,,,,,,"[""OPEN_TARGETS""]"
craniometaphyseal dysplasia,MONDO_0015465,MONDO,disease / other candidate,ASSOCIATED_WITH,0.03498442904445387,2,,,,,,,"[""OPEN_TARGETS""]"
lethal recessive chondrodysplasia,MONDO_0015425,MONDO,disease / other candidate,ASSOCIATED_WITH,0.03496964585026648,1,,,,,,,"[""OPEN_TARGETS""]"
chondrodysplasia,MONDO_0022723,MONDO,disease / other candidate,ASSOCIATED_WITH,0.03496964585026648,1,,,,,,,"[""OPEN_TARGETS""]"
"T-cell lymphopenia, infantile, with or without nail dystrophy, autosomal dominant",MONDO_0032928,MONDO,disease / other candidate,ASSOCIATED_WITH,0.034932687864798015,1,,,,,,,"[""OPEN_TARGETS""]"
glycogen storage disease III,MONDO_0009291,MONDO,disease / other candidate,ASSOCIATED_WITH,0.034914208872063784,3,,,,,,,"[""OPEN_TARGETS""]"
lymphadenitis,MONDO_0002052,MONDO,disease / other candidate,ASSOCIATED_WITH,0.0348302195454504,7,,,,,,,"[""OPEN_TARGETS""]"
Disorder of phenylalanin or tyrosine metabolism,Orphanet_79190,Orphanet,disease / other candidate,ASSOCIATED_WITH,0.03479963911711152,1,,,,,,,"[""OPEN_TARGETS""]"
Tyrosinemia type 1,Orphanet_882,Orphanet,disease / other candidate,ASSOCIATED_WITH,0.03479963911711152,1,,,,,,,"[""OPEN_TARGETS""]"
ichthyosis-hepatosplenomegaly-cerebellar degeneration syndrome,MONDO_0009445,MONDO,disease / other candidate,ASSOCIATED_WITH,0.03477746432583044,1,,,,,,,"[""OPEN_TARGETS""]"
lymphoproliferative syndrome 1,MONDO_0013081,MONDO,disease / other candidate,ASSOCIATED_WITH,0.034710939951987194,1,,,,,,,"[""OPEN_TARGETS""]"
mitochondrial DNA depletion syndrome 4a,MONDO_0008758,MONDO,disease / other candidate,ASSOCIATED_WITH,0.03469061305997954,5,,,,,,,"[""OPEN_TARGETS""]"
"periodic fever, immunodeficiency, and thrombocytopenia syndrome",MONDO_0007883,MONDO,disease / other candidate,ASSOCIATED_WITH,0.034681373563612415,1,,,,,,,"[""OPEN_TARGETS""]"
"carnitine palmitoyl transferase II deficiency, severe infantile form",MONDO_0010914,MONDO,disease / other candidate,ASSOCIATED_WITH,0.03466659036942502,1,,,,,,,"[""OPEN_TARGETS""]"
carnitine palmitoyltransferase II deficiency,MONDO_0015515,MONDO,disease / other candidate,ASSOCIATED_WITH,0.03466659036942502,1,,,,,,,"[""OPEN_TARGETS""]"
disorder of carnitine cycle and carnitine transport,MONDO_0017716,MONDO,disease / other candidate,ASSOCIATED_WITH,0.03466659036942502,1,,,,,,,"[""OPEN_TARGETS""]"
obesity due to melanocortin 4 receptor deficiency,MONDO_0019115,MONDO,disease / other candidate,ASSOCIATED_WITH,0.03466659036942502,1,,,,,,,"[""OPEN_TARGETS""]"
immunodeficiency 76,MONDO_0030898,MONDO,disease / other candidate,ASSOCIATED_WITH,0.03462963238395657,1,,,,,,,"[""OPEN_TARGETS""]"
immunodeficiency due to CD25 deficiency,MONDO_0011664,MONDO,disease / other candidate,ASSOCIATED_WITH,0.034622240786862865,1,,,,,,,"[""OPEN_TARGETS""]"
"immunodeficiency, common variable, 10",MONDO_0014260,MONDO,disease / other candidate,ASSOCIATED_WITH,0.034622240786862865,1,,,,,,,"[""OPEN_TARGETS""]"
mucocutaneous lymph node syndrome,EFO_0004246,EFO,disease / other candidate,ASSOCIATED_WITH,0.034581587002847546,6,,,,,,,"[""OPEN_TARGETS""]"
neuroblastoma,EFO_0000621,EFO,disease / other candidate,ASSOCIATED_WITH,0.03448990904926849,21,,,,,,,"[""OPEN_TARGETS""]"
"erythroleukemia, familial, susceptibility to",MONDO_0007573,MONDO,disease / other candidate,ASSOCIATED_WITH,0.034481800442082676,1,,,,,,,"[""OPEN_TARGETS""]"
colonic neoplasm,EFO_0004288,EFO,disease / other candidate,ASSOCIATED_WITH,0.03443378849621405,38,,,,,,,"[""OPEN_TARGETS""]"
colon carcinoma,EFO_1001950,EFO,disease / other candidate,ASSOCIATED_WITH,0.03443059144429746,36,,,,,,,"[""OPEN_TARGETS""]"
malignant colon neoplasm,MONDO_0021063,MONDO,disease / other candidate,ASSOCIATED_WITH,0.03443059144429746,36,,,,,,,"[""OPEN_TARGETS""]"
epithelial tumor of colon,MONDO_0024479,MONDO,disease / other candidate,ASSOCIATED_WITH,0.03443059144429746,36,,,,,,,"[""OPEN_TARGETS""]"
hepatorenocardiac degenerative fibrosis,MONDO_0859254,MONDO,disease / other candidate,ASSOCIATED_WITH,0.03429701051474033,1,,,,,,,"[""OPEN_TARGETS""]"
Acute infantile liver failure-multisystemic involvement syndrome,Orphanet_370088,Orphanet,disease / other candidate,ASSOCIATED_WITH,0.034289618917646626,1,,,,,,,"[""OPEN_TARGETS""]"
autoimmune disorder of exocrine system,MONDO_0000586,MONDO,disease / other candidate,ASSOCIATED_WITH,0.03418098293044758,14,,,,,,,"[""OPEN_TARGETS""]"
Autoimmune Hepatitis,EFO_0005676,EFO,disease / other candidate,ASSOCIATED_WITH,0.03417651471027442,13,,,,,,,"[""OPEN_TARGETS""]"
Charcot-Marie-Tooth disease type 2,MONDO_0018993,MONDO,disease / other candidate,ASSOCIATED_WITH,0.03415657016996014,1,,,,,,,"[""OPEN_TARGETS""]"
"Charcot-Marie-Tooth disease, axonal, type 2EE",MONDO_0032728,MONDO,disease / other candidate,ASSOCIATED_WITH,0.03415657016996014,1,,,,,,,"[""OPEN_TARGETS""]"
combined immunodeficiency and megaloblastic anemia with or without hyperhomocysteinemia,MONDO_0060611,MONDO,disease / other candidate,ASSOCIATED_WITH,0.03413439537867906,1,,,,,,,"[""OPEN_TARGETS""]"
deficiency anemia,MONDO_0001639,MONDO,disease / other candidate,ASSOCIATED_WITH,0.03404939201210157,3,,,,,,,"[""OPEN_TARGETS""]"
megaloblastic anemia,MONDO_0001700,MONDO,disease / other candidate,ASSOCIATED_WITH,0.03404939201210157,3,,,,,,,"[""OPEN_TARGETS""]"
macrocytic anemia,MONDO_0002281,MONDO,disease / other candidate,ASSOCIATED_WITH,0.03404939201210157,3,,,,,,,"[""OPEN_TARGETS""]"
inherited deficiency anemia,MONDO_0016624,MONDO,disease / other candidate,ASSOCIATED_WITH,0.03404939201210157,3,,,,,,,"[""OPEN_TARGETS""]"
benign connective and soft tissue neoplasm,MONDO_0000654,MONDO,disease / other candidate,ASSOCIATED_WITH,0.03399826679887019,4,,,,,,,"[""OPEN_TARGETS""]"
germ cell tumor,EFO_0000514,EFO,disease / other candidate,ASSOCIATED_WITH,0.03392474171860322,12,,,,,,,"[""OPEN_TARGETS""]"
ischemia,EFO_0000556,EFO,disease / other candidate,ASSOCIATED_WITH,0.03391225504830941,86,,,,,,,"[""OPEN_TARGETS""]"
low grade glioma,MONDO_0021637,MONDO,disease / other candidate,ASSOCIATED_WITH,0.033900752859960574,13,,,,,,,"[""OPEN_TARGETS""]"
otopalatodigital syndrome type 1,MONDO_0010704,MONDO,disease / other candidate,ASSOCIATED_WITH,0.03386829788330607,1,,,,,,,"[""OPEN_TARGETS""]"
otopalatodigital syndrome spectrum disorder,MONDO_0018233,MONDO,disease / other candidate,ASSOCIATED_WITH,0.03386829788330607,1,,,,,,,"[""OPEN_TARGETS""]"
otopalatodigital syndrome,MONDO_0019027,MONDO,disease / other candidate,ASSOCIATED_WITH,0.03386829788330607,1,,,,,,,"[""OPEN_TARGETS""]"
filamin-related bone disorder,MONDO_0019690,MONDO,disease / other candidate,ASSOCIATED_WITH,0.03386829788330607,1,,,,,,,"[""OPEN_TARGETS""]"
immunodeficiency 82 with systemic inflammation,MONDO_0030308,MONDO,disease / other candidate,ASSOCIATED_WITH,0.03385351468911868,1,,,,,,,"[""OPEN_TARGETS""]"
bone benign neoplasm,MONDO_0000631,MONDO,disease / other candidate,ASSOCIATED_WITH,0.033844275192751565,3,,,,,,,"[""OPEN_TARGETS""]"
multiple congenital anomalies/dysmorphic syndrome-intellectual disability,MONDO_0015159,MONDO,disease / other candidate,ASSOCIATED_WITH,0.033776586162815474,9,,,,,,,"[""OPEN_TARGETS""]"
pyogenic bacterial infections due to MyD88 deficiency,MONDO_0012839,MONDO,disease / other candidate,ASSOCIATED_WITH,0.03377220712108804,1,,,,,,,"[""OPEN_TARGETS""]"
ring chromosome Y,MONDO_0016853,MONDO,disease / other candidate,ASSOCIATED_WITH,0.03377220712108804,1,,,,,,,"[""OPEN_TARGETS""]"
ring chromosome disorder,MONDO_0700091,MONDO,disease / other candidate,ASSOCIATED_WITH,0.03377220712108804,1,,,,,,,"[""OPEN_TARGETS""]"
Waldenstrom macroglobulinemia,EFO_0009441,EFO,disease / other candidate,ASSOCIATED_WITH,0.03372785753852589,2,,,,,,,"[""OPEN_TARGETS""]"
lymphoplasmacytic lymphoma,MONDO_0000432,MONDO,disease / other candidate,ASSOCIATED_WITH,0.03372785753852589,2,,,,,,,"[""OPEN_TARGETS""]"
oral lichen planus,EFO_0008517,EFO,disease / other candidate,ASSOCIATED_WITH,0.033719028686441756,4,,,,,,,"[""OPEN_TARGETS""]"
lichen disease,EFO_1000724,EFO,disease / other candidate,ASSOCIATED_WITH,0.033719028686441756,4,,,,,,,"[""OPEN_TARGETS""]"
lichen planus,EFO_1000726,EFO,disease / other candidate,ASSOCIATED_WITH,0.033719028686441756,4,,,,,,,"[""OPEN_TARGETS""]"
protozoa infectious disease,MONDO_0002428,MONDO,disease / other candidate,ASSOCIATED_WITH,0.033698227257984395,51,,,,,,,"[""OPEN_TARGETS""]"
"craniometadiaphyseal dysplasia, wormian bone type",MONDO_0010014,MONDO,disease / other candidate,ASSOCIATED_WITH,0.03364654997049526,1,,,,,,,"[""OPEN_TARGETS""]"
Autosomal recessive malignant osteopetrosis,Orphanet_667,Orphanet,disease / other candidate,ASSOCIATED_WITH,0.033639158373401555,1,,,,,,,"[""OPEN_TARGETS""]"
lipodystrophy,EFO_1000727,EFO,disease / other candidate,ASSOCIATED_WITH,0.03361698358212047,1,,,,,,,"[""OPEN_TARGETS""]"
CIDEC-related familial partial lipodystrophy,MONDO_0014098,MONDO,disease / other candidate,ASSOCIATED_WITH,0.03361698358212047,1,,,,,,,"[""OPEN_TARGETS""]"
hereditary lipodystrophy,MONDO_0020087,MONDO,disease / other candidate,ASSOCIATED_WITH,0.03361698358212047,1,,,,,,,"[""OPEN_TARGETS""]"
familial partial lipodystrophy,MONDO_0020088,MONDO,disease / other candidate,ASSOCIATED_WITH,0.03361698358212047,1,,,,,,,"[""OPEN_TARGETS""]"
partial lipodystrophy,MONDO_0027767,MONDO,disease / other candidate,ASSOCIATED_WITH,0.03361698358212047,1,,,,,,,"[""OPEN_TARGETS""]"
Pick disease,EFO_0003096,EFO,disease / other candidate,ASSOCIATED_WITH,0.03357017013386041,4,,,,,,,"[""OPEN_TARGETS""]"
frontotemporal dementia,MONDO_0017276,MONDO,disease / other candidate,ASSOCIATED_WITH,0.03357017013386041,4,,,,,,,"[""OPEN_TARGETS""]"
cerebral cortex disorder,MONDO_0044996,MONDO,disease / other candidate,ASSOCIATED_WITH,0.03357017013386041,4,,,,,,,"[""OPEN_TARGETS""]"
"autoinflammatory disease, X-linked",MONDO_0800129,MONDO,disease / other candidate,ASSOCIATED_WITH,0.03356524240246462,1,,,,,,,"[""OPEN_TARGETS""]"
partial chromosome Y deletion,MONDO_0015607,MONDO,disease / other candidate,ASSOCIATED_WITH,0.03354306761118354,1,,,,,,,"[""OPEN_TARGETS""]"
Laurence-Moon syndrome,MONDO_0009514,MONDO,disease / other candidate,ASSOCIATED_WITH,0.03353690794693878,6,,,,,,,"[""OPEN_TARGETS""]"
Congenital bile acid synthesis defect type 4,Orphanet_79095,Orphanet,disease / other candidate,ASSOCIATED_WITH,0.03350610962571507,1,,,,,,,"[""OPEN_TARGETS""]"
Pallister-Hall syndrome,MONDO_0007804,MONDO,disease / other candidate,ASSOCIATED_WITH,0.033481619379893315,21,,,,,,,"[""OPEN_TARGETS""]"
non-acquired combined pituitary hormone deficiency,MONDO_0018762,MONDO,disease / other candidate,ASSOCIATED_WITH,0.033481619379893315,21,,,,,,,"[""OPEN_TARGETS""]"
autosomal dominant cerebellar ataxia,MONDO_0020380,MONDO,disease / other candidate,ASSOCIATED_WITH,0.03347531130449134,5,,,,,,,"[""OPEN_TARGETS""]"
hereditary folate malabsorption,MONDO_0009238,MONDO,disease / other candidate,ASSOCIATED_WITH,0.03340262726640334,1,,,,,,,"[""OPEN_TARGETS""]"
disorder of folate metabolism and transport,MONDO_0017313,MONDO,disease / other candidate,ASSOCIATED_WITH,0.03340262726640334,1,,,,,,,"[""OPEN_TARGETS""]"
disorder of vitamin and non-protein cofactor absorption and transport,MONDO_0017758,MONDO,disease / other candidate,ASSOCIATED_WITH,0.03340262726640334,1,,,,,,,"[""OPEN_TARGETS""]"
Ebola hemorrhagic fever,EFO_0007243,EFO,disease / other candidate,ASSOCIATED_WITH,0.033358277683841184,1,,,,,,,"[""OPEN_TARGETS""]"
Filoviridae infectious disease,EFO_0007273,EFO,disease / other candidate,ASSOCIATED_WITH,0.033358277683841184,1,,,,,,,"[""OPEN_TARGETS""]"
Mononegavirales infectious disease,EFO_0007376,EFO,disease / other candidate,ASSOCIATED_WITH,0.033358277683841184,1,,,,,,,"[""OPEN_TARGETS""]"
impaired renal function disease,MONDO_0001343,MONDO,disease / other candidate,ASSOCIATED_WITH,0.033355509091283306,39,,,,,,,"[""OPEN_TARGETS""]"
"46,XY partial gonadal dysgenesis",MONDO_0016674,MONDO,disease / other candidate,ASSOCIATED_WITH,0.0333361028925601,1,,,,,,,"[""OPEN_TARGETS""]"
osteosclerosis-developmental delay-craniosynostosis syndrome,MONDO_0015800,MONDO,disease / other candidate,ASSOCIATED_WITH,0.03329175330999794,1,,,,,,,"[""OPEN_TARGETS""]"
glycoproteinosis,MONDO_0017731,MONDO,disease / other candidate,ASSOCIATED_WITH,0.03329175330999794,1,,,,,,,"[""OPEN_TARGETS""]"
alpha-N-acetylgalactosaminidase deficiency,MONDO_0017779,MONDO,disease / other candidate,ASSOCIATED_WITH,0.03329175330999794,1,,,,,,,"[""OPEN_TARGETS""]"
oligosaccharidosis,MONDO_0019251,MONDO,disease / other candidate,ASSOCIATED_WITH,0.03329175330999794,1,,,,,,,"[""OPEN_TARGETS""]"
alpha-N-acetylgalactosaminidase deficiency type 3,MONDO_0019264,MONDO,disease / other candidate,ASSOCIATED_WITH,0.03329175330999794,1,,,,,,,"[""OPEN_TARGETS""]"
Cyclic neutropenia,Orphanet_2686,Orphanet,disease / other candidate,ASSOCIATED_WITH,0.03329175330999794,1,,,,,,,"[""OPEN_TARGETS""]"
cardiovascular organ benign neoplasm,MONDO_0000629,MONDO,disease / other candidate,ASSOCIATED_WITH,0.03324370792888893,3,,,,,,,"[""OPEN_TARGETS""]"
cerebral cavernous malformation,MONDO_0000820,MONDO,disease / other candidate,ASSOCIATED_WITH,0.033134143424916496,8,,,,,,,"[""OPEN_TARGETS""]"
fungal lung infectious disease,EFO_0007278,EFO,disease / other candidate,ASSOCIATED_WITH,0.03305522220299972,2,,,,,,,"[""OPEN_TARGETS""]"
Malignant Germ Cell Tumor,EFO_1000352,EFO,disease / other candidate,ASSOCIATED_WITH,0.03301210455328651,6,,,,,,,"[""OPEN_TARGETS""]"
nephritis,EFO_1002050,EFO,disease / other candidate,ASSOCIATED_WITH,0.032922311030484055,32,1,0,0.392,0.846,2000,2019,"[""OPEN_TARGETS"", ""DISGENET""]"
hypogonadotropic hypogonadism 23 with or without anosmia,MONDO_0009223,MONDO,disease / other candidate,ASSOCIATED_WITH,0.032922173455313244,1,,,,,,,"[""OPEN_TARGETS""]"
complete androgen insensitivity syndrome,MONDO_0021023,MONDO,disease / other candidate,ASSOCIATED_WITH,0.03281869109600152,2,,,,,,,"[""OPEN_TARGETS""]"
acute infantile liver failure-cerebellar ataxia-peripheral sensory motor neuropathy syndrome,MONDO_0014744,MONDO,disease / other candidate,ASSOCIATED_WITH,0.032744775125064574,1,,,,,,,"[""OPEN_TARGETS""]"
autosomal recessive syndromic cerebellar ataxia,MONDO_0020047,MONDO,disease / other candidate,ASSOCIATED_WITH,0.032744775125064574,1,,,,,,,"[""OPEN_TARGETS""]"
"lung disease, immunodeficiency, and chromosome breakage syndrome;",MONDO_0014984,MONDO,disease / other candidate,ASSOCIATED_WITH,0.0327152087366898,2,,,,,,,"[""OPEN_TARGETS""]"
ataxia-pancytopenia syndrome,MONDO_0008038,MONDO,disease / other candidate,ASSOCIATED_WITH,0.03267085915412764,1,,,,,,,"[""OPEN_TARGETS""]"
syndromic constitutional thrombocytopenia,MONDO_0018795,MONDO,disease / other candidate,ASSOCIATED_WITH,0.0326043347802844,1,,,,,,,"[""OPEN_TARGETS""]"
DIAPH1-related sensorineural hearing loss-thrombocytopenia syndrome,MONDO_0044635,MONDO,disease / other candidate,ASSOCIATED_WITH,0.0326043347802844,1,,,,,,,"[""OPEN_TARGETS""]"
inherited thrombocytopenia,MONDO_0100241,MONDO,disease / other candidate,ASSOCIATED_WITH,0.0326043347802844,1,,,,,,,"[""OPEN_TARGETS""]"
partial androgen insensitivity syndrome,MONDO_0010720,MONDO,disease / other candidate,ASSOCIATED_WITH,0.03257476839190961,1,,,,,,,"[""OPEN_TARGETS""]"
male infertility with azoospermia or oligozoospermia due to single gene mutation,EFO_0700088,EFO,disease / other candidate,ASSOCIATED_WITH,0.03254520200353485,1,,,,,,,"[""OPEN_TARGETS""]"
long chain 3-hydroxyacyl-CoA dehydrogenase deficiency,MONDO_0012173,MONDO,disease / other candidate,ASSOCIATED_WITH,0.03250085242097268,1,,,,,,,"[""OPEN_TARGETS""]"
NPHP3-related Meckel-like syndrome,MONDO_0009966,MONDO,disease / other candidate,ASSOCIATED_WITH,0.03246389443550421,1,,,,,,,"[""OPEN_TARGETS""]"
central nervous system malformation,MONDO_0020022,MONDO,disease / other candidate,ASSOCIATED_WITH,0.03246389443550421,1,,,,,,,"[""OPEN_TARGETS""]"
microcephalic primordial dwarfism-insulin resistance syndrome,EFO_0700091,EFO,disease / other candidate,ASSOCIATED_WITH,0.03244171964422313,1,,,,,,,"[""OPEN_TARGETS""]"
"spermatogenic failure, X-linked, 2",MONDO_0010647,MONDO,disease / other candidate,ASSOCIATED_WITH,0.032426936450035734,1,,,,,,,"[""OPEN_TARGETS""]"
Thalassemia,EFO_1001996,EFO,disease / other candidate,ASSOCIATED_WITH,0.03238258686747358,2,,,,,,,"[""OPEN_TARGETS""]"
galactose epimerase deficiency,MONDO_0009257,MONDO,disease / other candidate,ASSOCIATED_WITH,0.03238258686747358,1,,,,,,,"[""OPEN_TARGETS""]"
classic Hodgkin lymphoma,MONDO_0009348,MONDO,disease / other candidate,ASSOCIATED_WITH,0.03227171291106816,2,,,,,,,"[""OPEN_TARGETS""]"
spermatogenic failure 44,MONDO_0033622,MONDO,disease / other candidate,ASSOCIATED_WITH,0.0322125801343186,1,,,,,,,"[""OPEN_TARGETS""]"
Lethal congenital contracture syndrome type 1,Orphanet_1486,Orphanet,disease / other candidate,ASSOCIATED_WITH,0.0322125801343186,1,,,,,,,"[""OPEN_TARGETS""]"
Genetic congenital limb malformation,Orphanet_183536,Orphanet,disease / other candidate,ASSOCIATED_WITH,0.0322125801343186,1,,,,,,,"[""OPEN_TARGETS""]"
Genetic respiratory or mediastinal malformation,Orphanet_183554,Orphanet,disease / other candidate,ASSOCIATED_WITH,0.0322125801343186,1,,,,,,,"[""OPEN_TARGETS""]"
Genetic syndrome with limb malformations as a major feature,Orphanet_404577,Orphanet,disease / other candidate,ASSOCIATED_WITH,0.0322125801343186,1,,,,,,,"[""OPEN_TARGETS""]"
anemia (phenotype),EFO_0004272,EFO,trait / measurement candidate,ASSOCIATED_WITH,0.03220518853722491,2,,,,,,,"[""OPEN_TARGETS""]"
combined immunodeficiency due to partial RAG1 deficiency,MONDO_0012359,MONDO,disease / other candidate,ASSOCIATED_WITH,0.03219040534303753,1,,,,,,,"[""OPEN_TARGETS""]"
Genetic bone tumor,Orphanet_183527,Orphanet,disease / other candidate,ASSOCIATED_WITH,0.03217562214885014,1,,,,,,,"[""OPEN_TARGETS""]"
Diaphyseal medullary stenosis - bone malignancy,Orphanet_85182,Orphanet,disease / other candidate,ASSOCIATED_WITH,0.03217562214885014,1,,,,,,,"[""OPEN_TARGETS""]"
granulocytopenia with immunoglobulin abnormality,MONDO_0009305,MONDO,disease / other candidate,ASSOCIATED_WITH,0.03212388096919428,1,,,,,,,"[""OPEN_TARGETS""]"
immunodeficiency 31B,MONDO_0013427,MONDO,disease / other candidate,ASSOCIATED_WITH,0.03210909777500689,1,,,,,,,"[""OPEN_TARGETS""]"
immunodeficiency 33,MONDO_0010386,MONDO,disease / other candidate,ASSOCIATED_WITH,0.03207953138663211,1,,,,,,,"[""OPEN_TARGETS""]"
growth hormone insensitivity syndrome,MONDO_0015892,MONDO,disease / other candidate,ASSOCIATED_WITH,0.03206474819244473,1,,,,,,,"[""OPEN_TARGETS""]"
growth hormone insensitivity syndrome with immune dysregulation,MONDO_0100210,MONDO,disease / other candidate,ASSOCIATED_WITH,0.03206474819244473,1,,,,,,,"[""OPEN_TARGETS""]"
"growth hormone insensitivity syndrome with immune dysregulation 2, autosomal dominant",MONDO_0100219,MONDO,disease / other candidate,ASSOCIATED_WITH,0.03206474819244473,1,,,,,,,"[""OPEN_TARGETS""]"
male infertility with teratozoospermia due to single gene mutation,MONDO_0018394,MONDO,disease / other candidate,ASSOCIATED_WITH,0.03203518180406995,1,,,,,,,"[""OPEN_TARGETS""]"
hilar cholangiocarcinoma,EFO_1001959,EFO,disease / other candidate,ASSOCIATED_WITH,0.03199083222150779,2,,,,,,,"[""OPEN_TARGETS""]"
immunodeficiency 81,MONDO_0030302,MONDO,disease / other candidate,ASSOCIATED_WITH,0.031946482638945624,1,,,,,,,"[""OPEN_TARGETS""]"
seminoma,MONDO_0003001,MONDO,disease / other candidate,ASSOCIATED_WITH,0.03193785910900298,4,,,,,,,"[""OPEN_TARGETS""]"
germinomatous germ cell tumor,MONDO_0020580,MONDO,disease / other candidate,ASSOCIATED_WITH,0.03193785910900298,4,,,,,,,"[""OPEN_TARGETS""]"
congenital limb malformation,MONDO_0019054,MONDO,disease / other candidate,ASSOCIATED_WITH,0.03190466047434194,27,,,,,,,"[""OPEN_TARGETS""]"
Wolman disease,MONDO_0019148,MONDO,disease / other candidate,ASSOCIATED_WITH,0.03190213305638346,1,,,,,,,"[""OPEN_TARGETS""]"
dehydrated hereditary stomatocytosis with or without pseudohyperkalemia and/or perinatal edema,MONDO_0008689,MONDO,disease / other candidate,ASSOCIATED_WITH,0.03186517507091499,1,,,,,,,"[""OPEN_TARGETS""]"
ectodermal dysplasia and immune deficiency,MONDO_0010293,MONDO,disease / other candidate,ASSOCIATED_WITH,0.03186517507091499,1,,,,,,,"[""OPEN_TARGETS""]"
dehydrated hereditary stomatocytosis,MONDO_0017910,MONDO,disease / other candidate,ASSOCIATED_WITH,0.03186517507091499,1,,,,,,,"[""OPEN_TARGETS""]"
ectodermal dysplasia and immunodeficiency 1,MONDO_0020740,MONDO,disease / other candidate,ASSOCIATED_WITH,0.03186517507091499,1,,,,,,,"[""OPEN_TARGETS""]"
"autoinflammatory disease, multisystem, with immune dysregulation, X-linked",MONDO_0957494,MONDO,disease / other candidate,ASSOCIATED_WITH,0.03180604229416544,1,,,,,,,"[""OPEN_TARGETS""]"
tuberous sclerosis,MONDO_0001734,MONDO,disease / other candidate,ASSOCIATED_WITH,0.03178386750288435,1,,,,,,,"[""OPEN_TARGETS""]"
neurocutaneous syndrome,MONDO_0042983,MONDO,disease / other candidate,ASSOCIATED_WITH,0.03178386750288435,1,,,,,,,"[""OPEN_TARGETS""]"
Caroli Disease,EFO_1001286,EFO,disease / other candidate,ASSOCIATED_WITH,0.031776475905790656,1,,,,,,,"[""OPEN_TARGETS""]"
Rare insulin-resistance syndrome,Orphanet_181368,Orphanet,disease / other candidate,ASSOCIATED_WITH,0.031739517920322195,1,,,,,,,"[""OPEN_TARGETS""]"
Genetic subcutaneous tissue disorder,Orphanet_183484,Orphanet,disease / other candidate,ASSOCIATED_WITH,0.031739517920322195,1,,,,,,,"[""OPEN_TARGETS""]"
Genetic neuromuscular disease,Orphanet_183497,Orphanet,disease / other candidate,ASSOCIATED_WITH,0.031739517920322195,1,,,,,,,"[""OPEN_TARGETS""]"
Rare genetic diabetes mellitus,Orphanet_183625,Orphanet,disease / other candidate,ASSOCIATED_WITH,0.031739517920322195,1,,,,,,,"[""OPEN_TARGETS""]"
Genetic skeletal muscle disease,Orphanet_206634,Orphanet,disease / other candidate,ASSOCIATED_WITH,0.031739517920322195,1,,,,,,,"[""OPEN_TARGETS""]"
Generalized congenital lipodystrophy with myopathy,Orphanet_228429,Orphanet,disease / other candidate,ASSOCIATED_WITH,0.031739517920322195,1,,,,,,,"[""OPEN_TARGETS""]"
Rare genetic cardiac disease,Orphanet_98054,Orphanet,disease / other candidate,ASSOCIATED_WITH,0.031739517920322195,1,,,,,,,"[""OPEN_TARGETS""]"
mitochondrial DNA depletion syndrome 3 (hepatocerebral type),MONDO_0009636,MONDO,disease / other candidate,ASSOCIATED_WITH,0.0317247347261348,1,,,,,,,"[""OPEN_TARGETS""]"
osteogenesis imperfecta type 1,MONDO_0008146,MONDO,disease / other candidate,ASSOCIATED_WITH,0.03170255993485372,1,,,,,,,"[""OPEN_TARGETS""]"
glomerulonephritis,MONDO_0002462,MONDO,disease / other candidate,ASSOCIATED_WITH,0.031664283254732965,15,,,,,,,"[""OPEN_TARGETS""]"
type II complement component 8 deficiency,MONDO_0013421,MONDO,disease / other candidate,ASSOCIATED_WITH,0.031658210352291556,1,,,,,,,"[""OPEN_TARGETS""]"
immunodeficiency due to a late component of complement deficiency,MONDO_0015700,MONDO,disease / other candidate,ASSOCIATED_WITH,0.031658210352291556,1,,,,,,,"[""OPEN_TARGETS""]"
Immunodeficiency due to a late component of complements deficiency,Orphanet_169150,Orphanet,disease / other candidate,ASSOCIATED_WITH,0.031658210352291556,1,,,,,,,"[""OPEN_TARGETS""]"
"Meckel syndrome, type 3",MONDO_0011821,MONDO,disease / other candidate,ASSOCIATED_WITH,0.03162864396391678,1,,,,,,,"[""OPEN_TARGETS""]"
Klatskin's tumor,EFO_1001005,EFO,disease / other candidate,ASSOCIATED_WITH,0.03162125236682309,1,,,,,,,"[""OPEN_TARGETS""]"
gastrointestinal defect and immunodeficiency syndrome,MONDO_0030831,MONDO,disease / other candidate,ASSOCIATED_WITH,0.0316138607697294,1,,,,,,,"[""OPEN_TARGETS""]"
gastrointestinal defects and immunodeficiency syndrome 1,MONDO_0800030,MONDO,disease / other candidate,ASSOCIATED_WITH,0.0316138607697294,1,,,,,,,"[""OPEN_TARGETS""]"
Isolated CoQ-cytochrome C reductase deficiency,Orphanet_1460,Orphanet,disease / other candidate,ASSOCIATED_WITH,0.031606469172635696,1,,,,,,,"[""OPEN_TARGETS""]"
biliary atresia,MONDO_0008867,MONDO,disease / other candidate,ASSOCIATED_WITH,0.03153255320169876,1,,,,,,,"[""OPEN_TARGETS""]"
immunodeficiency 77,MONDO_0030973,MONDO,disease / other candidate,ASSOCIATED_WITH,0.03152516160460506,1,,,,,,,"[""OPEN_TARGETS""]"
leukocyte adhesion deficiency type II,MONDO_0009953,MONDO,disease / other candidate,ASSOCIATED_WITH,0.03151037841041768,1,,,,,,,"[""OPEN_TARGETS""]"
renal tubular transport disease,EFO_1000647,EFO,disease / other candidate,ASSOCIATED_WITH,0.03145863723076182,1,,,,,,,"[""OPEN_TARGETS""]"
Dent disease type 1,MONDO_0010225,MONDO,disease / other candidate,ASSOCIATED_WITH,0.03145863723076182,1,,,,,,,"[""OPEN_TARGETS""]"
Dent disease,MONDO_0015612,MONDO,disease / other candidate,ASSOCIATED_WITH,0.03145863723076182,1,,,,,,,"[""OPEN_TARGETS""]"
Flynn-Aird syndrome,MONDO_0007624,MONDO,disease / other candidate,ASSOCIATED_WITH,0.031406896051105956,1,,,,,,,"[""OPEN_TARGETS""]"
combined oxidative phosphorylation defect type 9,MONDO_0013811,MONDO,disease / other candidate,ASSOCIATED_WITH,0.031406896051105956,1,,,,,,,"[""OPEN_TARGETS""]"
Netherton syndrome,MONDO_0009735,MONDO,disease / other candidate,ASSOCIATED_WITH,0.03139211285691857,2,,,,,,,"[""OPEN_TARGETS""]"
immunodeficiency 75,MONDO_0030858,MONDO,disease / other candidate,ASSOCIATED_WITH,0.031355154871450096,1,,,,,,,"[""OPEN_TARGETS""]"
Genetic polyendocrinopathy,Orphanet_183643,Orphanet,disease / other candidate,ASSOCIATED_WITH,0.03133298008016902,1,,,,,,,"[""OPEN_TARGETS""]"
Genetic intractable diarrhea of infancy,Orphanet_363300,Orphanet,disease / other candidate,ASSOCIATED_WITH,0.03133298008016902,1,,,,,,,"[""OPEN_TARGETS""]"
Autoimmune enteropathy and endocrinopathy-susceptibility to chronic infections syndrome,Orphanet_391487,Orphanet,disease / other candidate,ASSOCIATED_WITH,0.03133298008016902,1,,,,,,,"[""OPEN_TARGETS""]"
lymphangioma,MONDO_0002013,MONDO,disease / other candidate,ASSOCIATED_WITH,0.03130341369179424,1,,,,,,,"[""OPEN_TARGETS""]"
disappearing bone disease,MONDO_0003157,MONDO,disease / other candidate,ASSOCIATED_WITH,0.03130341369179424,1,,,,,,,"[""OPEN_TARGETS""]"
Gorham-Stout disease,MONDO_0007414,MONDO,disease / other candidate,ASSOCIATED_WITH,0.03130341369179424,1,,,,,,,"[""OPEN_TARGETS""]"
hemochromatosis type 4,MONDO_0011631,MONDO,disease / other candidate,ASSOCIATED_WITH,0.03130341369179424,1,,,,,,,"[""OPEN_TARGETS""]"
vascular bone neoplasm,MONDO_0024499,MONDO,disease / other candidate,ASSOCIATED_WITH,0.03130341369179424,1,,,,,,,"[""OPEN_TARGETS""]"
lymphatic vessel neoplasm,MONDO_0036870,MONDO,disease / other candidate,ASSOCIATED_WITH,0.03130341369179424,1,,,,,,,"[""OPEN_TARGETS""]"
alpha thalassemia spectrum,MONDO_0011399,MONDO,disease / other candidate,ASSOCIATED_WITH,0.03127384730341947,1,,,,,,,"[""OPEN_TARGETS""]"
hemoglobin H disease,MONDO_0013512,MONDO,disease / other candidate,ASSOCIATED_WITH,0.03127384730341947,1,,,,,,,"[""OPEN_TARGETS""]"
digenic alpha thalassemia spectrum,MONDO_0100563,MONDO,disease / other candidate,ASSOCIATED_WITH,0.03127384730341947,1,,,,,,,"[""OPEN_TARGETS""]"
cranial nerve neuropathy,MONDO_0003569,MONDO,disease / other candidate,ASSOCIATED_WITH,0.0312710400701947,10,,,,,,,"[""OPEN_TARGETS""]"
neuroendocrine neoplasm,EFO_1001901,EFO,disease / other candidate,ASSOCIATED_WITH,0.031251074392707474,34,,,,,,,"[""OPEN_TARGETS""]"
hyperimmunoglobulinemia D with periodic fever,MONDO_0009849,MONDO,disease / other candidate,ASSOCIATED_WITH,0.031244280915044692,1,,,,,,,"[""OPEN_TARGETS""]"
mevalonate kinase deficiency,MONDO_0017708,MONDO,disease / other candidate,ASSOCIATED_WITH,0.031244280915044692,1,,,,,,,"[""OPEN_TARGETS""]"
sterol biosynthesis disorder,MONDO_0019240,MONDO,disease / other candidate,ASSOCIATED_WITH,0.031244280915044692,1,,,,,,,"[""OPEN_TARGETS""]"
intraepithelial neoplasia,MONDO_0024474,MONDO,disease / other candidate,ASSOCIATED_WITH,0.031208873354925067,12,,,,,,,"[""OPEN_TARGETS""]"
Pneumocystis infectious disease,EFO_0007447,EFO,disease / other candidate,ASSOCIATED_WITH,0.031207322929576217,1,,,,,,,"[""OPEN_TARGETS""]"
pneumocystosis,EFO_0007448,EFO,disease / other candidate,ASSOCIATED_WITH,0.031207322929576217,1,,,,,,,"[""OPEN_TARGETS""]"
endothelial dysfunction,EFO_1001461,EFO,disease / other candidate,ASSOCIATED_WITH,0.03116993974774156,33,,,,,,,"[""OPEN_TARGETS""]"
beta-thalassemia and related diseases,MONDO_0017145,MONDO,disease / other candidate,ASSOCIATED_WITH,0.03115558174992036,1,,,,,,,"[""OPEN_TARGETS""]"
hereditary persistence of fetal hemoglobin-beta-thalassemia syndrome,MONDO_0018749,MONDO,disease / other candidate,ASSOCIATED_WITH,0.03115558174992036,1,,,,,,,"[""OPEN_TARGETS""]"
combined immunodeficiency due to ORAI1 deficiency,MONDO_0013007,MONDO,disease / other candidate,ASSOCIATED_WITH,0.031148190152826667,1,,,,,,,"[""OPEN_TARGETS""]"
hereditary hypophosphatemic rickets with hypercalciuria,MONDO_0009431,MONDO,disease / other candidate,ASSOCIATED_WITH,0.031118623764451892,1,,,,,,,"[""OPEN_TARGETS""]"
dyskeratosis congenita,MONDO_0015780,MONDO,disease / other candidate,ASSOCIATED_WITH,0.031052099390608646,1,,,,,,,"[""OPEN_TARGETS""]"
type 1 diabetes mellitus,MONDO_0005147,MONDO,disease / other candidate,ASSOCIATED_WITH,0.031009120196621137,26,,,,,,,"[""OPEN_TARGETS""]"
Joubert syndrome and related disorders,MONDO_0015369,MONDO,disease / other candidate,ASSOCIATED_WITH,0.030911659045828464,1,,,,,,,"[""OPEN_TARGETS""]"
autosomal recessive congenital cerebellar ataxia,MONDO_0020043,MONDO,disease / other candidate,ASSOCIATED_WITH,0.030911659045828464,1,,,,,,,"[""OPEN_TARGETS""]"
Joubert syndrome with hepatic defect,Orphanet_1454,Orphanet,disease / other candidate,ASSOCIATED_WITH,0.030911659045828464,1,,,,,,,"[""OPEN_TARGETS""]"
Genetic central nervous system malformation,Orphanet_183506,Orphanet,disease / other candidate,ASSOCIATED_WITH,0.030911659045828464,1,,,,,,,"[""OPEN_TARGETS""]"
Genetic syndrome with a central nervous system malformation as major feature,Orphanet_269564,Orphanet,disease / other candidate,ASSOCIATED_WITH,0.030911659045828464,1,,,,,,,"[""OPEN_TARGETS""]"
Genetic syndrome with a cerebellar malformation as major feature,Orphanet_269567,Orphanet,disease / other candidate,ASSOCIATED_WITH,0.030911659045828464,1,,,,,,,"[""OPEN_TARGETS""]"
Genetic multiple congenital anomalies/dysmorphic syndrome - variable intellectual disability,Orphanet_330197,Orphanet,disease / other candidate,ASSOCIATED_WITH,0.030911659045828464,1,,,,,,,"[""OPEN_TARGETS""]"
very long chain acyl-CoA dehydrogenase deficiency,MONDO_0008723,MONDO,disease / other candidate,ASSOCIATED_WITH,0.030904267448734767,1,,,,,,,"[""OPEN_TARGETS""]"
keratinization disease,MONDO_0045011,MONDO,disease / other candidate,ASSOCIATED_WITH,0.030901105682441754,27,,,,,,,"[""OPEN_TARGETS""]"
keratosis,EFO_1000720,EFO,disease / other candidate,ASSOCIATED_WITH,0.03089907780943937,26,,,,,,,"[""OPEN_TARGETS""]"
oligodendroglial tumor,MONDO_0018744,MONDO,disease / other candidate,ASSOCIATED_WITH,0.030790586259104587,9,,,,,,,"[""OPEN_TARGETS""]"
spermatogenic failures 50,MONDO_0030869,MONDO,disease / other candidate,ASSOCIATED_WITH,0.030778610298141964,1,,,,,,,"[""OPEN_TARGETS""]"
thyroiditis,MONDO_0004126,MONDO,disease / other candidate,ASSOCIATED_WITH,0.03077100012573678,103,,,,,,,"[""OPEN_TARGETS""]"
myelodysplastic syndrome,EFO_0000198,EFO,disease / other candidate,ASSOCIATED_WITH,0.030726869118486107,1,,,,,,,"[""OPEN_TARGETS""]"
monosomy 7 myelodysplasia and leukemia syndrome 2,MONDO_0030801,MONDO,disease / other candidate,ASSOCIATED_WITH,0.030726869118486107,1,,,,,,,"[""OPEN_TARGETS""]"
familial monosomy 7 syndrome,MONDO_0044645,MONDO,disease / other candidate,ASSOCIATED_WITH,0.030726869118486107,1,,,,,,,"[""OPEN_TARGETS""]"
neuroendocrine carcinoma,MONDO_0002120,MONDO,disease / other candidate,ASSOCIATED_WITH,0.03072100092789368,26,,,,,,,"[""OPEN_TARGETS""]"
3-hydroxyacyl-CoA dehydrogenase deficiency,MONDO_0017715,MONDO,disease / other candidate,ASSOCIATED_WITH,0.03066773634173656,1,,,,,,,"[""OPEN_TARGETS""]"
Combined oxidative phosphorylation defect type 21,EFO_0009032,EFO,disease / other candidate,ASSOCIATED_WITH,0.030630778356268085,1,,,,,,,"[""OPEN_TARGETS""]"
Mitochondrial oxidative phosphorylation disorder due to nuclear DNA anomalies,Orphanet_2443,Orphanet,disease / other candidate,ASSOCIATED_WITH,0.030630778356268085,1,,,,,,,"[""OPEN_TARGETS""]"
Mitochondrial disorder due to a defect in mitochondrial protein synthesis,Orphanet_35696,Orphanet,disease / other candidate,ASSOCIATED_WITH,0.030630778356268085,1,,,,,,,"[""OPEN_TARGETS""]"
pulmonary alveolar proteinosis,MONDO_0001437,MONDO,disease / other candidate,ASSOCIATED_WITH,0.030615995162080703,1,,,,,,,"[""OPEN_TARGETS""]"
hereditary pulmonary alveolar proteinosis,MONDO_0012580,MONDO,disease / other candidate,ASSOCIATED_WITH,0.030615995162080703,1,,,,,,,"[""OPEN_TARGETS""]"
severe early-onset pulmonary alveolar proteinosis due to MARS deficiency,MONDO_0014206,MONDO,disease / other candidate,ASSOCIATED_WITH,0.030615995162080703,1,,,,,,,"[""OPEN_TARGETS""]"
Kallmann syndrome,MONDO_0018800,MONDO,disease / other candidate,ASSOCIATED_WITH,0.03057903717661222,1,,,,,,,"[""OPEN_TARGETS""]"
hyperzincemia with functional zinc depletion,MONDO_0011174,MONDO,disease / other candidate,ASSOCIATED_WITH,0.030564253982424842,1,,,,,,,"[""OPEN_TARGETS""]"
craniometadiaphyseal osteosclerosis with hip dysplasia,MONDO_0957832,MONDO,disease / other candidate,ASSOCIATED_WITH,0.03054947078823745,1,,,,,,,"[""OPEN_TARGETS""]"
gonadal dysgenesis,MONDO_0001967,MONDO,disease / other candidate,ASSOCIATED_WITH,0.030534687594050064,1,,,,,,,"[""OPEN_TARGETS""]"
"46,XY complete gonadal dysgenesis",MONDO_0010765,MONDO,disease / other candidate,ASSOCIATED_WITH,0.030534687594050064,1,,,,,,,"[""OPEN_TARGETS""]"
"46,XY sex reversal 11",MONDO_8000015,MONDO,disease / other candidate,ASSOCIATED_WITH,0.030534687594050064,1,,,,,,,"[""OPEN_TARGETS""]"
"autoinflammation, immune dysregulation, and eosinophilia",MONDO_0033558,MONDO,disease / other candidate,ASSOCIATED_WITH,0.030431205234738346,1,,,,,,,"[""OPEN_TARGETS""]"
MPI-congenital disorder of glycosylation,MONDO_0011257,MONDO,disease / other candidate,ASSOCIATED_WITH,0.03040163884636357,1,,,,,,,"[""OPEN_TARGETS""]"
disorder of protein N-glycosylation,MONDO_0017740,MONDO,disease / other candidate,ASSOCIATED_WITH,0.03040163884636357,1,,,,,,,"[""OPEN_TARGETS""]"
primary lymphedema,MONDO_0019175,MONDO,disease / other candidate,ASSOCIATED_WITH,0.03040163884636357,1,,,,,,,"[""OPEN_TARGETS""]"
lymphedema,MONDO_0019297,MONDO,disease / other candidate,ASSOCIATED_WITH,0.03040163884636357,1,,,,,,,"[""OPEN_TARGETS""]"
lymphatic malformation,MONDO_0019313,MONDO,disease / other candidate,ASSOCIATED_WITH,0.03040163884636357,1,,,,,,,"[""OPEN_TARGETS""]"
glycoprotein metabolism disease,MONDO_0045010,MONDO,disease / other candidate,ASSOCIATED_WITH,0.03040163884636357,1,,,,,,,"[""OPEN_TARGETS""]"
anemia due to enzyme disorder,EFO_0009529,EFO,disease / other candidate,ASSOCIATED_WITH,0.030357289263801407,1,,,,,,,"[""OPEN_TARGETS""]"
congenital nonspherocytic hemolytic anemia,EFO_1000641,EFO,disease / other candidate,ASSOCIATED_WITH,0.030357289263801407,1,,,,,,,"[""OPEN_TARGETS""]"
congenital anemia,MONDO_0000577,MONDO,disease / other candidate,ASSOCIATED_WITH,0.030357289263801407,1,,,,,,,"[""OPEN_TARGETS""]"
pyruvate kinase deficiency of red cells,MONDO_0009950,MONDO,disease / other candidate,ASSOCIATED_WITH,0.030357289263801407,1,,,,,,,"[""OPEN_TARGETS""]"
pyruvate metabolism disorder,MONDO_0016789,MONDO,disease / other candidate,ASSOCIATED_WITH,0.030357289263801407,1,,,,,,,"[""OPEN_TARGETS""]"
disorder of glycolysis,MONDO_0017688,MONDO,disease / other candidate,ASSOCIATED_WITH,0.030357289263801407,1,,,,,,,"[""OPEN_TARGETS""]"
anemia due to erythrocyte enzyme disorder,MONDO_0020585,MONDO,disease / other candidate,ASSOCIATED_WITH,0.030357289263801407,1,,,,,,,"[""OPEN_TARGETS""]"
Rare constitutional hemolytic anemia,Orphanet_182043,Orphanet,disease / other candidate,ASSOCIATED_WITH,0.030357289263801407,1,,,,,,,"[""OPEN_TARGETS""]"
Hemolytic anemia due to red cell pyruvate kinase deficiency,Orphanet_766,Orphanet,disease / other candidate,ASSOCIATED_WITH,0.030357289263801407,1,,,,,,,"[""OPEN_TARGETS""]"
Rare constitutional hemolytic anemia due to an enzyme disorder,Orphanet_98369,Orphanet,disease / other candidate,ASSOCIATED_WITH,0.030357289263801407,1,,,,,,,"[""OPEN_TARGETS""]"
Hemolytic anemia due to a disorder of glycolytic enzymes,Orphanet_98372,Orphanet,disease / other candidate,ASSOCIATED_WITH,0.030357289263801407,1,,,,,,,"[""OPEN_TARGETS""]"
"growth retardation, intellectual developmental disorder, hypotonia, and hepatopathy",EFO_0009155,EFO,disease / other candidate,ASSOCIATED_WITH,0.030327722875426632,1,,,,,,,"[""OPEN_TARGETS""]"
cranial nerve palsy,EFO_0009489,EFO,disease / other candidate,ASSOCIATED_WITH,0.030289623047436598,8,,,,,,,"[""OPEN_TARGETS""]"
oculomotor nerve paralysis,MONDO_0001309,MONDO,disease / other candidate,ASSOCIATED_WITH,0.030289623047436598,8,,,,,,,"[""OPEN_TARGETS""]"
third cranial nerve disorder,MONDO_0003546,MONDO,disease / other candidate,ASSOCIATED_WITH,0.030289623047436598,8,,,,,,,"[""OPEN_TARGETS""]"
nuclear oculomotor paralysis,MONDO_0015083,MONDO,disease / other candidate,ASSOCIATED_WITH,0.030289623047436598,8,,,,,,,"[""OPEN_TARGETS""]"
Duane retraction syndrome,MONDO_0007473,MONDO,disease / other candidate,ASSOCIATED_WITH,0.03026652430651881,7,,,,,,,"[""OPEN_TARGETS""]"
oligodendroglioma,EFO_0000632,EFO,disease / other candidate,ASSOCIATED_WITH,0.030215822308313767,5,,,,,,,"[""OPEN_TARGETS""]"
grade II glioma,MONDO_0021639,MONDO,disease / other candidate,ASSOCIATED_WITH,0.030215822308313767,5,,,,,,,"[""OPEN_TARGETS""]"
polyp,EFO_0000662,EFO,disease / other candidate,ASSOCIATED_WITH,0.030187240860960127,9,,,,,,,"[""OPEN_TARGETS""]"
venous thromboembolism,EFO_0004286,EFO,disease / other candidate,ASSOCIATED_WITH,0.030049306051564154,5,,,,,,,"[""OPEN_TARGETS""]"
acute lung injury,EFO_0004610,EFO,disease / other candidate,ASSOCIATED_WITH,0.030025899327434123,5,,,,,,,"[""OPEN_TARGETS""]"
palmoplantar keratosis,EFO_1000745,EFO,disease / other candidate,ASSOCIATED_WITH,0.029973617460192073,21,,,,,,,"[""OPEN_TARGETS""]"
pachyonychia congenita,MONDO_0016471,MONDO,disease / other candidate,ASSOCIATED_WITH,0.029973617460192073,21,,,,,,,"[""OPEN_TARGETS""]"
focal palmoplantar keratoderma,MONDO_0017672,MONDO,disease / other candidate,ASSOCIATED_WITH,0.029973617460192073,21,,,,,,,"[""OPEN_TARGETS""]"
hereditary palmoplantar keratoderma,MONDO_0019272,MONDO,disease / other candidate,ASSOCIATED_WITH,0.029973617460192073,21,,,,,,,"[""OPEN_TARGETS""]"
pancreatic ductal adenocarcinoma,MONDO_0005184,MONDO,disease / other candidate,ASSOCIATED_WITH,0.02994499267475716,24,,,,,,,"[""OPEN_TARGETS""]"
myositis,EFO_0000783,EFO,disease / other candidate,ASSOCIATED_WITH,0.029704025385758753,18,,,,,,,"[""OPEN_TARGETS""]"
coccidiosis,EFO_0007212,EFO,disease / other candidate,ASSOCIATED_WITH,0.02961318296692117,8,,,,,,,"[""OPEN_TARGETS""]"
toxoplasmosis,EFO_0007517,EFO,disease / other candidate,ASSOCIATED_WITH,0.02961318296692117,8,,,,,,,"[""OPEN_TARGETS""]"
idiopathic inflammatory myopathy,MONDO_0600023,MONDO,disease / other candidate,ASSOCIATED_WITH,0.029590328767930427,13,,,,,,,"[""OPEN_TARGETS""]"
medullary thyroid gland carcinoma,MONDO_0015277,MONDO,disease / other candidate,ASSOCIATED_WITH,0.029559817168750443,11,,,,,,,"[""OPEN_TARGETS""]"
anthropometric measurement,EFO_0004302,EFO,trait / measurement candidate,ASSOCIATED_WITH,0.0291881849901488,6,,,,,,,"[""OPEN_TARGETS""]"
muscle measurement,EFO_0004515,EFO,trait / measurement candidate,ASSOCIATED_WITH,0.0291881849901488,6,,,,,,,"[""OPEN_TARGETS""]"
calf circumference measurement,EFO_0008453,EFO,trait / measurement candidate,ASSOCIATED_WITH,0.0291881849901488,6,,,,,,,"[""OPEN_TARGETS""]"
acquired skeletal muscle disease,MONDO_0016105,MONDO,disease / other candidate,ASSOCIATED_WITH,0.028727965919283262,12,,,,,,,"[""OPEN_TARGETS""]"
acquired idiopathic inflammatory myopathy,MONDO_0020122,MONDO,disease / other candidate,ASSOCIATED_WITH,0.028727965919283262,12,,,,,,,"[""OPEN_TARGETS""]"
pancreatic adenocarcinoma,EFO_1000044,EFO,disease / other candidate,ASSOCIATED_WITH,0.028494973158112395,31,,,,,,,"[""OPEN_TARGETS""]"
hepatitis C virus infection,EFO_0003047,EFO,disease / other candidate,ASSOCIATED_WITH,0.028459226019236117,21,,,,,,,"[""OPEN_TARGETS""]"
placental insufficiency,EFO_0007443,EFO,disease / other candidate,ASSOCIATED_WITH,0.02843711659657289,3,,,,,,,"[""OPEN_TARGETS""]"
diffuse large B-cell lymphoma,EFO_0000403,EFO,disease / other candidate,ASSOCIATED_WITH,0.028384414749373275,26,,,,,,,"[""OPEN_TARGETS""]"
tubular adenocarcinoma,EFO_0006500,EFO,disease / other candidate,ASSOCIATED_WITH,0.028370825695621434,24,,,,,,,"[""OPEN_TARGETS""]"
arthrogryposis syndrome,MONDO_0015225,MONDO,disease / other candidate,ASSOCIATED_WITH,0.028268799656879725,21,,,,,,,"[""OPEN_TARGETS""]"
sarcoidosis,MONDO_0019338,MONDO,disease / other candidate,ASSOCIATED_WITH,0.028232304850540825,9,,,,,,,"[""OPEN_TARGETS""]"
allergic disease,MONDO_0005271,MONDO,disease / other candidate,ASSOCIATED_WITH,0.0281994557023605,49,,,,,,,"[""OPEN_TARGETS""]"
Dengue Hemorrhagic Fever,EFO_0004227,EFO,disease / other candidate,ASSOCIATED_WITH,0.028088068956037337,1,,,,,,,"[""OPEN_TARGETS""]"
Helminthiasis,EFO_1001342,EFO,disease / other candidate,ASSOCIATED_WITH,0.02782562686428883,14,,,,,,,"[""OPEN_TARGETS""]"
bladder disease,EFO_1000018,EFO,disease / other candidate,ASSOCIATED_WITH,0.027820462149094803,61,,,,,,,"[""OPEN_TARGETS""]"
precursor B-cell acute lymphoblastic leukemia,MONDO_0020511,MONDO,disease / other candidate,ASSOCIATED_WITH,0.027718489101352634,2,,,,,,,"[""OPEN_TARGETS""]"
allergic respiratory disease,MONDO_0000771,MONDO,disease / other candidate,ASSOCIATED_WITH,0.027657149324913553,18,,,,,,,"[""OPEN_TARGETS""]"
hypertensive disorder,MONDO_0005044,MONDO,disease / other candidate,ASSOCIATED_WITH,0.027475477776154084,8,,,,,,,"[""OPEN_TARGETS""]"
dysplasia of cervix,EFO_1000910,EFO,disease / other candidate,ASSOCIATED_WITH,0.027433489398219074,7,,,,,,,"[""OPEN_TARGETS""]"
bladder tumor,EFO_0000294,EFO,disease / other candidate,ASSOCIATED_WITH,0.02741507689819747,57,,,,,,,"[""OPEN_TARGETS""]"
Bartsocas-Papas syndrome 1,MONDO_0009901,MONDO,disease / other candidate,ASSOCIATED_WITH,0.027351775725340553,10,,,,,,,"[""OPEN_TARGETS""]"
popliteal pterygium syndrome,MONDO_0017435,MONDO,disease / other candidate,ASSOCIATED_WITH,0.027351775725340553,10,,,,,,,"[""OPEN_TARGETS""]"
IRF6-related condition,MONDO_1040010,MONDO,disease / other candidate,ASSOCIATED_WITH,0.027351775725340553,10,,,,,,,"[""OPEN_TARGETS""]"
urinary bladder cancer,MONDO_0001187,MONDO,disease / other candidate,ASSOCIATED_WITH,0.027332817056695297,46,,,,,,,"[""OPEN_TARGETS""]"
urinary bladder carcinoma,MONDO_0004986,MONDO,disease / other candidate,ASSOCIATED_WITH,0.027267329620809907,44,,,,,,,"[""OPEN_TARGETS""]"
essential hypertension,MONDO_0001134,MONDO,disease / other candidate,ASSOCIATED_WITH,0.0272000506940866,4,,,,,,,"[""OPEN_TARGETS""]"
cervical intraepithelial neoplasia,MONDO_0022394,MONDO,disease / other candidate,ASSOCIATED_WITH,0.02717582268139059,6,,,,,,,"[""OPEN_TARGETS""]"
Treacher-Collins syndrome,MONDO_0002457,MONDO,disease / other candidate,ASSOCIATED_WITH,0.02716555657431602,6,,,,,,,"[""OPEN_TARGETS""]"
mandibulofacial dysostosis,MONDO_0015483,MONDO,disease / other candidate,ASSOCIATED_WITH,0.02716555657431602,6,,,,,,,"[""OPEN_TARGETS""]"
hereditary otorhinolaryngologic disease,MONDO_0018751,MONDO,disease / other candidate,ASSOCIATED_WITH,0.02716555657431602,6,,,,,,,"[""OPEN_TARGETS""]"
brain infarction,EFO_0004277,EFO,disease / other candidate,ASSOCIATED_WITH,0.02694164020827618,8,,,,,,,"[""OPEN_TARGETS""]"
cerebral infarction,MONDO_0002679,MONDO,disease / other candidate,ASSOCIATED_WITH,0.02694164020827618,8,,,,,,,"[""OPEN_TARGETS""]"
glioblastoma,MONDO_0018177,MONDO,disease / other candidate,ASSOCIATED_WITH,0.02683824915619773,39,,,,,,,"[""OPEN_TARGETS""]"
squamous cell intraepithelial neoplasia,MONDO_0024475,MONDO,disease / other candidate,ASSOCIATED_WITH,0.026822873920166704,6,,,,,,,"[""OPEN_TARGETS""]"
hereditary nephritis,EFO_0004128,EFO,disease / other candidate,ASSOCIATED_WITH,0.02665081396559683,3,,,,,,,"[""OPEN_TARGETS""]"
endometrial neoplasm,EFO_0004230,EFO,disease / other candidate,ASSOCIATED_WITH,0.02660974953729853,1,,,,,,,"[""OPEN_TARGETS""]"
female genital tract polyp,EFO_0008622,EFO,disease / other candidate,ASSOCIATED_WITH,0.02660974953729853,1,,,,,,,"[""OPEN_TARGETS""]"
uterine polyp,EFO_0009484,EFO,disease / other candidate,ASSOCIATED_WITH,0.02660974953729853,1,,,,,,,"[""OPEN_TARGETS""]"
Endometrial Polyp,EFO_1000237,EFO,disease / other candidate,ASSOCIATED_WITH,0.02660974953729853,1,,,,,,,"[""OPEN_TARGETS""]"
adult astrocytic tumor,MONDO_0002503,MONDO,disease / other candidate,ASSOCIATED_WITH,0.02660974953729853,1,,,,,,,"[""OPEN_TARGETS""]"
carotid artery disease,EFO_0003781,EFO,disease / other candidate,ASSOCIATED_WITH,0.02646934096297451,13,,,,,,,"[""OPEN_TARGETS""]"
carotid atherosclerosis,EFO_0009783,EFO,disease / other candidate,ASSOCIATED_WITH,0.026449044140333725,12,,,,,,,"[""OPEN_TARGETS""]"
cervical squamous intraepithelial neoplasia,MONDO_0042491,MONDO,disease / other candidate,ASSOCIATED_WITH,0.026445491824105327,3,,,,,,,"[""OPEN_TARGETS""]"
chronic hepatitis C virus infection,EFO_0004220,EFO,disease / other candidate,ASSOCIATED_WITH,0.026432133314165027,7,,,,,,,"[""OPEN_TARGETS""]"
IGA glomerulonephritis,EFO_0004194,EFO,disease / other candidate,ASSOCIATED_WITH,0.02624016968261383,2,,,,,,,"[""OPEN_TARGETS""]"
infectious disorder of the nervous system,MONDO_0020010,MONDO,disease / other candidate,ASSOCIATED_WITH,0.02620526007808404,30,,,,,,,"[""OPEN_TARGETS""]"
disease of peritoneum,EFO_0009541,EFO,disease / other candidate,ASSOCIATED_WITH,0.026063659917687245,10,,,,,,,"[""OPEN_TARGETS""]"
malignant soft tissue neoplasm,MONDO_0024637,MONDO,disease / other candidate,ASSOCIATED_WITH,0.02583024075896407,26,,,,,,,"[""OPEN_TARGETS""]"
soft tissue sarcoma,EFO_1001968,EFO,disease / other candidate,ASSOCIATED_WITH,0.025824282672911616,25,,,,,,,"[""OPEN_TARGETS""]"
central nervous system infection,EFO_1001456,EFO,disease / other candidate,ASSOCIATED_WITH,0.025782786753222327,25,,,,,,,"[""OPEN_TARGETS""]"
Pituitary Gland Adenoma,EFO_1000478,EFO,disease / other candidate,ASSOCIATED_WITH,0.025774993061504412,21,,,,,,,"[""OPEN_TARGETS""]"
blood vessel neoplasm,MONDO_0021080,MONDO,disease / other candidate,ASSOCIATED_WITH,0.025429551560378887,18,,,,,,,"[""OPEN_TARGETS""]"
vascular cancer,MONDO_0002095,MONDO,disease / other candidate,ASSOCIATED_WITH,0.025328176926407896,16,,,,,,,"[""OPEN_TARGETS""]"
cardiovascular cancer,MONDO_0002100,MONDO,disease / other candidate,ASSOCIATED_WITH,0.025328176926407896,16,,,,,,,"[""OPEN_TARGETS""]"
prostate intraepithelial neoplasia,EFO_0002621,EFO,disease / other candidate,ASSOCIATED_WITH,0.025247026484219445,6,,,,,,,"[""OPEN_TARGETS""]"
lymphatic system cancer,MONDO_0000612,MONDO,disease / other candidate,ASSOCIATED_WITH,0.025228761189973546,49,,,,,,,"[""OPEN_TARGETS""]"
nasal cavity disorder,MONDO_0002232,MONDO,disease / other candidate,ASSOCIATED_WITH,0.02522094967475204,11,,,,,,,"[""OPEN_TARGETS""]"
lymph node metastatic carcinoma,EFO_0004906,EFO,disease / other candidate,ASSOCIATED_WITH,0.02521340305282919,45,,,,,,,"[""OPEN_TARGETS""]"
lymph node cancer,MONDO_0001082,MONDO,disease / other candidate,ASSOCIATED_WITH,0.02521340305282919,45,,,,,,,"[""OPEN_TARGETS""]"
lymph node neoplasm,MONDO_0024339,MONDO,disease / other candidate,ASSOCIATED_WITH,0.02521340305282919,45,,,,,,,"[""OPEN_TARGETS""]"
cystic fibrosis,MONDO_0009061,MONDO,disease / other candidate,ASSOCIATED_WITH,0.025008236833664828,3,,,,,,,"[""OPEN_TARGETS""]"
uterine carcinoma,EFO_0002919,EFO,disease / other candidate,ASSOCIATED_WITH,0.024801273448091868,24,,,,,,,"[""OPEN_TARGETS""]"
breast adenocarcinoma,EFO_0000304,EFO,disease / other candidate,ASSOCIATED_WITH,0.024777396089759214,21,,,,,,,"[""OPEN_TARGETS""]"
breast ductal adenocarcinoma,EFO_0006318,EFO,disease / other candidate,ASSOCIATED_WITH,0.024771762534403094,20,,,,,,,"[""OPEN_TARGETS""]"
low-grade astrocytoma,MONDO_0016685,MONDO,disease / other candidate,ASSOCIATED_WITH,0.024665759501656996,6,,,,,,,"[""OPEN_TARGETS""]"
low grade astrocytic tumor,MONDO_0021638,MONDO,disease / other candidate,ASSOCIATED_WITH,0.024665759501656996,6,,,,,,,"[""OPEN_TARGETS""]"
rhinitis,EFO_0008521,EFO,disease / other candidate,ASSOCIATED_WITH,0.024664816695905256,7,,,,,,,"[""OPEN_TARGETS""]"
hematocrit,EFO_0004348,EFO,disease / other candidate,ASSOCIATED_WITH,0.024630201640927756,10,,,,,,,"[""OPEN_TARGETS""]"
pilocytic astrocytoma,MONDO_0016691,MONDO,disease / other candidate,ASSOCIATED_WITH,0.02453599590823437,4,,,,,,,"[""OPEN_TARGETS""]"
allergic rhinitis,EFO_0005854,EFO,disease / other candidate,ASSOCIATED_WITH,0.024469266212249634,4,,,,,,,"[""OPEN_TARGETS""]"
gastric carcinoma,EFO_0000178,EFO,disease / other candidate,ASSOCIATED_WITH,0.024467972165295178,20,,,,,,,"[""OPEN_TARGETS""]"
T-cell non-Hodgkin lymphoma,MONDO_0015760,MONDO,disease / other candidate,ASSOCIATED_WITH,0.024467733571093022,18,,,,,,,"[""OPEN_TARGETS""]"
kidney injury,EFO_0009833,EFO,disease / other candidate,ASSOCIATED_WITH,0.02443333483748862,3,,,,,,,"[""OPEN_TARGETS""]"
"essential hypertension, genetic",MONDO_0007781,MONDO,disease / other candidate,ASSOCIATED_WITH,0.024392270409190318,1,,,,,,,"[""OPEN_TARGETS""]"
meningeal neoplasm,EFO_0003851,EFO,disease / other candidate,ASSOCIATED_WITH,0.024182936041656732,16,,,,,,,"[""OPEN_TARGETS""]"
meningioma,MONDO_0016642,MONDO,disease / other candidate,ASSOCIATED_WITH,0.024146531576281154,13,,,,,,,"[""OPEN_TARGETS""]"
eye degenerative disorder,MONDO_0004884,MONDO,disease / other candidate,ASSOCIATED_WITH,0.024097614280034978,8,,,,,,,"[""OPEN_TARGETS""]"
heart septal defect,MONDO_0002078,MONDO,disease / other candidate,ASSOCIATED_WITH,0.024094553304027645,4,,,,,,,"[""OPEN_TARGETS""]"
ventricular septal defect,MONDO_0002070,MONDO,disease / other candidate,ASSOCIATED_WITH,0.024002158340356468,3,,,,,,,"[""OPEN_TARGETS""]"
endometrial carcinoma,EFO_1001512,EFO,disease / other candidate,ASSOCIATED_WITH,0.023928527297884625,15,,,,,,,"[""OPEN_TARGETS""]"
vascular sarcoma,EFO_0003967,EFO,disease / other candidate,ASSOCIATED_WITH,0.02392730584903946,8,,,,,,,"[""OPEN_TARGETS""]"
angiosarcoma,EFO_0003968,EFO,disease / other candidate,ASSOCIATED_WITH,0.02392730584903946,8,,,,,,,"[""OPEN_TARGETS""]"
skin neoplasm,EFO_0004198,EFO,disease / other candidate,ASSOCIATED_WITH,0.023919621556746932,36,,,,,,,"[""OPEN_TARGETS""]"
mesenchymal cell neoplasm,MONDO_0002616,MONDO,disease / other candidate,ASSOCIATED_WITH,0.02352320362407983,12,,,,,,,"[""OPEN_TARGETS""]"
myomatous neoplasm,MONDO_0021545,MONDO,disease / other candidate,ASSOCIATED_WITH,0.02348593680696052,9,,,,,,,"[""OPEN_TARGETS""]"
smooth muscle tumor,EFO_1001185,EFO,disease / other candidate,ASSOCIATED_WITH,0.023408970102844158,7,,,,,,,"[""OPEN_TARGETS""]"
neoplasm of mature T-cells or NK-cells,EFO_0002426,EFO,disease / other candidate,ASSOCIATED_WITH,0.02339837319898608,10,,,,,,,"[""OPEN_TARGETS""]"
mature T-cell and NK-cell non-Hodgkin lymphoma,MONDO_0000430,MONDO,disease / other candidate,ASSOCIATED_WITH,0.02339837319898608,10,,,,,,,"[""OPEN_TARGETS""]"
T-cell and NK-cell neoplasm,MONDO_0024615,MONDO,disease / other candidate,ASSOCIATED_WITH,0.02339837319898608,10,,,,,,,"[""OPEN_TARGETS""]"
anaplastic large cell lymphoma,EFO_0003032,EFO,disease / other candidate,ASSOCIATED_WITH,0.02336305779064954,9,,,,,,,"[""OPEN_TARGETS""]"
Townes-Brocks syndrome,MONDO_0007142,MONDO,disease / other candidate,ASSOCIATED_WITH,0.023283530845136215,2,,,,,,,"[""OPEN_TARGETS""]"
sensory system cancer,MONDO_0000649,MONDO,disease / other candidate,ASSOCIATED_WITH,0.022962009507617478,18,,,,,,,"[""OPEN_TARGETS""]"
tongue neoplasm,EFO_0003871,EFO,disease / other candidate,ASSOCIATED_WITH,0.0229377991870788,18,,,,,,,"[""OPEN_TARGETS""]"
tongue disorder,MONDO_0001165,MONDO,disease / other candidate,ASSOCIATED_WITH,0.0229377991870788,18,,,,,,,"[""OPEN_TARGETS""]"
tongue cancer,MONDO_0004631,MONDO,disease / other candidate,ASSOCIATED_WITH,0.022933236472823432,17,,,,,,,"[""OPEN_TARGETS""]"
acute promyelocytic leukemia,EFO_0000224,EFO,disease / other candidate,ASSOCIATED_WITH,0.022883152669227788,4,,,,,,,"[""OPEN_TARGETS""]"
trypanosomiasis,DOID_10113,DOID,disease / other candidate,ASSOCIATED_WITH,0.022873661228711668,24,,,,,,,"[""OPEN_TARGETS""]"
nail-patella syndrome,MONDO_0008061,MONDO,disease / other candidate,ASSOCIATED_WITH,0.022868231429655012,10,,,,,,,"[""OPEN_TARGETS""]"
peritonitis,EFO_0008588,EFO,disease / other candidate,ASSOCIATED_WITH,0.022780491598482035,4,,,,,,,"[""OPEN_TARGETS""]"
Crohn's disease,EFO_0000384,EFO,disease / other candidate,ASSOCIATED_WITH,0.022637472156189848,9,,,,,,,"[""OPEN_TARGETS""]"
Chagas disease,MONDO_0001444,MONDO,disease / other candidate,ASSOCIATED_WITH,0.022585698909667683,17,,,,,,,"[""OPEN_TARGETS""]"
benign endocrine neoplasm,MONDO_0000627,MONDO,disease / other candidate,ASSOCIATED_WITH,0.022573382841596108,93,,,,,,,"[""OPEN_TARGETS""]"
Corpuscular Hemoglobin Content,EFO_0009205,EFO,disease / other candidate,ASSOCIATED_WITH,0.022513572814543085,4,,,,,,,"[""OPEN_TARGETS""]"
Chédiak-Higashi syndrome,Orphanet_167,Orphanet,disease / other candidate,ASSOCIATED_WITH,0.022513572814543085,4,,,,,,,"[""OPEN_TARGETS""]"
Genetic pigmentation anomaly of the skin,Orphanet_183463,Orphanet,disease / other candidate,ASSOCIATED_WITH,0.022513572814543085,4,,,,,,,"[""OPEN_TARGETS""]"
Genetic hypopigmentation of the skin,Orphanet_183469,Orphanet,disease / other candidate,ASSOCIATED_WITH,0.022513572814543085,4,,,,,,,"[""OPEN_TARGETS""]"
Genetic neurodegenerative disease,Orphanet_183500,Orphanet,disease / other candidate,ASSOCIATED_WITH,0.022513572814543085,4,,,,,,,"[""OPEN_TARGETS""]"
Rare genetic coagulation disorder,Orphanet_183654,Orphanet,disease / other candidate,ASSOCIATED_WITH,0.022513572814543085,4,,,,,,,"[""OPEN_TARGETS""]"
Rare hemorrhagic disorder due to a constitutional thrombocytopenia,Orphanet_275729,Orphanet,disease / other candidate,ASSOCIATED_WITH,0.022513572814543085,4,,,,,,,"[""OPEN_TARGETS""]"
Immunodeficiency syndrome with hypopigmentation,Orphanet_331249,Orphanet,disease / other candidate,ASSOCIATED_WITH,0.022513572814543085,4,,,,,,,"[""OPEN_TARGETS""]"
Rare hemorrhagic disorder due to a constitutional platelet anomaly,Orphanet_71202,Orphanet,disease / other candidate,ASSOCIATED_WITH,0.022513572814543085,4,,,,,,,"[""OPEN_TARGETS""]"
Platelet storage pool disease,Orphanet_98454,Orphanet,disease / other candidate,ASSOCIATED_WITH,0.022513572814543085,4,,,,,,,"[""OPEN_TARGETS""]"
Genodermatosis with ocular features,Orphanet_98696,Orphanet,disease / other candidate,ASSOCIATED_WITH,0.022513572814543085,4,,,,,,,"[""OPEN_TARGETS""]"
Pigmentation disorder with eye involvement,Orphanet_98700,Orphanet,disease / other candidate,ASSOCIATED_WITH,0.022513572814543085,4,,,,,,,"[""OPEN_TARGETS""]"
Benign Thyroid Gland Neoplasm,EFO_1000122,EFO,disease / other candidate,ASSOCIATED_WITH,0.022485231639826374,83,,,,,,,"[""OPEN_TARGETS""]"
follicular thyroid adenoma,EFO_0000499,EFO,disease / other candidate,ASSOCIATED_WITH,0.022423293876693874,69,,,,,,,"[""OPEN_TARGETS""]"
autosomal recessive degenerative and progressive cerebellar ataxia,MONDO_0020046,MONDO,disease / other candidate,ASSOCIATED_WITH,0.02239762764442342,11,,,,,,,"[""OPEN_TARGETS""]"
Friedreich ataxia,MONDO_0100339,MONDO,disease / other candidate,ASSOCIATED_WITH,0.02239762764442342,11,,,,,,,"[""OPEN_TARGETS""]"
cryopyrin-associated periodic syndrome,MONDO_0016168,MONDO,disease / other candidate,ASSOCIATED_WITH,0.022248091285594573,5,,,,,,,"[""OPEN_TARGETS""]"
familial Mediterranean fever,MONDO_0018088,MONDO,disease / other candidate,ASSOCIATED_WITH,0.022236387923529558,3,,,,,,,"[""OPEN_TARGETS""]"
brain injury,MONDO_0043510,MONDO,disease / other candidate,ASSOCIATED_WITH,0.022180858793543774,12,,,,,,,"[""OPEN_TARGETS""]"
hypothyroidism,EFO_0004705,EFO,disease / other candidate,ASSOCIATED_WITH,0.022174791281082108,1,,,,,,,"[""OPEN_TARGETS""]"
breast sarcoma,MONDO_0002490,MONDO,disease / other candidate,ASSOCIATED_WITH,0.022174791281082108,2,,,,,,,"[""OPEN_TARGETS""]"
breast angiosarcoma,MONDO_0003024,MONDO,disease / other candidate,ASSOCIATED_WITH,0.022174791281082108,2,,,,,,,"[""OPEN_TARGETS""]"
renal cell adenocarcinoma,EFO_0005708,EFO,disease / other candidate,ASSOCIATED_WITH,0.022165608189710993,14,,,,,,,"[""OPEN_TARGETS""]"
breast ductal carcinoma in situ,EFO_0000432,EFO,disease / other candidate,ASSOCIATED_WITH,0.022113791748944095,8,,,,,,,"[""OPEN_TARGETS""]"
intraductal breast neoplasm,MONDO_0002488,MONDO,disease / other candidate,ASSOCIATED_WITH,0.022113791748944095,8,,,,,,,"[""OPEN_TARGETS""]"
adenocarcinoma in situ,MONDO_0003218,MONDO,disease / other candidate,ASSOCIATED_WITH,0.022113791748944095,8,,,,,,,"[""OPEN_TARGETS""]"
breast intraductal proliferative lesion,MONDO_0004007,MONDO,disease / other candidate,ASSOCIATED_WITH,0.022113791748944095,8,,,,,,,"[""OPEN_TARGETS""]"
osteonecrosis,EFO_0004259,EFO,disease / other candidate,ASSOCIATED_WITH,0.02196946913959061,3,,,,,,,"[""OPEN_TARGETS""]"
primary organ-specific lymphoma,MONDO_0017207,MONDO,disease / other candidate,ASSOCIATED_WITH,0.0218946166482736,8,,,,,,,"[""OPEN_TARGETS""]"
radiation-induced disorder,EFO_0009565,EFO,disease / other candidate,ASSOCIATED_WITH,0.021805211426397405,2,,,,,,,"[""OPEN_TARGETS""]"
osteoradionecrosis,EFO_1001821,EFO,disease / other candidate,ASSOCIATED_WITH,0.021805211426397405,2,,,,,,,"[""OPEN_TARGETS""]"
gastric adenocarcinoma,EFO_0000503,EFO,disease / other candidate,ASSOCIATED_WITH,0.021563505596175602,9,,,,,,,"[""OPEN_TARGETS""]"
echinococcosis,EFO_0007245,EFO,disease / other candidate,ASSOCIATED_WITH,0.021435631571712705,1,,,,,,,"[""OPEN_TARGETS""]"
Cestode infectious disease,MONDO_0042488,MONDO,disease / other candidate,ASSOCIATED_WITH,0.021435631571712705,1,,,,,,,"[""OPEN_TARGETS""]"
syndromic intellectual disability,MONDO_0000508,MONDO,disease / other candidate,ASSOCIATED_WITH,0.021047560153550415,7,,,,,,,"[""OPEN_TARGETS""]"
SATB2 associated disorder,MONDO_0100147,MONDO,disease / other candidate,ASSOCIATED_WITH,0.020870995682611075,4,,,,,,,"[""OPEN_TARGETS""]"
ischemic disease,MONDO_0005053,MONDO,disease / other candidate,ASSOCIATED_WITH,0.02078541997487996,79,,,,,,,"[""OPEN_TARGETS""]"
Myocardial Ischemia,EFO_1001375,EFO,disease / other candidate,ASSOCIATED_WITH,0.02075857824750795,60,,,,,,,"[""OPEN_TARGETS""]"
bronchial disease,EFO_1002018,EFO,disease / other candidate,ASSOCIATED_WITH,0.0207061329386064,14,,,,,,,"[""OPEN_TARGETS""]"
cerebral amyloid angiopathy,EFO_0006790,EFO,disease / other candidate,ASSOCIATED_WITH,0.020696471862343302,2,,,,,,,"[""OPEN_TARGETS""]"
hereditary amyloidosis,MONDO_0018634,MONDO,disease / other candidate,ASSOCIATED_WITH,0.020696471862343302,2,,,,,,,"[""OPEN_TARGETS""]"
Central Nervous System Lymphoma,EFO_1000157,EFO,disease / other candidate,ASSOCIATED_WITH,0.020675939648194152,3,,,,,,,"[""OPEN_TARGETS""]"
central nervous system hematopoietic neoplasm,MONDO_0003641,MONDO,disease / other candidate,ASSOCIATED_WITH,0.020675939648194152,3,,,,,,,"[""OPEN_TARGETS""]"
muscle cancer,EFO_0007384,EFO,disease / other candidate,ASSOCIATED_WITH,0.020642677461272525,6,,,,,,,"[""OPEN_TARGETS""]"
acute coronary syndrome,EFO_0005672,EFO,disease / other candidate,ASSOCIATED_WITH,0.020632731416889247,36,,,,,,,"[""OPEN_TARGETS""]"
leiomyosarcoma,EFO_0000564,EFO,disease / other candidate,ASSOCIATED_WITH,0.02060161303297423,5,,,,,,,"[""OPEN_TARGETS""]"
smooth muscle cancer,MONDO_0002924,MONDO,disease / other candidate,ASSOCIATED_WITH,0.02060161303297423,5,,,,,,,"[""OPEN_TARGETS""]"
Epstein-Barr virus-associated mesenchymal tumor,MONDO_0017345,MONDO,disease / other candidate,ASSOCIATED_WITH,0.02060161303297423,5,,,,,,,"[""OPEN_TARGETS""]"
coinfection,EFO_0010716,EFO,disease / other candidate,ASSOCIATED_WITH,0.020514351122840335,6,,,,,,,"[""OPEN_TARGETS""]"
lupus nephritis,EFO_0005761,EFO,disease / other candidate,ASSOCIATED_WITH,0.020456312233554354,9,,,,,,,"[""OPEN_TARGETS""]"
Duchenne muscular dystrophy,MONDO_0010679,MONDO,disease / other candidate,ASSOCIATED_WITH,0.020407259603679208,9,,,,,,,"[""OPEN_TARGETS""]"
allergic asthma,MONDO_0004784,MONDO,disease / other candidate,ASSOCIATED_WITH,0.02035042687794386,13,,,,,,,"[""OPEN_TARGETS""]"
asthma,MONDO_0004979,MONDO,disease / other candidate,ASSOCIATED_WITH,0.02035042687794386,13,,,,,,,"[""OPEN_TARGETS""]"
chronic periodontitis,EFO_0006343,EFO,disease / other candidate,ASSOCIATED_WITH,0.020326892007658602,2,,,,,,,"[""OPEN_TARGETS""]"
arrhythmogenic right ventricular cardiomyopathy,MONDO_0016587,MONDO,disease / other candidate,ASSOCIATED_WITH,0.0201215698661671,3,,,,,,,"[""OPEN_TARGETS""]"
bronchopneumonia,EFO_0007184,EFO,disease / other candidate,ASSOCIATED_WITH,0.0199573121529739,1,,,,,,,"[""OPEN_TARGETS""]"
telangiectasis,MONDO_0001576,MONDO,disease / other candidate,ASSOCIATED_WITH,0.0199573121529739,1,,,,,,,"[""OPEN_TARGETS""]"
vascular ectasia,MONDO_0021658,MONDO,disease / other candidate,ASSOCIATED_WITH,0.0199573121529739,1,,,,,,,"[""OPEN_TARGETS""]"
thyroid nodule,EFO_1001436,EFO,disease / other candidate,ASSOCIATED_WITH,0.01994140871802289,65,,,,,,,"[""OPEN_TARGETS""]"
Spirochaetales Infections,EFO_0009567,EFO,disease / other candidate,ASSOCIATED_WITH,0.019926513831750172,4,,,,,,,"[""OPEN_TARGETS""]"
syndromic oculocutaneous albinism,MONDO_0017305,MONDO,disease / other candidate,ASSOCIATED_WITH,0.019834118868079,3,,,,,,,"[""OPEN_TARGETS""]"
disorder of lysosomal-related organelles,MONDO_0017739,MONDO,disease / other candidate,ASSOCIATED_WITH,0.019834118868079,3,,,,,,,"[""OPEN_TARGETS""]"
Hermansky-Pudlak syndrome,MONDO_0019312,MONDO,disease / other candidate,ASSOCIATED_WITH,0.019834118868079,3,,,,,,,"[""OPEN_TARGETS""]"
salivary gland disease,EFO_0008581,EFO,disease / other candidate,ASSOCIATED_WITH,0.019685475298488214,10,,,,,,,"[""OPEN_TARGETS""]"
schistosomiasis,EFO_1001475,EFO,disease / other candidate,ASSOCIATED_WITH,0.019677663396262472,6,,,,,,,"[""OPEN_TARGETS""]"
laryngeal neoplasm,EFO_0003817,EFO,disease / other candidate,ASSOCIATED_WITH,0.01967269883684945,13,,,,,,,"[""OPEN_TARGETS""]"
laryngeal disease,EFO_0009673,EFO,disease / other candidate,ASSOCIATED_WITH,0.01967269883684945,13,,,,,,,"[""OPEN_TARGETS""]"
salivary gland neoplasm,EFO_0003826,EFO,disease / other candidate,ASSOCIATED_WITH,0.019659142733841922,9,,,,,,,"[""OPEN_TARGETS""]"
Malignant Laryngeal Neoplasm,EFO_1000354,EFO,disease / other candidate,ASSOCIATED_WITH,0.019622834353175987,10,,,,,,,"[""OPEN_TARGETS""]"
laryngeal carcinoma,MONDO_0002358,MONDO,disease / other candidate,ASSOCIATED_WITH,0.019622834353175987,10,,,,,,,"[""OPEN_TARGETS""]"
cystitis,EFO_1000025,EFO,disease / other candidate,ASSOCIATED_WITH,0.0195056034416926,4,,,,,,,"[""OPEN_TARGETS""]"
miotic rate,EFO_0007057,EFO,disease / other candidate,ASSOCIATED_WITH,0.019402942370946846,2,,,,,,,"[""OPEN_TARGETS""]"
Mixed Tumor of the Salivary Gland,EFO_1000384,EFO,disease / other candidate,ASSOCIATED_WITH,0.01931905570540421,8,,,,,,,"[""OPEN_TARGETS""]"
parathyroid disease,EFO_0005754,EFO,disease / other candidate,ASSOCIATED_WITH,0.019221095920296045,26,,,,,,,"[""OPEN_TARGETS""]"
laryngeal squamous cell carcinoma,EFO_0006352,EFO,disease / other candidate,ASSOCIATED_WITH,0.019194938470872596,7,,,,,,,"[""OPEN_TARGETS""]"
tumor of parathyroid gland,MONDO_0021360,MONDO,disease / other candidate,ASSOCIATED_WITH,0.019193522678674184,23,,,,,,,"[""OPEN_TARGETS""]"
demyelinating disease,MONDO_0002562,MONDO,disease / other candidate,ASSOCIATED_WITH,0.018878863451637633,32,,,,,,,"[""OPEN_TARGETS""]"
autoimmune disorder of the nervous system,MONDO_0002977,MONDO,disease / other candidate,ASSOCIATED_WITH,0.018869692913396196,37,,,,,,,"[""OPEN_TARGETS""]"
necrotizing enterocolitis,EFO_0003928,EFO,disease / other candidate,ASSOCIATED_WITH,0.018848572588919792,2,,,,,,,"[""OPEN_TARGETS""]"
enterocolitis,EFO_1001481,EFO,disease / other candidate,ASSOCIATED_WITH,0.018848572588919792,2,,,,,,,"[""OPEN_TARGETS""]"
peeling skin syndrome,MONDO_0019347,MONDO,disease / other candidate,ASSOCIATED_WITH,0.018848572588919792,2,,,,,,,"[""OPEN_TARGETS""]"
cystic kidney disease,EFO_0008615,EFO,disease / other candidate,ASSOCIATED_WITH,0.01879261512249371,12,,,,,,,"[""OPEN_TARGETS""]"
Polycystic Kidney Disease,EFO_0008620,EFO,disease / other candidate,ASSOCIATED_WITH,0.01876273990246809,10,,,,,,,"[""OPEN_TARGETS""]"
familial cystic renal disease,MONDO_0019741,MONDO,disease / other candidate,ASSOCIATED_WITH,0.01876273990246809,10,,,,,,,"[""OPEN_TARGETS""]"
neuroinflammatory disorder,EFO_0020092,EFO,disease / other candidate,ASSOCIATED_WITH,0.018738077219801915,35,,,,,,,"[""OPEN_TARGETS""]"
CNS demyelinating autoimmune disease,EFO_1000870,EFO,disease / other candidate,ASSOCIATED_WITH,0.018723918584799007,27,,,,,,,"[""OPEN_TARGETS""]"
multiple sclerosis,MONDO_0005301,MONDO,disease / other candidate,ASSOCIATED_WITH,0.018723918584799007,27,,,,,,,"[""OPEN_TARGETS""]"
demyelinating disease of central nervous system,MONDO_0020800,MONDO,disease / other candidate,ASSOCIATED_WITH,0.018723918584799007,27,,,,,,,"[""OPEN_TARGETS""]"
dry age related macular degeneration,MONDO_0100114,MONDO,disease / other candidate,ASSOCIATED_WITH,0.018694580982801162,4,,,,,,,"[""OPEN_TARGETS""]"
coronary atherosclerosis,MONDO_0021661,MONDO,disease / other candidate,ASSOCIATED_WITH,0.018634387059468124,11,,,,,,,"[""OPEN_TARGETS""]"
adrenal gland neoplasm,EFO_0003850,EFO,disease / other candidate,ASSOCIATED_WITH,0.018484726788955852,16,,,,,,,"[""OPEN_TARGETS""]"
rheumatic fever,EFO_1001160,EFO,disease / other candidate,ASSOCIATED_WITH,0.01847899273423509,1,,,,,,,"[""OPEN_TARGETS""]"
Posterior Leukoencephalopathy Syndrome,EFO_1001829,EFO,disease / other candidate,ASSOCIATED_WITH,0.01847899273423509,1,,,,,,,"[""OPEN_TARGETS""]"
disseminated candidiasis,MONDO_0042233,MONDO,disease / other candidate,ASSOCIATED_WITH,0.01845846052008594,3,,,,,,,"[""OPEN_TARGETS""]"
opportunistic systemic mycosis,MONDO_0045033,MONDO,disease / other candidate,ASSOCIATED_WITH,0.01845846052008594,3,,,,,,,"[""OPEN_TARGETS""]"
Kidney Oncocytoma,EFO_1000315,EFO,disease / other candidate,ASSOCIATED_WITH,0.01845511699558529,2,,,,,,,"[""OPEN_TARGETS""]"
tumour of cranial and spinal nerves,EFO_0002431,EFO,disease / other candidate,ASSOCIATED_WITH,0.018416020676620237,11,,,,,,,"[""OPEN_TARGETS""]"
benign muscle neoplasm,MONDO_0003061,MONDO,disease / other candidate,ASSOCIATED_WITH,0.01812481204016225,4,,,,,,,"[""OPEN_TARGETS""]"
retroperitoneal cancer,EFO_0007466,EFO,disease / other candidate,ASSOCIATED_WITH,0.018112010983241392,11,,,,,,,"[""OPEN_TARGETS""]"
retroperitoneum carcinoma,MONDO_0001502,MONDO,disease / other candidate,ASSOCIATED_WITH,0.018112010983241392,11,,,,,,,"[""OPEN_TARGETS""]"
adrenal carcinoma,MONDO_0002814,MONDO,disease / other candidate,ASSOCIATED_WITH,0.018112010983241392,11,,,,,,,"[""OPEN_TARGETS""]"
adrenal gland cancer,MONDO_0002817,MONDO,disease / other candidate,ASSOCIATED_WITH,0.018112010983241392,11,,,,,,,"[""OPEN_TARGETS""]"
retroperitoneal neoplasm,MONDO_0024645,MONDO,disease / other candidate,ASSOCIATED_WITH,0.018112010983241392,11,,,,,,,"[""OPEN_TARGETS""]"
Keloid,EFO_0004212,EFO,disease / other candidate,ASSOCIATED_WITH,0.018109412879550386,2,,,,,,,"[""OPEN_TARGETS""]"
reactive cutaneous fibrous lesion,EFO_1000759,EFO,disease / other candidate,ASSOCIATED_WITH,0.018109412879550386,2,,,,,,,"[""OPEN_TARGETS""]"
eye adnexa disease,EFO_0009546,EFO,disease / other candidate,ASSOCIATED_WITH,0.017961488785893424,11,,,,,,,"[""OPEN_TARGETS""]"
esophageal carcinoma,EFO_0002916,EFO,disease / other candidate,ASSOCIATED_WITH,0.01792686892502109,7,,,,,,,"[""OPEN_TARGETS""]"
interstitial cystitis,EFO_0008507,EFO,disease / other candidate,ASSOCIATED_WITH,0.01792462295220804,2,,,,,,,"[""OPEN_TARGETS""]"
chronic cystitis,EFO_1000023,EFO,disease / other candidate,ASSOCIATED_WITH,0.01792462295220804,2,,,,,,,"[""OPEN_TARGETS""]"
conjunctivitis,EFO_0009450,EFO,disease / other candidate,ASSOCIATED_WITH,0.017907853813361845,9,,,,,,,"[""OPEN_TARGETS""]"
conjunctival disorder,EFO_1000203,EFO,disease / other candidate,ASSOCIATED_WITH,0.017907853813361845,9,,,,,,,"[""OPEN_TARGETS""]"
congenital muscular dystrophy,MONDO_0019950,MONDO,disease / other candidate,ASSOCIATED_WITH,0.017904090738058886,3,,,,,,,"[""OPEN_TARGETS""]"
uveitis,EFO_1001231,EFO,disease / other candidate,ASSOCIATED_WITH,0.017863026309760582,3,,,,,,,"[""OPEN_TARGETS""]"
uveal disorder,MONDO_0002661,MONDO,disease / other candidate,ASSOCIATED_WITH,0.017863026309760582,3,,,,,,,"[""OPEN_TARGETS""]"
eyelid disease,EFO_0009547,EFO,disease / other candidate,ASSOCIATED_WITH,0.017850459989443294,10,,,,,,,"[""OPEN_TARGETS""]"
lacrimal apparatus disease,EFO_0009455,EFO,disease / other candidate,ASSOCIATED_WITH,0.017820591903227958,9,,,,,,,"[""OPEN_TARGETS""]"
periapical granuloma,EFO_1001096,EFO,disease / other candidate,ASSOCIATED_WITH,0.017801429667313136,3,,,,,,,"[""OPEN_TARGETS""]"
Periapical Periodontitis,EFO_1001391,EFO,disease / other candidate,ASSOCIATED_WITH,0.017801429667313136,3,,,,,,,"[""OPEN_TARGETS""]"
goiter,EFO_0004283,EFO,disease / other candidate,ASSOCIATED_WITH,0.017799196666687417,25,,,,,,,"[""OPEN_TARGETS""]"
pituitary cancer,EFO_0005578,EFO,disease / other candidate,ASSOCIATED_WITH,0.01778650420461674,6,,,,,,,"[""OPEN_TARGETS""]"
dry eye syndrome,EFO_1000906,EFO,disease / other candidate,ASSOCIATED_WITH,0.017781808832057343,8,,,,,,,"[""OPEN_TARGETS""]"
keratoconjunctivitis,MONDO_0004768,MONDO,disease / other candidate,ASSOCIATED_WITH,0.017781808832057343,8,,,,,,,"[""OPEN_TARGETS""]"
leptospirosis,EFO_0007344,EFO,disease / other candidate,ASSOCIATED_WITH,0.017739833024865682,1,,,,,,,"[""OPEN_TARGETS""]"
non-functioning pituitary adenoma,EFO_0008516,EFO,disease / other candidate,ASSOCIATED_WITH,0.017739833024865682,1,,,,,,,"[""OPEN_TARGETS""]"
Benign Smooth Muscle Neoplasm,EFO_1000121,EFO,disease / other candidate,ASSOCIATED_WITH,0.017739833024865682,2,,,,,,,"[""OPEN_TARGETS""]"
leiomyoma,MONDO_0001572,MONDO,disease / other candidate,ASSOCIATED_WITH,0.017739833024865682,2,,,,,,,"[""OPEN_TARGETS""]"
non-functioning pituitary gland neoplasm,MONDO_0003603,MONDO,disease / other candidate,ASSOCIATED_WITH,0.017739833024865682,1,,,,,,,"[""OPEN_TARGETS""]"
non-functioning endocrine neoplasm,MONDO_0021119,MONDO,disease / other candidate,ASSOCIATED_WITH,0.017739833024865682,1,,,,,,,"[""OPEN_TARGETS""]"
Transitional Cell Carcinoma,EFO_1000601,EFO,disease / other candidate,ASSOCIATED_WITH,0.017709543655398795,13,,,,,,,"[""OPEN_TARGETS""]"
nodular goiter,EFO_1001062,EFO,disease / other candidate,ASSOCIATED_WITH,0.017666194718874168,23,,,,,,,"[""OPEN_TARGETS""]"
urothelial carcinoma,EFO_0008528,EFO,disease / other candidate,ASSOCIATED_WITH,0.017644137426292995,10,,,,,,,"[""OPEN_TARGETS""]"
urothelial neoplasm,MONDO_0024337,MONDO,disease / other candidate,ASSOCIATED_WITH,0.017644137426292995,10,,,,,,,"[""OPEN_TARGETS""]"
transitional cell neoplasm,MONDO_0037254,MONDO,disease / other candidate,ASSOCIATED_WITH,0.017644137426292995,10,,,,,,,"[""OPEN_TARGETS""]"
nonpapillary renal cell carcinoma,MONDO_0007763,MONDO,disease / other candidate,ASSOCIATED_WITH,0.01757001275773718,8,,,,,,,"[""OPEN_TARGETS""]"
cryohydrocytosis,MONDO_0008494,MONDO,disease / other candidate,ASSOCIATED_WITH,0.01752424477629961,4,,,,,,,"[""OPEN_TARGETS""]"
chromophobe renal cell carcinoma,EFO_0000335,EFO,disease / other candidate,ASSOCIATED_WITH,0.01750077771889328,5,,,,,,,"[""OPEN_TARGETS""]"
adrenal cortex neoplasm,MONDO_0036591,MONDO,disease / other candidate,ASSOCIATED_WITH,0.01745987453900545,9,,,,,,,"[""OPEN_TARGETS""]"
adrenal cortex carcinoma,EFO_1000796,EFO,disease / other candidate,ASSOCIATED_WITH,0.017432498253473247,8,,,,,,,"[""OPEN_TARGETS""]"
malignant tumor of adrenal cortex,MONDO_0021312,MONDO,disease / other candidate,ASSOCIATED_WITH,0.017432498253473247,8,,,,,,,"[""OPEN_TARGETS""]"
esophageal squamous cell carcinoma,EFO_0005922,EFO,disease / other candidate,ASSOCIATED_WITH,0.017398587625706813,5,,,,,,,"[""OPEN_TARGETS""]"
ovarian carcinoma,EFO_0001075,EFO,disease / other candidate,ASSOCIATED_WITH,0.017257482974359518,20,,,,,,,"[""OPEN_TARGETS""]"
chorioamnionitis,EFO_0009948,EFO,disease / other candidate,ASSOCIATED_WITH,0.01725732599236066,4,,,,,,,"[""OPEN_TARGETS""]"
disease of extraembryonic membrane,EFO_0009950,EFO,disease / other candidate,ASSOCIATED_WITH,0.01725732599236066,4,,,,,,,"[""OPEN_TARGETS""]"
clear cell adenocarcinoma,EFO_0000348,EFO,disease / other candidate,ASSOCIATED_WITH,0.017153647971756513,10,,,,,,,"[""OPEN_TARGETS""]"
autonomic nervous system disease,EFO_0009532,EFO,disease / other candidate,ASSOCIATED_WITH,0.01702900777102211,5,,,,,,,"[""OPEN_TARGETS""]"
autonomic nervous system neoplasm,MONDO_0002366,MONDO,disease / other candidate,ASSOCIATED_WITH,0.01702900777102211,5,,,,,,,"[""OPEN_TARGETS""]"
essential thrombocythemia,EFO_0000479,EFO,disease / other candidate,ASSOCIATED_WITH,0.017000673315496283,2,,,,,,,"[""OPEN_TARGETS""]"
perinatal disease,EFO_0010238,EFO,disease / other candidate,ASSOCIATED_WITH,0.017000673315496283,2,,,,,,,"[""OPEN_TARGETS""]"
thrombocytosis disease,MONDO_0002249,MONDO,disease / other candidate,ASSOCIATED_WITH,0.017000673315496283,2,,,,,,,"[""OPEN_TARGETS""]"
small intestine disorder,MONDO_0024635,MONDO,disease / other candidate,ASSOCIATED_WITH,0.01695960888719798,3,,,,,,,"[""OPEN_TARGETS""]"
peripheral nervous system cancer,MONDO_0021089,MONDO,disease / other candidate,ASSOCIATED_WITH,0.016864750057828906,5,,,,,,,"[""OPEN_TARGETS""]"
angina pectoris,EFO_0003913,EFO,disease / other candidate,ASSOCIATED_WITH,0.016844923900431623,8,,,,,,,"[""OPEN_TARGETS""]"
salivary gland cancer,MONDO_0004669,MONDO,disease / other candidate,ASSOCIATED_WITH,0.016815883388153933,2,,,,,,,"[""OPEN_TARGETS""]"
cystinosis,MONDO_0016239,MONDO,disease / other candidate,ASSOCIATED_WITH,0.016815883388153933,2,,,,,,,"[""OPEN_TARGETS""]"
inborn disorder of lysosomal amino acid transport,MONDO_0019246,MONDO,disease / other candidate,ASSOCIATED_WITH,0.016815883388153933,2,,,,,,,"[""OPEN_TARGETS""]"
Subsequent ST elevation (STEMI) and non-ST elevation (NSTEMI) myocardial infarction,EFO_0008584,EFO,disease / other candidate,ASSOCIATED_WITH,0.01677954559302592,12,,,,,,,"[""OPEN_TARGETS""]"
clear cell renal carcinoma,EFO_0000349,EFO,disease / other candidate,ASSOCIATED_WITH,0.016705625398172996,5,,,,,,,"[""OPEN_TARGETS""]"
ST Elevation Myocardial Infarction,EFO_0008585,EFO,disease / other candidate,ASSOCIATED_WITH,0.016574281067441472,11,,,,,,,"[""OPEN_TARGETS""]"
prion disease,EFO_0004720,EFO,disease / other candidate,ASSOCIATED_WITH,0.01646926507744025,11,,,,,,,"[""OPEN_TARGETS""]"
liver failure,MONDO_0100192,MONDO,disease / other candidate,ASSOCIATED_WITH,0.016463846005823395,8,,,,,,,"[""OPEN_TARGETS""]"
prostate carcinoma,EFO_0001663,EFO,disease / other candidate,ASSOCIATED_WITH,0.016447149012895696,18,,,,,,,"[""OPEN_TARGETS""]"
sympathetic nervous system disorder,MONDO_0044993,MONDO,disease / other candidate,ASSOCIATED_WITH,0.016436037426394656,4,,,,,,,"[""OPEN_TARGETS""]"
silicosis,EFO_0007485,EFO,disease / other candidate,ASSOCIATED_WITH,0.01613832032123198,3,,,,,,,"[""OPEN_TARGETS""]"
pneumoconiosis,MONDO_0015926,MONDO,disease / other candidate,ASSOCIATED_WITH,0.01613832032123198,3,,,,,,,"[""OPEN_TARGETS""]"
atopic eczema,EFO_0000274,EFO,disease / other candidate,ASSOCIATED_WITH,0.01594250279924449,19,,,,,,,"[""OPEN_TARGETS""]"
diabetic retinopathy,EFO_0003770,EFO,disease / other candidate,ASSOCIATED_WITH,0.01572580857889634,13,,,,,,,"[""OPEN_TARGETS""]"
ocular vascular disease,EFO_0005753,EFO,disease / other candidate,ASSOCIATED_WITH,0.01572580857889634,13,,,,,,,"[""OPEN_TARGETS""]"
diabetic eye disease,EFO_0009486,EFO,disease / other candidate,ASSOCIATED_WITH,0.01572580857889634,13,,,,,,,"[""OPEN_TARGETS""]"
retinal vascular disorder,MONDO_0002311,MONDO,disease / other candidate,ASSOCIATED_WITH,0.01572580857889634,13,,,,,,,"[""OPEN_TARGETS""]"
chronic progressive multiple sclerosis,EFO_0003840,EFO,disease / other candidate,ASSOCIATED_WITH,0.015668120046473083,7,,,,,,,"[""OPEN_TARGETS""]"
viral myocarditis,MONDO_0023161,MONDO,disease / other candidate,ASSOCIATED_WITH,0.015594216646279503,4,,,,,,,"[""OPEN_TARGETS""]"
"autoimmune disease of ear, nose and throat",MONDO_0000587,MONDO,disease / other candidate,ASSOCIATED_WITH,0.015522353896757478,1,,,,,,,"[""OPEN_TARGETS""]"
autoimmune uveitis,MONDO_0031012,MONDO,disease / other candidate,ASSOCIATED_WITH,0.015522353896757478,1,,,,,,,"[""OPEN_TARGETS""]"
diabetic nephropathy,EFO_0000401,EFO,disease / other candidate,ASSOCIATED_WITH,0.015518596538306732,36,,,,,,,"[""OPEN_TARGETS""]"
pancreatitis,EFO_0000278,EFO,disease / other candidate,ASSOCIATED_WITH,0.015494612704891072,14,,,,,,,"[""OPEN_TARGETS""]"
chronic pancreatitis,EFO_0000342,EFO,disease / other candidate,ASSOCIATED_WITH,0.015494612704891072,14,,,,,,,"[""OPEN_TARGETS""]"
ovarian epithelial tumor,MONDO_0002229,MONDO,disease / other candidate,ASSOCIATED_WITH,0.015491498354784031,24,,,,,,,"[""OPEN_TARGETS""]"
autosomal recessive polycystic kidney disease,MONDO_0009889,MONDO,disease / other candidate,ASSOCIATED_WITH,0.015435091986623588,4,,,,,,,"[""OPEN_TARGETS""]"
trophoblastic neoplasm,MONDO_0002872,MONDO,disease / other candidate,ASSOCIATED_WITH,0.0154274950673884,5,,,,,,,"[""OPEN_TARGETS""]"
cutaneous lupus erythematosus,EFO_0003834,EFO,disease / other candidate,ASSOCIATED_WITH,0.015337563969415127,2,,,,,,,"[""OPEN_TARGETS""]"
invasive carcinoma,MONDO_0040677,MONDO,disease / other candidate,ASSOCIATED_WITH,0.01524976569918037,15,,,,,,,"[""OPEN_TARGETS""]"
malignant epithelial tumor of ovary,MONDO_0018364,MONDO,disease / other candidate,ASSOCIATED_WITH,0.015238806204446068,20,,,,,,,"[""OPEN_TARGETS""]"
mixed neuronal-glial tumor,MONDO_0016729,MONDO,disease / other candidate,ASSOCIATED_WITH,0.015166415393738602,8,,,,,,,"[""OPEN_TARGETS""]"
serous adenocarcinoma,EFO_0003825,EFO,disease / other candidate,ASSOCIATED_WITH,0.015130078762568309,11,,,,,,,"[""OPEN_TARGETS""]"
sphingolipidosis,MONDO_0019255,MONDO,disease / other candidate,ASSOCIATED_WITH,0.015104112694539288,5,,,,,,,"[""OPEN_TARGETS""]"
gestational trophoblastic neoplasm,MONDO_0018944,MONDO,disease / other candidate,ASSOCIATED_WITH,0.015091177399625321,3,,,,,,,"[""OPEN_TARGETS""]"
preterm premature rupture of the membranes,MONDO_0012511,MONDO,disease / other candidate,ASSOCIATED_WITH,0.015072082440466613,5,,,,,,,"[""OPEN_TARGETS""]"
mesothelioma,EFO_0000588,EFO,disease / other candidate,ASSOCIATED_WITH,0.01504237800670646,9,,,,,,,"[""OPEN_TARGETS""]"
mesothelial neoplasm,EFO_1001044,EFO,disease / other candidate,ASSOCIATED_WITH,0.01504237800670646,9,,,,,,,"[""OPEN_TARGETS""]"
cholesteatoma,EFO_1000675,EFO,disease / other candidate,ASSOCIATED_WITH,0.015003915489491433,4,,,,,,,"[""OPEN_TARGETS""]"
secondary progressive multiple sclerosis,EFO_0008522,EFO,disease / other candidate,ASSOCIATED_WITH,0.014996318570256252,5,,,,,,,"[""OPEN_TARGETS""]"
bipolar disorder,MONDO_0004985,MONDO,disease / other candidate,ASSOCIATED_WITH,0.014967984114730423,2,,,,,,,"[""OPEN_TARGETS""]"
Invasive Breast Carcinoma,EFO_1000307,EFO,disease / other candidate,ASSOCIATED_WITH,0.014946526205007984,10,,,,,,,"[""OPEN_TARGETS""]"
scrapie,EFO_1001168,EFO,disease / other candidate,ASSOCIATED_WITH,0.0149371857935067,4,,,,,,,"[""OPEN_TARGETS""]"
invasive breast ductal carcinoma,EFO_0000186,EFO,disease / other candidate,ASSOCIATED_WITH,0.014922617582309863,9,,,,,,,"[""OPEN_TARGETS""]"
human papilloma virus infection,EFO_0001668,EFO,disease / other candidate,ASSOCIATED_WITH,0.014855056936910098,4,,,,,,,"[""OPEN_TARGETS""]"
oncocytic neoplasm,MONDO_0010795,MONDO,disease / other candidate,ASSOCIATED_WITH,0.01481550188202743,13,,,,,,,"[""OPEN_TARGETS""]"
oxyphilic adenoma,EFO_1001079,EFO,disease / other candidate,ASSOCIATED_WITH,0.014790379564842297,11,,,,,,,"[""OPEN_TARGETS""]"
persistent fetal circulation syndrome,EFO_1001103,EFO,disease / other candidate,ASSOCIATED_WITH,0.014783194187388073,1,,,,,,,"[""OPEN_TARGETS""]"
"Ehlers-Danlos syndrome, musculocontractural type",MONDO_0011142,MONDO,disease / other candidate,ASSOCIATED_WITH,0.014700487226661042,11,,,,,,,"[""OPEN_TARGETS""]"
distal arthrogryposis,MONDO_0019942,MONDO,disease / other candidate,ASSOCIATED_WITH,0.014700487226661042,11,,,,,,,"[""OPEN_TARGETS""]"
cervical carcinoma,EFO_0001061,EFO,disease / other candidate,ASSOCIATED_WITH,0.014664608079933373,8,,,,,,,"[""OPEN_TARGETS""]"
gastroesophageal reflux disease,EFO_0003948,EFO,disease / other candidate,ASSOCIATED_WITH,0.014660000902493172,3,,,,,,,"[""OPEN_TARGETS""]"
skin disorder caused by infection,MONDO_0024294,MONDO,disease / other candidate,ASSOCIATED_WITH,0.01448251042046143,11,,,,,,,"[""OPEN_TARGETS""]"
juvenile idiopathic arthritis,EFO_0002609,EFO,disease / other candidate,ASSOCIATED_WITH,0.014462627010806877,12,,,,,,,"[""OPEN_TARGETS""]"
Malignant Mesothelioma,EFO_1000355,EFO,disease / other candidate,ASSOCIATED_WITH,0.014441948788229197,5,,,,,,,"[""OPEN_TARGETS""]"
Fabry disease,MONDO_0010526,MONDO,disease / other candidate,ASSOCIATED_WITH,0.01441361433270337,2,,,,,,,"[""OPEN_TARGETS""]"
thyroid gland oncocytic adenoma,MONDO_0004483,MONDO,disease / other candidate,ASSOCIATED_WITH,0.014404156943451405,7,,,,,,,"[""OPEN_TARGETS""]"
malignant pleural mesothelioma,EFO_0000770,EFO,disease / other candidate,ASSOCIATED_WITH,0.014382816011479645,4,,,,,,,"[""OPEN_TARGETS""]"
Malignant Pleural Neoplasm,EFO_1000362,EFO,disease / other candidate,ASSOCIATED_WITH,0.014382816011479645,4,,,,,,,"[""OPEN_TARGETS""]"
Pleural Mesothelioma,EFO_1000485,EFO,disease / other candidate,ASSOCIATED_WITH,0.014382816011479645,4,,,,,,,"[""OPEN_TARGETS""]"
pleural disorder,MONDO_0002037,MONDO,disease / other candidate,ASSOCIATED_WITH,0.014382816011479645,4,,,,,,,"[""OPEN_TARGETS""]"
pleural neoplasm,MONDO_0021065,MONDO,disease / other candidate,ASSOCIATED_WITH,0.014382816011479645,4,,,,,,,"[""OPEN_TARGETS""]"
undifferentiated carcinoma,EFO_0006772,EFO,disease / other candidate,ASSOCIATED_WITH,0.0143826695977364,21,,,,,,,"[""OPEN_TARGETS""]"
streptococcal infection,EFO_1001476,EFO,disease / other candidate,ASSOCIATED_WITH,0.014301434410148587,15,,,,,,,"[""OPEN_TARGETS""]"
gram-positive bacterial infections,MONDO_0021679,MONDO,disease / other candidate,ASSOCIATED_WITH,0.014301434410148587,15,,,,,,,"[""OPEN_TARGETS""]"
ovarian serous tumor,MONDO_0037255,MONDO,disease / other candidate,ASSOCIATED_WITH,0.01428343919749978,11,,,,,,,"[""OPEN_TARGETS""]"
serous neoplasm,MONDO_0037256,MONDO,disease / other candidate,ASSOCIATED_WITH,0.01428343919749978,11,,,,,,,"[""OPEN_TARGETS""]"
Helicobacter pylori infectious disease,EFO_1000961,EFO,disease / other candidate,ASSOCIATED_WITH,0.014279806136273946,12,,,,,,,"[""OPEN_TARGETS""]"
pneumococcal infection,EFO_0000772,EFO,disease / other candidate,ASSOCIATED_WITH,0.01427223676357894,13,,,,,,,"[""OPEN_TARGETS""]"
ischemic cardiomyopathy,EFO_0001425,EFO,disease / other candidate,ASSOCIATED_WITH,0.014237195506542785,11,,,,,,,"[""OPEN_TARGETS""]"
perivascular space measurement,EFO_0803382,EFO,trait / measurement candidate,ASSOCIATED_WITH,0.014228824405361018,3,,,,,,,"[""OPEN_TARGETS""]"
nerve sheath neoplasm,MONDO_0002547,MONDO,disease / other candidate,ASSOCIATED_WITH,0.014113433361842795,6,,,,,,,"[""OPEN_TARGETS""]"
metastatic neoplasm,EFO_0009709,EFO,disease / other candidate,ASSOCIATED_WITH,0.014102769141841243,39,,,,,,,"[""OPEN_TARGETS""]"
secondary neoplasm,MONDO_0024882,MONDO,disease / other candidate,ASSOCIATED_WITH,0.014102769141841243,39,,,,,,,"[""OPEN_TARGETS""]"
macrophage activation syndrome,EFO_1001806,EFO,disease / other candidate,ASSOCIATED_WITH,0.014044034478018668,1,,,,,,,"[""OPEN_TARGETS""]"
small intestine neoplasm,MONDO_0004251,MONDO,disease / other candidate,ASSOCIATED_WITH,0.014044034478018668,2,,,,,,,"[""OPEN_TARGETS""]"
gastrointestinal stromal tumor,MONDO_0011719,MONDO,disease / other candidate,ASSOCIATED_WITH,0.014044034478018668,2,,,,,,,"[""OPEN_TARGETS""]"
hemophagocytic syndrome,MONDO_0015540,MONDO,disease / other candidate,ASSOCIATED_WITH,0.014044034478018668,1,,,,,,,"[""OPEN_TARGETS""]"
secondary hemophagocytic lymphohistiocytosis,MONDO_0015542,MONDO,disease / other candidate,ASSOCIATED_WITH,0.014044034478018668,1,,,,,,,"[""OPEN_TARGETS""]"
mesenchymal tumor of small intestine,MONDO_0018506,MONDO,disease / other candidate,ASSOCIATED_WITH,0.014044034478018668,2,,,,,,,"[""OPEN_TARGETS""]"
hyperplasia,EFO_0000536,EFO,disease / other candidate,ASSOCIATED_WITH,0.014033237326479719,14,,,,,,,"[""OPEN_TARGETS""]"
human herpesvirus 8-related tumor,MONDO_0015157,MONDO,disease / other candidate,ASSOCIATED_WITH,0.013969707862798745,5,,,,,,,"[""OPEN_TARGETS""]"
infectious embryofetopathy,MONDO_0016511,MONDO,disease / other candidate,ASSOCIATED_WITH,0.013935213743028172,5,,,,,,,"[""OPEN_TARGETS""]"
benign prostatic hyperplasia,EFO_0000284,EFO,disease / other candidate,ASSOCIATED_WITH,0.013857913332234005,10,,,,,,,"[""OPEN_TARGETS""]"
visceral Leishmaniasis,EFO_0005045,EFO,disease / other candidate,ASSOCIATED_WITH,0.013795317322600493,2,,,,,,,"[""OPEN_TARGETS""]"
ovarian adenocarcinoma,EFO_0006460,EFO,disease / other candidate,ASSOCIATED_WITH,0.013741399302309255,10,,,,,,,"[""OPEN_TARGETS""]"
ganglioneuroma,EFO_0000500,EFO,disease / other candidate,ASSOCIATED_WITH,0.013674454623333965,2,,,,,,,"[""OPEN_TARGETS""]"
abscess,EFO_0003030,EFO,disease / other candidate,ASSOCIATED_WITH,0.013674454623333965,2,,,,,,,"[""OPEN_TARGETS""]"
central nervous system primitive neuroectodermal neoplasm,MONDO_0000640,MONDO,disease / other candidate,ASSOCIATED_WITH,0.013674454623333965,2,,,,,,,"[""OPEN_TARGETS""]"
ovarian serous adenocarcinoma,EFO_0002917,EFO,disease / other candidate,ASSOCIATED_WITH,0.013667249492266728,8,,,,,,,"[""OPEN_TARGETS""]"
malignant ovarian serous tumor,MONDO_0024885,MONDO,disease / other candidate,ASSOCIATED_WITH,0.013667249492266728,8,,,,,,,"[""OPEN_TARGETS""]"
congenital rubella,EFO_0007218,EFO,disease / other candidate,ASSOCIATED_WITH,0.013659055462722102,4,,,,,,,"[""OPEN_TARGETS""]"
rubella,EFO_1002026,EFO,disease / other candidate,ASSOCIATED_WITH,0.013659055462722102,4,,,,,,,"[""OPEN_TARGETS""]"
malaria,EFO_0001068,EFO,disease / other candidate,ASSOCIATED_WITH,0.013640426702297734,12,,,,,,,"[""OPEN_TARGETS""]"
large cell carcinoma,MONDO_0005232,MONDO,disease / other candidate,ASSOCIATED_WITH,0.013408344557217624,7,,,,,,,"[""OPEN_TARGETS""]"
blood disease,EFO_0010283,EFO,disease / other candidate,ASSOCIATED_WITH,0.013347376451938005,6,,,,,,,"[""OPEN_TARGETS""]"
congestive heart failure,EFO_0000373,EFO,disease / other candidate,ASSOCIATED_WITH,0.013339744996826788,11,,,,,,,"[""OPEN_TARGETS""]"
Bloom syndrome,MONDO_0008876,MONDO,disease / other candidate,ASSOCIATED_WITH,0.01333771374054455,7,,,,,,,"[""OPEN_TARGETS""]"
hereditary photodermatosis,MONDO_0015951,MONDO,disease / other candidate,ASSOCIATED_WITH,0.01333771374054455,7,,,,,,,"[""OPEN_TARGETS""]"
"microcephaly, growth restriction and increased sister chromatid exchange",MONDO_0020629,MONDO,disease / other candidate,ASSOCIATED_WITH,0.01333771374054455,7,,,,,,,"[""OPEN_TARGETS""]"
systolic heart failure,EFO_1001207,EFO,disease / other candidate,ASSOCIATED_WITH,0.013312744286782054,9,,,,,,,"[""OPEN_TARGETS""]"
pouchitis,EFO_0003921,EFO,disease / other candidate,ASSOCIATED_WITH,0.013304874768649265,1,,,,,,,"[""OPEN_TARGETS""]"
Thyroid Gland Undifferentiated (Anaplastic) Carcinoma,EFO_1000595,EFO,disease / other candidate,ASSOCIATED_WITH,0.013256213421115777,6,,,,,,,"[""OPEN_TARGETS""]"
synucleinopathy,DOID_0050890,DOID,disease / other candidate,ASSOCIATED_WITH,0.013089286520083189,4,,,,,,,"[""OPEN_TARGETS""]"
Genetic endocrine tumor,Orphanet_271847,Orphanet,disease / other candidate,ASSOCIATED_WITH,0.01308925423150106,13,,,,,,,"[""OPEN_TARGETS""]"
Parathyroid Gland Carcinoma,EFO_1000456,EFO,disease / other candidate,ASSOCIATED_WITH,0.012949009827758182,9,,,,,,,"[""OPEN_TARGETS""]"
malignant tumor of parathyroid gland,MONDO_0021311,MONDO,disease / other candidate,ASSOCIATED_WITH,0.012949009827758182,9,,,,,,,"[""OPEN_TARGETS""]"
Lewy body dementia,EFO_0006792,EFO,disease / other candidate,ASSOCIATED_WITH,0.012914762699815412,3,,,,,,,"[""OPEN_TARGETS""]"
skin cancer,MONDO_0002898,MONDO,disease / other candidate,ASSOCIATED_WITH,0.012856400230682295,28,,,,,,,"[""OPEN_TARGETS""]"
Varicella Zoster infection,EFO_0006509,EFO,disease / other candidate,ASSOCIATED_WITH,0.012834959663531329,9,,,,,,,"[""OPEN_TARGETS""]"
Herpes Zoster,EFO_0006510,EFO,disease / other candidate,ASSOCIATED_WITH,0.012763440281536175,6,,,,,,,"[""OPEN_TARGETS""]"
disease arising from reactivation of latent virus,MONDO_0100330,MONDO,disease / other candidate,ASSOCIATED_WITH,0.012763440281536175,6,,,,,,,"[""OPEN_TARGETS""]"
Kaposi's sarcoma,EFO_0000558,EFO,disease / other candidate,ASSOCIATED_WITH,0.01272997277247306,3,,,,,,,"[""OPEN_TARGETS""]"
epithelial skin neoplasm,MONDO_0021634,MONDO,disease / other candidate,ASSOCIATED_WITH,0.012718960898228394,18,,,,,,,"[""OPEN_TARGETS""]"
islet cell tumor,EFO_0007331,EFO,disease / other candidate,ASSOCIATED_WITH,0.01254518284513071,3,,,,,,,"[""OPEN_TARGETS""]"
Granular Cell Tumor,EFO_1000284,EFO,disease / other candidate,ASSOCIATED_WITH,0.01254518284513071,3,,,,,,,"[""OPEN_TARGETS""]"
digestive system neuroendocrine neoplasm,MONDO_0024503,MONDO,disease / other candidate,ASSOCIATED_WITH,0.01254518284513071,3,,,,,,,"[""OPEN_TARGETS""]"
testicular disease,EFO_0009601,EFO,disease / other candidate,ASSOCIATED_WITH,0.012534916738056135,4,,,,,,,"[""OPEN_TARGETS""]"
neoplasm of testis,MONDO_0021348,MONDO,disease / other candidate,ASSOCIATED_WITH,0.012534916738056135,4,,,,,,,"[""OPEN_TARGETS""]"
small cell carcinoma,EFO_0008524,EFO,disease / other candidate,ASSOCIATED_WITH,0.012522988724455916,12,,,,,,,"[""OPEN_TARGETS""]"
sexually transmitted disease,MONDO_0021681,MONDO,disease / other candidate,ASSOCIATED_WITH,0.012453714634401291,29,,,,,,,"[""OPEN_TARGETS""]"
progressive muscular dystrophy,MONDO_0016106,MONDO,disease / other candidate,ASSOCIATED_WITH,0.012409259587463337,5,,,,,,,"[""OPEN_TARGETS""]"
substance-related disorder,MONDO_0002494,MONDO,disease / other candidate,ASSOCIATED_WITH,0.012365000095228562,8,,,,,,,"[""OPEN_TARGETS""]"
Testicular Germ Cell Tumor,EFO_1000566,EFO,disease / other candidate,ASSOCIATED_WITH,0.012360392917788359,3,,,,,,,"[""OPEN_TARGETS""]"
gonadal germ cell tumor,MONDO_0018202,MONDO,disease / other candidate,ASSOCIATED_WITH,0.012360392917788359,3,,,,,,,"[""OPEN_TARGETS""]"
hemorrhage,MP_0001914,MP,disease / other candidate,ASSOCIATED_WITH,0.012360392917788359,3,,,,,,,"[""OPEN_TARGETS""]"
small cell lung carcinoma,EFO_0000702,EFO,disease / other candidate,ASSOCIATED_WITH,0.012350004396030026,11,,,,,,,"[""OPEN_TARGETS""]"
pulmonary neuroendocrine tumor,EFO_0005220,EFO,disease / other candidate,ASSOCIATED_WITH,0.012350004396030026,11,,,,,,,"[""OPEN_TARGETS""]"
acute myocarditis,MONDO_0002815,MONDO,disease / other candidate,ASSOCIATED_WITH,0.012345199079317987,5,,,,,,,"[""OPEN_TARGETS""]"
alcoholic liver disease,EFO_0008573,EFO,disease / other candidate,ASSOCIATED_WITH,0.012311731570254874,6,,,,,,,"[""OPEN_TARGETS""]"
alcohol-related disorders,MONDO_0021698,MONDO,disease / other candidate,ASSOCIATED_WITH,0.012311731570254874,6,,,,,,,"[""OPEN_TARGETS""]"
alcohol-induced disorders,MONDO_0021699,MONDO,disease / other candidate,ASSOCIATED_WITH,0.012311731570254874,6,,,,,,,"[""OPEN_TARGETS""]"
benign neoplasm of parathyroid gland,MONDO_0021463,MONDO,disease / other candidate,ASSOCIATED_WITH,0.012270667141956572,5,,,,,,,"[""OPEN_TARGETS""]"
mucinous neoplasm,MONDO_0024338,MONDO,disease / other candidate,ASSOCIATED_WITH,0.012255974038096576,8,,,,,,,"[""OPEN_TARGETS""]"
peripheral nerve injury,EFO_0009510,EFO,disease / other candidate,ASSOCIATED_WITH,0.012247465739968034,4,,,,,,,"[""OPEN_TARGETS""]"
aortic aneurysm,EFO_0001666,EFO,disease / other candidate,ASSOCIATED_WITH,0.0122432440653241,8,,,,,,,"[""OPEN_TARGETS""]"
Lentivirus Infections,EFO_1001357,EFO,disease / other candidate,ASSOCIATED_WITH,0.012037678048259323,21,,,,,,,"[""OPEN_TARGETS""]"
bacterial pneumonia,EFO_1001272,EFO,disease / other candidate,ASSOCIATED_WITH,0.01200825287438708,7,,,,,,,"[""OPEN_TARGETS""]"
focal segmental glomerulosclerosis,EFO_0004236,EFO,disease / other candidate,ASSOCIATED_WITH,0.011990813063103657,3,,,,,,,"[""OPEN_TARGETS""]"
nervous system benign neoplasm,MONDO_0000648,MONDO,disease / other candidate,ASSOCIATED_WITH,0.01194215171557017,6,,,,,,,"[""OPEN_TARGETS""]"
skin carcinoma,EFO_0009259,EFO,disease / other candidate,ASSOCIATED_WITH,0.011921637146625008,14,,,,,,,"[""OPEN_TARGETS""]"
Paraganglioma,EFO_1000453,EFO,disease / other candidate,ASSOCIATED_WITH,0.011908684206507057,3,,,,,,,"[""OPEN_TARGETS""]"
central nervous system organ benign neoplasm,MONDO_0000628,MONDO,disease / other candidate,ASSOCIATED_WITH,0.011901087287271872,5,,,,,,,"[""OPEN_TARGETS""]"
ulcer disease,MONDO_0043839,MONDO,disease / other candidate,ASSOCIATED_WITH,0.011901087287271872,5,,,,,,,"[""OPEN_TARGETS""]"
basal cell carcinoma,EFO_0004193,EFO,disease / other candidate,ASSOCIATED_WITH,0.011871314679257628,12,,,,,,,"[""OPEN_TARGETS""]"
non-melanoma skin carcinoma,EFO_0009260,EFO,disease / other candidate,ASSOCIATED_WITH,0.011871314679257628,12,,,,,,,"[""OPEN_TARGETS""]"
keratinocyte carcinoma,EFO_0010176,EFO,disease / other candidate,ASSOCIATED_WITH,0.011871314679257628,12,,,,,,,"[""OPEN_TARGETS""]"
basal cell neoplasm,EFO_1001763,EFO,disease / other candidate,ASSOCIATED_WITH,0.011871314679257628,12,,,,,,,"[""OPEN_TARGETS""]"
hyperprolactinemia,EFO_0007319,EFO,disease / other candidate,ASSOCIATED_WITH,0.011826555349910459,1,,,,,,,"[""OPEN_TARGETS""]"
alcoholic liver cirrhosis,EFO_1000802,EFO,disease / other candidate,ASSOCIATED_WITH,0.011826555349910459,2,,,,,,,"[""OPEN_TARGETS""]"
Abdominal Aortic Aneurysm,EFO_0004214,EFO,disease / other candidate,ASSOCIATED_WITH,0.011731696520541382,6,,,,,,,"[""OPEN_TARGETS""]"
Autosomal dominant polycystic kidney disease,EFO_1001496,EFO,disease / other candidate,ASSOCIATED_WITH,0.011641765422568107,2,,,,,,,"[""OPEN_TARGETS""]"
prostate adenocarcinoma,EFO_0000673,EFO,disease / other candidate,ASSOCIATED_WITH,0.01159351434977904,4,,,,,,,"[""OPEN_TARGETS""]"
skin squamous cell carcinoma,MONDO_0002529,MONDO,disease / other candidate,ASSOCIATED_WITH,0.011575844444405977,7,,,,,,,"[""OPEN_TARGETS""]"
hypertensive nephropathy,MONDO_0024633,MONDO,disease / other candidate,ASSOCIATED_WITH,0.011536011948956629,7,,,,,,,"[""OPEN_TARGETS""]"
corneal ulcer,MONDO_0004577,MONDO,disease / other candidate,ASSOCIATED_WITH,0.011456975495225757,2,,,,,,,"[""OPEN_TARGETS""]"
autosomal recessive limb-girdle muscular dystrophy,MONDO_0015152,MONDO,disease / other candidate,ASSOCIATED_WITH,0.011456975495225757,2,,,,,,,"[""OPEN_TARGETS""]"
limb-girdle muscular dystrophy,MONDO_0016971,MONDO,disease / other candidate,ASSOCIATED_WITH,0.011456975495225757,2,,,,,,,"[""OPEN_TARGETS""]"
muscular channelopathy,EFO_1001899,EFO,disease / other candidate,ASSOCIATED_WITH,0.011427614428992471,5,,,,,,,"[""OPEN_TARGETS""]"
skin basal cell carcinoma,MONDO_0005341,MONDO,disease / other candidate,ASSOCIATED_WITH,0.011408314147692267,5,,,,,,,"[""OPEN_TARGETS""]"
viral sexually transmitted disease,MONDO_0021682,MONDO,disease / other candidate,ASSOCIATED_WITH,0.011289707178963106,21,,,,,,,"[""OPEN_TARGETS""]"
deep vein thrombosis,EFO_0003907,EFO,disease / other candidate,ASSOCIATED_WITH,0.011287584728495267,4,,,,,,,"[""OPEN_TARGETS""]"
HIV infection,EFO_0000764,EFO,disease / other candidate,ASSOCIATED_WITH,0.011286354980734674,20,,,,,,,"[""OPEN_TARGETS""]"
polycythemia vera,EFO_0002429,EFO,disease / other candidate,ASSOCIATED_WITH,0.011272185567883406,2,,,,,,,"[""OPEN_TARGETS""]"
polycythemia,EFO_0005804,EFO,disease / other candidate,ASSOCIATED_WITH,0.011272185567883406,2,,,,,,,"[""OPEN_TARGETS""]"
erythroid neoplasm,MONDO_0020703,MONDO,disease / other candidate,ASSOCIATED_WITH,0.011272185567883406,2,,,,,,,"[""OPEN_TARGETS""]"
erectile dysfunction,EFO_0004234,EFO,disease / other candidate,ASSOCIATED_WITH,0.011251653353734252,3,,,,,,,"[""OPEN_TARGETS""]"
penile disorder,MONDO_0002036,MONDO,disease / other candidate,ASSOCIATED_WITH,0.011251653353734252,3,,,,,,,"[""OPEN_TARGETS""]"
physiological sexual disorder,MONDO_0002134,MONDO,disease / other candidate,ASSOCIATED_WITH,0.011251653353734252,3,,,,,,,"[""OPEN_TARGETS""]"
myotonic syndrome,MONDO_0016120,MONDO,disease / other candidate,ASSOCIATED_WITH,0.011246520300196964,4,,,,,,,"[""OPEN_TARGETS""]"
mucous membrane pemphigoid,EFO_1000680,EFO,disease / other candidate,ASSOCIATED_WITH,0.01122299834425283,8,,,,,,,"[""OPEN_TARGETS""]"
metastasis,EFO_0009708,EFO,disease / other candidate,ASSOCIATED_WITH,0.011174164608991734,13,,,,,,,"[""OPEN_TARGETS""]"
temporal measurement,EFO_0000719,EFO,trait / measurement candidate,ASSOCIATED_WITH,0.011170961752128096,5,,,,,,,"[""OPEN_TARGETS""]"
paramyotonia congenita of Von Eulenburg,MONDO_0008195,MONDO,disease / other candidate,ASSOCIATED_WITH,0.011107927854690202,3,,,,,,,"[""OPEN_TARGETS""]"
SCN4A-related channelopathy,MONDO_0800468,MONDO,disease / other candidate,ASSOCIATED_WITH,0.011107927854690202,3,,,,,,,"[""OPEN_TARGETS""]"
plasma cell neoplasm,EFO_0000200,EFO,disease / other candidate,ASSOCIATED_WITH,0.011103463858981819,19,,,,,,,"[""OPEN_TARGETS""]"
multiple myeloma,EFO_0001378,EFO,disease / other candidate,ASSOCIATED_WITH,0.011103463858981819,19,,,,,,,"[""OPEN_TARGETS""]"
testicular seminoma,EFO_0003101,EFO,disease / other candidate,ASSOCIATED_WITH,0.011087395640541054,1,,,,,,,"[""OPEN_TARGETS""]"
testicular carcinoma,EFO_0005088,EFO,disease / other candidate,ASSOCIATED_WITH,0.011087395640541054,1,,,,,,,"[""OPEN_TARGETS""]"
spondylolisthesis,EFO_0007493,EFO,disease / other candidate,ASSOCIATED_WITH,0.011087395640541054,1,,,,,,,"[""OPEN_TARGETS""]"
aortitis,EFO_1000816,EFO,disease / other candidate,ASSOCIATED_WITH,0.011087395640541054,1,,,,,,,"[""OPEN_TARGETS""]"
Schistosomiasis japonica,EFO_1001419,EFO,disease / other candidate,ASSOCIATED_WITH,0.011087395640541054,1,,,,,,,"[""OPEN_TARGETS""]"
disease of bone structure,MONDO_0000836,MONDO,disease / other candidate,ASSOCIATED_WITH,0.011087395640541054,1,,,,,,,"[""OPEN_TARGETS""]"
testicular pure germ cell tumor,MONDO_0002874,MONDO,disease / other candidate,ASSOCIATED_WITH,0.011087395640541054,1,,,,,,,"[""OPEN_TARGETS""]"
malignant testicular germ cell tumor,MONDO_0003510,MONDO,disease / other candidate,ASSOCIATED_WITH,0.011087395640541054,1,,,,,,,"[""OPEN_TARGETS""]"
"Ehlers-Danlos syndrome, dermatosparaxis type",MONDO_0009161,MONDO,disease / other candidate,ASSOCIATED_WITH,0.011087395640541054,1,,,,,,,"[""OPEN_TARGETS""]"
autosomal recessive limb-girdle muscular dystrophy type 2A,MONDO_0009675,MONDO,disease / other candidate,ASSOCIATED_WITH,0.011087395640541054,1,,,,,,,"[""OPEN_TARGETS""]"
primary ciliary dyskinesia,MONDO_0016575,MONDO,disease / other candidate,ASSOCIATED_WITH,0.011087395640541054,1,,,,,,,"[""OPEN_TARGETS""]"
HIV-1 infection,EFO_0000180,EFO,disease / other candidate,ASSOCIATED_WITH,0.010980695403721588,9,,,,,,,"[""OPEN_TARGETS""]"
benign neoplasm of adrenal gland,MONDO_0021511,MONDO,disease / other candidate,ASSOCIATED_WITH,0.010977137650560116,5,,,,,,,"[""OPEN_TARGETS""]"
chronic hepatitis,EFO_0008496,EFO,disease / other candidate,ASSOCIATED_WITH,0.010965113734539508,8,,,,,,,"[""OPEN_TARGETS""]"
clinical temporal measurement,EFO_0004949,EFO,trait / measurement candidate,ASSOCIATED_WITH,0.010918004873810564,4,,,,,,,"[""OPEN_TARGETS""]"
neuralgia,EFO_0009430,EFO,disease / other candidate,ASSOCIATED_WITH,0.010902605713198702,2,,,,,,,"[""OPEN_TARGETS""]"
Ovarian Endometriosis,EFO_1000418,EFO,disease / other candidate,ASSOCIATED_WITH,0.010902605713198702,2,,,,,,,"[""OPEN_TARGETS""]"
post-infectious neuralgia,MONDO_0021677,MONDO,disease / other candidate,ASSOCIATED_WITH,0.010902605713198702,2,,,,,,,"[""OPEN_TARGETS""]"
postherpetic neuralgia,MONDO_0041052,MONDO,disease / other candidate,ASSOCIATED_WITH,0.010902605713198702,2,,,,,,,"[""OPEN_TARGETS""]"
pheochromocytoma,MONDO_0008233,MONDO,disease / other candidate,ASSOCIATED_WITH,0.01087180739197498,4,,,,,,,"[""OPEN_TARGETS""]"
hereditary pheochromocytoma-paraganglioma,MONDO_0017366,MONDO,disease / other candidate,ASSOCIATED_WITH,0.01087180739197498,4,,,,,,,"[""OPEN_TARGETS""]"
adrenal gland pheochromocytoma,EFO_0000239,EFO,disease / other candidate,ASSOCIATED_WITH,0.010717815785856353,2,,,,,,,"[""OPEN_TARGETS""]"
Malignant Adrenal Gland Pheochromocytoma,EFO_1000348,EFO,disease / other candidate,ASSOCIATED_WITH,0.010717815785856353,2,,,,,,,"[""OPEN_TARGETS""]"
pneumococcal pneumonia,EFO_1001474,EFO,disease / other candidate,ASSOCIATED_WITH,0.010717815785856353,2,,,,,,,"[""OPEN_TARGETS""]"
adrenal medulla cancer,MONDO_0003606,MONDO,disease / other candidate,ASSOCIATED_WITH,0.010717815785856353,2,,,,,,,"[""OPEN_TARGETS""]"
adrenal medulla carcinoma,MONDO_0004202,MONDO,disease / other candidate,ASSOCIATED_WITH,0.010717815785856353,2,,,,,,,"[""OPEN_TARGETS""]"
sympathetic paraganglioma,MONDO_0021072,MONDO,disease / other candidate,ASSOCIATED_WITH,0.010717815785856353,2,,,,,,,"[""OPEN_TARGETS""]"
adrenal medulla neoplasm,MONDO_0021237,MONDO,disease / other candidate,ASSOCIATED_WITH,0.010717815785856353,2,,,,,,,"[""OPEN_TARGETS""]"
left ventricular hypertrophy,EFO_0003896,EFO,disease / other candidate,ASSOCIATED_WITH,0.010701518160692258,13,,,,,,,"[""OPEN_TARGETS""]"
cutaneous melanoma,EFO_0000389,EFO,disease / other candidate,ASSOCIATED_WITH,0.010678368793203271,7,,,,,,,"[""OPEN_TARGETS""]"
melanocytic skin neoplasm,MONDO_0021583,MONDO,disease / other candidate,ASSOCIATED_WITH,0.010678368793203271,7,,,,,,,"[""OPEN_TARGETS""]"
streptococcal pneumonia,EFO_0007499,EFO,disease / other candidate,ASSOCIATED_WITH,0.010664021384785578,5,,,,,,,"[""OPEN_TARGETS""]"
viral infection of central nervous system,MONDO_0024318,MONDO,disease / other candidate,ASSOCIATED_WITH,0.010581892528188976,5,,,,,,,"[""OPEN_TARGETS""]"
acrocephalosyndactyly,MONDO_0019796,MONDO,disease / other candidate,ASSOCIATED_WITH,0.010533025858514001,2,,,,,,,"[""OPEN_TARGETS""]"
bladder transitional cell carcinoma,EFO_0006544,EFO,disease / other candidate,ASSOCIATED_WITH,0.010484364510980514,6,,,,,,,"[""OPEN_TARGETS""]"
chronic bronchitis,EFO_0006505,EFO,disease / other candidate,ASSOCIATED_WITH,0.010348235931171651,1,,,,,,,"[""OPEN_TARGETS""]"
bronchitis,EFO_0009661,EFO,disease / other candidate,ASSOCIATED_WITH,0.010348235931171651,1,,,,,,,"[""OPEN_TARGETS""]"
cardiac amyloidosis,EFO_1001984,EFO,disease / other candidate,ASSOCIATED_WITH,0.010348235931171651,1,,,,,,,"[""OPEN_TARGETS""]"
tracheobronchitis,MONDO_0021925,MONDO,disease / other candidate,ASSOCIATED_WITH,0.010348235931171651,1,,,,,,,"[""OPEN_TARGETS""]"
adenoid cystic carcinoma,EFO_0000231,EFO,disease / other candidate,ASSOCIATED_WITH,0.01030470763717545,5,,,,,,,"[""OPEN_TARGETS""]"
inflammation,MP_0001845,MP,disease / other candidate,ASSOCIATED_WITH,0.010262798541546415,28,,,,,,,"[""OPEN_TARGETS""]"
bacterial sexually transmitted disease,EFO_0003955,EFO,disease / other candidate,ASSOCIATED_WITH,0.01025921621209173,8,,,,,,,"[""OPEN_TARGETS""]"
aneurysm,EFO_0009659,EFO,disease / other candidate,ASSOCIATED_WITH,0.010251516631785798,7,,,,,,,"[""OPEN_TARGETS""]"
endometrioid carcinoma,EFO_0000466,EFO,disease / other candidate,ASSOCIATED_WITH,0.010238472390429406,7,,,,,,,"[""OPEN_TARGETS""]"
gonorrhea,DOID_7551,DOID,disease / other candidate,ASSOCIATED_WITH,0.010236117471173934,7,,,,,,,"[""OPEN_TARGETS""]"
ichthyosis prematurity syndrome,MONDO_0012089,MONDO,disease / other candidate,ASSOCIATED_WITH,0.010204510432127601,3,,,,,,,"[""OPEN_TARGETS""]"
anaplastic cancer,MONDO_0020633,MONDO,disease / other candidate,ASSOCIATED_WITH,0.010196387636795326,8,,,,,,,"[""OPEN_TARGETS""]"
Craniopharyngioma,EFO_1000209,EFO,disease / other candidate,ASSOCIATED_WITH,0.010163446003829301,2,,,,,,,"[""OPEN_TARGETS""]"
gallbladder carcinoma,EFO_1001956,EFO,disease / other candidate,ASSOCIATED_WITH,0.010163446003829301,2,,,,,,,"[""OPEN_TARGETS""]"
Alphavirus infectious disease,EFO_0007142,EFO,disease / other candidate,ASSOCIATED_WITH,0.01006078493308355,3,,,,,,,"[""OPEN_TARGETS""]"
Togaviridae infectious disease,EFO_0007513,EFO,disease / other candidate,ASSOCIATED_WITH,0.01006078493308355,3,,,,,,,"[""OPEN_TARGETS""]"
Venezuelan equine encephalitis,EFO_0007534,EFO,disease / other candidate,ASSOCIATED_WITH,0.01006078493308355,3,,,,,,,"[""OPEN_TARGETS""]"
secondary malignant neoplasm,EFO_0009812,EFO,disease / other candidate,ASSOCIATED_WITH,0.010056745767009833,9,,,,,,,"[""OPEN_TARGETS""]"
metastatic malignant neoplasm,MONDO_0024880,MONDO,disease / other candidate,ASSOCIATED_WITH,0.010056745767009833,9,,,,,,,"[""OPEN_TARGETS""]"
gastritis,EFO_0000217,EFO,disease / other candidate,ASSOCIATED_WITH,0.00997865607648695,2,,,,,,,"[""OPEN_TARGETS""]"
idiopathic pulmonary arterial hypertension,MONDO_0017147,MONDO,disease / other candidate,ASSOCIATED_WITH,0.009947857755263224,4,,,,,,,"[""OPEN_TARGETS""]"
metastatic prostate cancer,EFO_0000196,EFO,disease / other candidate,ASSOCIATED_WITH,0.009822200604670423,5,,,,,,,"[""OPEN_TARGETS""]"
intracranial hemorrhage,EFO_0000551,EFO,disease / other candidate,ASSOCIATED_WITH,0.009814398363293746,4,,,,,,,"[""OPEN_TARGETS""]"
intracerebral hemorrhage,EFO_0005669,EFO,disease / other candidate,ASSOCIATED_WITH,0.009814398363293746,4,,,,,,,"[""OPEN_TARGETS""]"
colorectal adenocarcinoma,EFO_0000365,EFO,disease / other candidate,ASSOCIATED_WITH,0.009807507500810426,8,,,,,,,"[""OPEN_TARGETS""]"
congenital bilateral aplasia of vas deferens from CFTR mutation,MONDO_0010178,MONDO,disease / other candidate,ASSOCIATED_WITH,0.009793866149144598,2,,,,,,,"[""OPEN_TARGETS""]"
keratoconus,MONDO_0015486,MONDO,disease / other candidate,ASSOCIATED_WITH,0.009793866149144598,2,,,,,,,"[""OPEN_TARGETS""]"
congenital bilateral absence of vas deferens,MONDO_0018801,MONDO,disease / other candidate,ASSOCIATED_WITH,0.009793866149144598,2,,,,,,,"[""OPEN_TARGETS""]"
common wart,EFO_0009662,EFO,disease / other candidate,ASSOCIATED_WITH,0.009773333934995448,3,,,,,,,"[""OPEN_TARGETS""]"
integumentary system benign neoplasm,MONDO_0000652,MONDO,disease / other candidate,ASSOCIATED_WITH,0.009773333934995448,3,,,,,,,"[""OPEN_TARGETS""]"
benign neoplasm of skin,MONDO_0021440,MONDO,disease / other candidate,ASSOCIATED_WITH,0.009773333934995448,3,,,,,,,"[""OPEN_TARGETS""]"
benign epithelial skin neoplasm,MONDO_0024666,MONDO,disease / other candidate,ASSOCIATED_WITH,0.009773333934995448,3,,,,,,,"[""OPEN_TARGETS""]"
eosinophilic esophagitis,EFO_0004232,EFO,disease / other candidate,ASSOCIATED_WITH,0.009763067827920873,4,,,,,,,"[""OPEN_TARGETS""]"
ACTH-Producing Pituitary Gland Adenoma,EFO_1000066,EFO,disease / other candidate,ASSOCIATED_WITH,0.009763067827920873,4,,,,,,,"[""OPEN_TARGETS""]"
esophagitis,MONDO_0001409,MONDO,disease / other candidate,ASSOCIATED_WITH,0.009763067827920873,4,,,,,,,"[""OPEN_TARGETS""]"
eosinophilic gastrointestinal disease,MONDO_0018438,MONDO,disease / other candidate,ASSOCIATED_WITH,0.009763067827920873,4,,,,,,,"[""OPEN_TARGETS""]"
ACTH-producing pituitary gland neoplasm,MONDO_0045058,MONDO,disease / other candidate,ASSOCIATED_WITH,0.009763067827920873,4,,,,,,,"[""OPEN_TARGETS""]"
colon adenocarcinoma,EFO_1001949,EFO,disease / other candidate,ASSOCIATED_WITH,0.009724672587461961,6,,,,,,,"[""OPEN_TARGETS""]"
overgrowth syndrome,MONDO_0019716,MONDO,disease / other candidate,ASSOCIATED_WITH,0.009705941165966847,11,,,,,,,"[""OPEN_TARGETS""]"
T-cell leukemia,EFO_0005592,EFO,disease / other candidate,ASSOCIATED_WITH,0.009670672864249698,3,,,,,,,"[""OPEN_TARGETS""]"
Human T-lymphotropic virus 1 infectious disease,EFO_0007316,EFO,disease / other candidate,ASSOCIATED_WITH,0.009670672864249698,3,,,,,,,"[""OPEN_TARGETS""]"
Deltaretrovirus Infections,EFO_1001303,EFO,disease / other candidate,ASSOCIATED_WITH,0.009670672864249698,3,,,,,,,"[""OPEN_TARGETS""]"
adult lymphoma,MONDO_0003660,MONDO,disease / other candidate,ASSOCIATED_WITH,0.009670672864249698,3,,,,,,,"[""OPEN_TARGETS""]"
adult T-cell leukemia/lymphoma,MONDO_0019471,MONDO,disease / other candidate,ASSOCIATED_WITH,0.009670672864249698,3,,,,,,,"[""OPEN_TARGETS""]"
hyperinsulinemic hypoglycemia,EFO_0007318,EFO,disease / other candidate,ASSOCIATED_WITH,0.009643021651904459,10,,,,,,,"[""OPEN_TARGETS""]"
hyperinsulinism,MONDO_0002177,MONDO,disease / other candidate,ASSOCIATED_WITH,0.009643021651904459,10,,,,,,,"[""OPEN_TARGETS""]"
islet cell adenomatosis,MONDO_0007834,MONDO,disease / other candidate,ASSOCIATED_WITH,0.009643021651904459,10,,,,,,,"[""OPEN_TARGETS""]"
familial hyperinsulinism,MONDO_0017182,MONDO,disease / other candidate,ASSOCIATED_WITH,0.009643021651904459,10,,,,,,,"[""OPEN_TARGETS""]"
congenital isolated hyperinsulinism,MONDO_0019010,MONDO,disease / other candidate,ASSOCIATED_WITH,0.009643021651904459,10,,,,,,,"[""OPEN_TARGETS""]"
Disorder of carbohydrate metabolism,Orphanet_79161,Orphanet,disease / other candidate,ASSOCIATED_WITH,0.009643021651904459,10,,,,,,,"[""OPEN_TARGETS""]"
encephalitis,MONDO_0019956,MONDO,disease / other candidate,ASSOCIATED_WITH,0.009626516033085666,7,,,,,,,"[""OPEN_TARGETS""]"
chronic gastritis,EFO_0000337,EFO,disease / other candidate,ASSOCIATED_WITH,0.009609076221802246,1,,,,,,,"[""OPEN_TARGETS""]"
primary myelofibrosis,EFO_0002430,EFO,disease / other candidate,ASSOCIATED_WITH,0.009609076221802246,1,,,,,,,"[""OPEN_TARGETS""]"
"osteoarthritis, knee",EFO_0004616,EFO,disease / other candidate,ASSOCIATED_WITH,0.009609076221802246,2,,,,,,,"[""OPEN_TARGETS""]"
angioedema,EFO_0005532,EFO,disease / other candidate,ASSOCIATED_WITH,0.009609076221802246,1,,,,,,,"[""OPEN_TARGETS""]"
Gallbladder Adenocarcinoma,EFO_1000262,EFO,disease / other candidate,ASSOCIATED_WITH,0.009609076221802246,1,,,,,,,"[""OPEN_TARGETS""]"
Lymphatic Metastasis,EFO_1001364,EFO,disease / other candidate,ASSOCIATED_WITH,0.009609076221802246,2,,,,,,,"[""OPEN_TARGETS""]"
hemolytic-uremic syndrome,MONDO_0001549,MONDO,disease / other candidate,ASSOCIATED_WITH,0.009609076221802246,1,,,,,,,"[""OPEN_TARGETS""]"
cardiac sarcoidosis,MONDO_0001707,MONDO,disease / other candidate,ASSOCIATED_WITH,0.009609076221802246,1,,,,,,,"[""OPEN_TARGETS""]"
extrapyramidal and movement disease,MONDO_0001815,MONDO,disease / other candidate,ASSOCIATED_WITH,0.009609076221802246,1,,,,,,,"[""OPEN_TARGETS""]"
dystonic disorder,MONDO_0003441,MONDO,disease / other candidate,ASSOCIATED_WITH,0.009609076221802246,1,,,,,,,"[""OPEN_TARGETS""]"
Saethre-Chotzen syndrome,MONDO_0007042,MONDO,disease / other candidate,ASSOCIATED_WITH,0.009609076221802246,1,,,,,,,"[""OPEN_TARGETS""]"
"parkinsonism-dystonia, infantile",MONDO_0013150,MONDO,disease / other candidate,ASSOCIATED_WITH,0.009609076221802246,1,,,,,,,"[""OPEN_TARGETS""]"
PFAPA syndrome,MONDO_0018540,MONDO,disease / other candidate,ASSOCIATED_WITH,0.009609076221802246,1,,,,,,,"[""OPEN_TARGETS""]"
hereditary angioedema,MONDO_0019623,MONDO,disease / other candidate,ASSOCIATED_WITH,0.009609076221802246,1,,,,,,,"[""OPEN_TARGETS""]"
combined dystonia,MONDO_0020065,MONDO,disease / other candidate,ASSOCIATED_WITH,0.009609076221802246,1,,,,,,,"[""OPEN_TARGETS""]"
inherited dystonia,MONDO_0044807,MONDO,disease / other candidate,ASSOCIATED_WITH,0.009609076221802246,1,,,,,,,"[""OPEN_TARGETS""]"
Rare genetic movement disorder,Orphanet_183521,Orphanet,disease / other candidate,ASSOCIATED_WITH,0.009609076221802246,1,,,,,,,"[""OPEN_TARGETS""]"
Infantile dystonia-parkinsonism,Orphanet_238455,Orphanet,disease / other candidate,ASSOCIATED_WITH,0.009609076221802246,1,,,,,,,"[""OPEN_TARGETS""]"
Rare genetic parkinsonian disorder,Orphanet_307052,Orphanet,disease / other candidate,ASSOCIATED_WITH,0.009609076221802246,1,,,,,,,"[""OPEN_TARGETS""]"
Rare parkinsonian syndrome due to genetic neurodegenerative disease,Orphanet_307055,Orphanet,disease / other candidate,ASSOCIATED_WITH,0.009609076221802246,1,,,,,,,"[""OPEN_TARGETS""]"
Rare genetic dystonia,Orphanet_391799,Orphanet,disease / other candidate,ASSOCIATED_WITH,0.009609076221802246,1,,,,,,,"[""OPEN_TARGETS""]"
congenital heart malformation,EFO_0005269,EFO,disease / other candidate,ASSOCIATED_WITH,0.009408887133848033,4,,,,,,,"[""OPEN_TARGETS""]"
ventricular tachycardia,EFO_0005306,EFO,disease / other candidate,ASSOCIATED_WITH,0.0093372297064675,6,,,,,,,"[""OPEN_TARGETS""]"
psoriatic arthritis,EFO_0003778,EFO,disease / other candidate,ASSOCIATED_WITH,0.009301093009564994,3,,,,,,,"[""OPEN_TARGETS""]"
pleural effusion,EFO_0009637,EFO,disease / other candidate,ASSOCIATED_WITH,0.009267830822643373,5,,,,,,,"[""OPEN_TARGETS""]"
Burkitts lymphoma,EFO_0000309,EFO,disease / other candidate,ASSOCIATED_WITH,0.009239496367117545,2,,,,,,,"[""OPEN_TARGETS""]"
genomic measurement,EFO_0004554,EFO,trait / measurement candidate,ASSOCIATED_WITH,0.009239496367117545,2,,,,,,,"[""OPEN_TARGETS""]"
optic neuritis,EFO_0007405,EFO,disease / other candidate,ASSOCIATED_WITH,0.009239496367117545,2,,,,,,,"[""OPEN_TARGETS""]"
chromosomal aberration frequency,EFO_0009860,EFO,disease / other candidate,ASSOCIATED_WITH,0.009239496367117545,2,,,,,,,"[""OPEN_TARGETS""]"
anterolateral myocardial infarction,EFO_1000812,EFO,disease / other candidate,ASSOCIATED_WITH,0.009239496367117545,2,,,,,,,"[""OPEN_TARGETS""]"
optic nerve disorder,MONDO_0002135,MONDO,disease / other candidate,ASSOCIATED_WITH,0.009239496367117545,2,,,,,,,"[""OPEN_TARGETS""]"
"hyperinsulinemic hypoglycemia, familial, 4",MONDO_0012382,MONDO,disease / other candidate,ASSOCIATED_WITH,0.00918802778635929,9,,,,,,,"[""OPEN_TARGETS""]"
diazoxide-sensitive diffuse hyperinsulinism,MONDO_0015624,MONDO,disease / other candidate,ASSOCIATED_WITH,0.00918802778635929,9,,,,,,,"[""OPEN_TARGETS""]"
epilepsy syndrome,MONDO_0015650,MONDO,disease / other candidate,ASSOCIATED_WITH,0.00912923837713661,5,,,,,,,"[""OPEN_TARGETS""]"
Guillain-Barre syndrome,EFO_0007292,EFO,disease / other candidate,ASSOCIATED_WITH,0.009054706439775193,2,,,,,,,"[""OPEN_TARGETS""]"
mitral valve disease,EFO_0009557,EFO,disease / other candidate,ASSOCIATED_WITH,0.009054706439775193,2,,,,,,,"[""OPEN_TARGETS""]"
autoimmune disorder of peripheral nervous system,MONDO_0000590,MONDO,disease / other candidate,ASSOCIATED_WITH,0.009054706439775193,2,,,,,,,"[""OPEN_TARGETS""]"
squamous cell lung carcinoma,EFO_0000708,EFO,disease / other candidate,ASSOCIATED_WITH,0.009049573386237906,4,,,,,,,"[""OPEN_TARGETS""]"
mucinous carcinoma,EFO_0000197,EFO,disease / other candidate,ASSOCIATED_WITH,0.008942587979777478,7,,,,,,,"[""OPEN_TARGETS""]"
mucin-producing carcinoma,MONDO_0020596,MONDO,disease / other candidate,ASSOCIATED_WITH,0.008942587979777478,7,,,,,,,"[""OPEN_TARGETS""]"
conotruncal heart malformations,MONDO_0016581,MONDO,disease / other candidate,ASSOCIATED_WITH,0.008910980940731143,3,,,,,,,"[""OPEN_TARGETS""]"
persistent truncus arteriosus,MONDO_0018072,MONDO,disease / other candidate,ASSOCIATED_WITH,0.008910980940731143,3,,,,,,,"[""OPEN_TARGETS""]"
esophageal adenocarcinoma,EFO_0000478,EFO,disease / other candidate,ASSOCIATED_WITH,0.008869916512432841,1,,,,,,,"[""OPEN_TARGETS""]"
brucellosis,EFO_0007185,EFO,disease / other candidate,ASSOCIATED_WITH,0.008869916512432841,1,,,,,,,"[""OPEN_TARGETS""]"
synovitis,EFO_0008997,EFO,disease / other candidate,ASSOCIATED_WITH,0.008869916512432841,1,,,,,,,"[""OPEN_TARGETS""]"
Primary progressive aphasia,EFO_0009053,EFO,disease / other candidate,ASSOCIATED_WITH,0.008869916512432841,1,,,,,,,"[""OPEN_TARGETS""]"
Undifferentiated Pancreatic Carcinoma,EFO_1000606,EFO,disease / other candidate,ASSOCIATED_WITH,0.008869916512432841,1,,,,,,,"[""OPEN_TARGETS""]"
asphyxia neonatorum,EFO_1000824,EFO,disease / other candidate,ASSOCIATED_WITH,0.008869916512432841,1,,,,,,,"[""OPEN_TARGETS""]"
rheumatic heart disease,EFO_1001161,EFO,disease / other candidate,ASSOCIATED_WITH,0.008869916512432841,1,,,,,,,"[""OPEN_TARGETS""]"
oculocerebrocutaneous syndrome,MONDO_0008108,MONDO,disease / other candidate,ASSOCIATED_WITH,0.008869916512432841,1,,,,,,,"[""OPEN_TARGETS""]"
synovium disorder,MONDO_0056799,MONDO,disease / other candidate,ASSOCIATED_WITH,0.008869916512432841,1,,,,,,,"[""OPEN_TARGETS""]"
anaplastic oligodendroglioma,EFO_0002501,EFO,disease / other candidate,ASSOCIATED_WITH,0.008756989334612518,4,,,,,,,"[""OPEN_TARGETS""]"
grade III glioma,MONDO_0021640,MONDO,disease / other candidate,ASSOCIATED_WITH,0.008756989334612518,4,,,,,,,"[""OPEN_TARGETS""]"
ulnar-mammary syndrome,MONDO_0008411,MONDO,disease / other candidate,ASSOCIATED_WITH,0.008713461040616318,5,,,,,,,"[""OPEN_TARGETS""]"
non-syndromic limb reduction defect,MONDO_0019713,MONDO,disease / other candidate,ASSOCIATED_WITH,0.008713461040616318,5,,,,,,,"[""OPEN_TARGETS""]"
congenital diarrhea,MONDO_0000824,MONDO,disease / other candidate,ASSOCIATED_WITH,0.008701334463524965,7,,,,,,,"[""OPEN_TARGETS""]"
diarrheal disease,MONDO_0001673,MONDO,disease / other candidate,ASSOCIATED_WITH,0.008701334463524965,7,,,,,,,"[""OPEN_TARGETS""]"
congenital secretory chloride diarrhea 1,MONDO_0008964,MONDO,disease / other candidate,ASSOCIATED_WITH,0.008701334463524965,7,,,,,,,"[""OPEN_TARGETS""]"
congenital secretory diarrhea,MONDO_0045032,MONDO,disease / other candidate,ASSOCIATED_WITH,0.008701334463524965,7,,,,,,,"[""OPEN_TARGETS""]"
hemolysis,EFO_0009473,EFO,disease / other candidate,ASSOCIATED_WITH,0.008685126585090491,2,,,,,,,"[""OPEN_TARGETS""]"
cerebellar neoplasm,MONDO_0002913,MONDO,disease / other candidate,ASSOCIATED_WITH,0.008664594370941343,3,,,,,,,"[""OPEN_TARGETS""]"
End Stage Liver Disease,EFO_1001311,EFO,disease / other candidate,ASSOCIATED_WITH,0.008654328263866766,4,,,,,,,"[""OPEN_TARGETS""]"
coronary stenosis,MONDO_0006715,MONDO,disease / other candidate,ASSOCIATED_WITH,0.008574868595109555,5,,,,,,,"[""OPEN_TARGETS""]"
cerebral malaria,EFO_0006857,EFO,disease / other candidate,ASSOCIATED_WITH,0.008572199407270166,4,,,,,,,"[""OPEN_TARGETS""]"
brain ischemia,MONDO_0005299,MONDO,disease / other candidate,ASSOCIATED_WITH,0.008519089524143923,15,,,,,,,"[""OPEN_TARGETS""]"
panuveitis,EFO_1001082,EFO,disease / other candidate,ASSOCIATED_WITH,0.008500336657748141,2,,,,,,,"[""OPEN_TARGETS""]"
posterior uveitis,EFO_1001119,EFO,disease / other candidate,ASSOCIATED_WITH,0.008500336657748141,2,,,,,,,"[""OPEN_TARGETS""]"
oropharynx cancer,EFO_1001931,EFO,disease / other candidate,ASSOCIATED_WITH,0.008500336657748141,2,,,,,,,"[""OPEN_TARGETS""]"
retinitis,MONDO_0002708,MONDO,disease / other candidate,ASSOCIATED_WITH,0.008500336657748141,2,,,,,,,"[""OPEN_TARGETS""]"
neoplasm of oropharynx,MONDO_0021364,MONDO,disease / other candidate,ASSOCIATED_WITH,0.008500336657748141,2,,,,,,,"[""OPEN_TARGETS""]"
oropharyngeal carcinoma,MONDO_0044926,MONDO,disease / other candidate,ASSOCIATED_WITH,0.008500336657748141,2,,,,,,,"[""OPEN_TARGETS""]"
American trypanosomiasis,EFO_0008559,EFO,disease / other candidate,ASSOCIATED_WITH,0.008390078667767207,5,,,,,,,"[""OPEN_TARGETS""]"
anaplastic astrocytoma,EFO_0002499,EFO,disease / other candidate,ASSOCIATED_WITH,0.00837714337285324,3,,,,,,,"[""OPEN_TARGETS""]"
nephrosis,MONDO_0002331,MONDO,disease / other candidate,ASSOCIATED_WITH,0.00837714337285324,3,,,,,,,"[""OPEN_TARGETS""]"
sarcopenia,EFO_1000653,EFO,disease / other candidate,ASSOCIATED_WITH,0.008330945891017653,4,,,,,,,"[""OPEN_TARGETS""]"
symptomatic heart failure,EFO_0003146,EFO,disease / other candidate,ASSOCIATED_WITH,0.00831554673040579,2,,,,,,,"[""OPEN_TARGETS""]"
advanced heart failure,EFO_0003149,EFO,disease / other candidate,ASSOCIATED_WITH,0.00831554673040579,2,,,,,,,"[""OPEN_TARGETS""]"
toxicity,EFO_0011061,EFO,disease / other candidate,ASSOCIATED_WITH,0.00831554673040579,2,,,,,,,"[""OPEN_TARGETS""]"
atrophic macular degeneration,EFO_1001492,EFO,disease / other candidate,ASSOCIATED_WITH,0.00831554673040579,2,,,,,,,"[""OPEN_TARGETS""]"
interstitial nephritis,MONDO_0001085,MONDO,disease / other candidate,ASSOCIATED_WITH,0.00831554673040579,2,,,,,,,"[""OPEN_TARGETS""]"
nongerminomatous germ cell tumor,MONDO_0021656,MONDO,disease / other candidate,ASSOCIATED_WITH,0.00831554673040579,2,,,,,,,"[""OPEN_TARGETS""]"
Chagas cardiomyopathy,EFO_0005529,EFO,disease / other candidate,ASSOCIATED_WITH,0.008284748409182066,4,,,,,,,"[""OPEN_TARGETS""]"
Nasal Cavity Polyp,EFO_1000391,EFO,disease / other candidate,ASSOCIATED_WITH,0.008202619552585467,4,,,,,,,"[""OPEN_TARGETS""]"
diabetic cardiomyopathy,EFO_1001458,EFO,disease / other candidate,ASSOCIATED_WITH,0.008189546212286122,9,,,,,,,"[""OPEN_TARGETS""]"
Follicular Variant Thyroid Gland Papillary Carcinoma,EFO_1000261,EFO,disease / other candidate,ASSOCIATED_WITH,0.008177169267889582,10,,,,,,,"[""OPEN_TARGETS""]"
diabetic angiopathy,EFO_1000896,EFO,disease / other candidate,ASSOCIATED_WITH,0.00813075680306344,2,,,,,,,"[""OPEN_TARGETS""]"
diabetic foot,EFO_1001459,EFO,disease / other candidate,ASSOCIATED_WITH,0.00813075680306344,2,,,,,,,"[""OPEN_TARGETS""]"
papilloma,MONDO_0002363,MONDO,disease / other candidate,ASSOCIATED_WITH,0.00813075680306344,1,,,,,,,"[""OPEN_TARGETS""]"
inverted papilloma,MONDO_0002537,MONDO,disease / other candidate,ASSOCIATED_WITH,0.00813075680306344,1,,,,,,,"[""OPEN_TARGETS""]"
pulmonary artery-aorta diameter ratio measurement,EFO_0006348,EFO,trait / measurement candidate,ASSOCIATED_WITH,0.008043494892929553,4,,,,,,,"[""OPEN_TARGETS""]"
respiratory disease biomarker,EFO_0006841,EFO,trait / measurement candidate,ASSOCIATED_WITH,0.008043494892929553,4,,,,,,,"[""OPEN_TARGETS""]"
aortic measurement,EFO_0020865,EFO,trait / measurement candidate,ASSOCIATED_WITH,0.008043494892929553,4,,,,,,,"[""OPEN_TARGETS""]"
thymus neoplasm,EFO_0002626,EFO,disease / other candidate,ASSOCIATED_WITH,0.007961366036332952,4,,,,,,,"[""OPEN_TARGETS""]"
thymus gland disorder,MONDO_0003393,MONDO,disease / other candidate,ASSOCIATED_WITH,0.007961366036332952,4,,,,,,,"[""OPEN_TARGETS""]"
nephrotic syndrome,EFO_0004255,EFO,disease / other candidate,ASSOCIATED_WITH,0.00794596687572109,2,,,,,,,"[""OPEN_TARGETS""]"
neuromyelitis optica,EFO_0004256,EFO,disease / other candidate,ASSOCIATED_WITH,0.00794596687572109,2,,,,,,,"[""OPEN_TARGETS""]"
septic shock,EFO_0006834,EFO,disease / other candidate,ASSOCIATED_WITH,0.00794596687572109,2,,,,,,,"[""OPEN_TARGETS""]"
Lyme disease,EFO_0008510,EFO,disease / other candidate,ASSOCIATED_WITH,0.00794596687572109,2,,,,,,,"[""OPEN_TARGETS""]"
hypoxia,EFO_0009444,EFO,disease / other candidate,ASSOCIATED_WITH,0.00794596687572109,2,,,,,,,"[""OPEN_TARGETS""]"
Borrelia infectious disease,EFO_1000842,EFO,disease / other candidate,ASSOCIATED_WITH,0.00794596687572109,2,,,,,,,"[""OPEN_TARGETS""]"
benign reproductive system neoplasm,MONDO_0000383,MONDO,disease / other candidate,ASSOCIATED_WITH,0.00794596687572109,2,,,,,,,"[""OPEN_TARGETS""]"
tick-borne infectious disease,MONDO_0025294,MONDO,disease / other candidate,ASSOCIATED_WITH,0.00794596687572109,2,,,,,,,"[""OPEN_TARGETS""]"
autoimmune/inflammatory optic neuropathy,MONDO_0044685,MONDO,disease / other candidate,ASSOCIATED_WITH,0.00794596687572109,2,,,,,,,"[""OPEN_TARGETS""]"
urinary tract infection,EFO_0003103,EFO,disease / other candidate,ASSOCIATED_WITH,0.00792543466157194,3,,,,,,,"[""OPEN_TARGETS""]"
tumor of cranial and spinal nerves,MONDO_0016749,MONDO,disease / other candidate,ASSOCIATED_WITH,0.00792543466157194,3,,,,,,,"[""OPEN_TARGETS""]"
hemorrhagic stroke,EFO_0020921,EFO,disease / other candidate,ASSOCIATED_WITH,0.007833039697900761,4,,,,,,,"[""OPEN_TARGETS""]"
Thymoma,EFO_1000581,EFO,disease / other candidate,ASSOCIATED_WITH,0.007822773590826186,3,,,,,,,"[""OPEN_TARGETS""]"
thymic epithelial neoplasm,MONDO_0018079,MONDO,disease / other candidate,ASSOCIATED_WITH,0.007822773590826186,3,,,,,,,"[""OPEN_TARGETS""]"
pregnancy,EFO_0002950,EFO,disease / other candidate,ASSOCIATED_WITH,0.007761176948378739,2,,,,,,,"[""OPEN_TARGETS""]"
coronavirus infectious disease,EFO_0007224,EFO,disease / other candidate,ASSOCIATED_WITH,0.007761176948378739,2,,,,,,,"[""OPEN_TARGETS""]"
Herpesviridae infectious disease,EFO_0007309,EFO,disease / other candidate,ASSOCIATED_WITH,0.007761176948378739,2,,,,,,,"[""OPEN_TARGETS""]"
Mycoplasma pneumoniae pneumonia,EFO_0007387,EFO,disease / other candidate,ASSOCIATED_WITH,0.007761176948378739,2,,,,,,,"[""OPEN_TARGETS""]"
uterine corpus cancer,EFO_0007532,EFO,disease / other candidate,ASSOCIATED_WITH,0.007761176948378739,2,,,,,,,"[""OPEN_TARGETS""]"
viral encephalitis,EFO_0007538,EFO,disease / other candidate,ASSOCIATED_WITH,0.007761176948378739,2,,,,,,,"[""OPEN_TARGETS""]"
hemangioma,EFO_1000635,EFO,disease / other candidate,ASSOCIATED_WITH,0.007761176948378739,2,,,,,,,"[""OPEN_TARGETS""]"
thrombotic disease,MONDO_0000831,MONDO,disease / other candidate,ASSOCIATED_WITH,0.007761176948378739,2,,,,,,,"[""OPEN_TARGETS""]"
capillary hemangioma,MONDO_0002407,MONDO,disease / other candidate,ASSOCIATED_WITH,0.007761176948378739,2,,,,,,,"[""OPEN_TARGETS""]"
bacterial urinary tract infection,MONDO_0005247,MONDO,disease / other candidate,ASSOCIATED_WITH,0.007761176948378739,2,,,,,,,"[""OPEN_TARGETS""]"
hemangioblastoma,MONDO_0016748,MONDO,disease / other candidate,ASSOCIATED_WITH,0.007761176948378739,2,,,,,,,"[""OPEN_TARGETS""]"
infectious encephalitis,MONDO_0020067,MONDO,disease / other candidate,ASSOCIATED_WITH,0.007761176948378739,2,,,,,,,"[""OPEN_TARGETS""]"
corpus uteri neoplasm,MONDO_0021254,MONDO,disease / other candidate,ASSOCIATED_WITH,0.007761176948378739,2,,,,,,,"[""OPEN_TARGETS""]"
benign blood vessel neoplasm,MONDO_0024286,MONDO,disease / other candidate,ASSOCIATED_WITH,0.007761176948378739,2,,,,,,,"[""OPEN_TARGETS""]"
Mycoplasmoides infection,MONDO_1030003,MONDO,disease / other candidate,ASSOCIATED_WITH,0.007761176948378739,2,,,,,,,"[""OPEN_TARGETS""]"
anaphylaxis,MONDO_0100053,MONDO,disease / other candidate,ASSOCIATED_WITH,0.007691983386696101,6,,,,,,,"[""OPEN_TARGETS""]"
large cell medulloblastoma,EFO_0008508,EFO,disease / other candidate,ASSOCIATED_WITH,0.0076569220886125115,1,,,,,,,"[""OPEN_TARGETS""]"
familial hyperaldosteronism,MONDO_0016525,MONDO,disease / other candidate,ASSOCIATED_WITH,0.007576387021036387,2,,,,,,,"[""OPEN_TARGETS""]"
autoimmune thyroid disease,EFO_0006812,EFO,disease / other candidate,ASSOCIATED_WITH,0.007523285698625888,24,,,,,,,"[""OPEN_TARGETS""]"
Hashimoto's thyroiditis,EFO_0003779,EFO,disease / other candidate,ASSOCIATED_WITH,0.007422702128861188,22,,,,,,,"[""OPEN_TARGETS""]"
bronchoalveolar adenocarcinoma,EFO_0000308,EFO,disease / other candidate,ASSOCIATED_WITH,0.007391597093694037,1,,,,,,,"[""OPEN_TARGETS""]"
endocarditis,EFO_0000465,EFO,disease / other candidate,ASSOCIATED_WITH,0.007391597093694037,1,,,,,,,"[""OPEN_TARGETS""]"
infectious meningitis,EFO_0000584,EFO,disease / other candidate,ASSOCIATED_WITH,0.007391597093694037,1,,,,,,,"[""OPEN_TARGETS""]"
malignant peripheral nerve sheath tumor,EFO_0000760,EFO,disease / other candidate,ASSOCIATED_WITH,0.007391597093694037,1,,,,,,,"[""OPEN_TARGETS""]"
pain,EFO_0003843,EFO,disease / other candidate,ASSOCIATED_WITH,0.007391597093694037,1,,,,,,,"[""OPEN_TARGETS""]"
aphthous ulcer,EFO_0003938,EFO,disease / other candidate,ASSOCIATED_WITH,0.007391597093694037,1,,,,,,,"[""OPEN_TARGETS""]"
albuminuria,EFO_0004285,EFO,disease / other candidate,ASSOCIATED_WITH,0.007391597093694037,1,,,,,,,"[""OPEN_TARGETS""]"
embryonal carcinoma,EFO_0004986,EFO,disease / other candidate,ASSOCIATED_WITH,0.007391597093694037,1,,,,,,,"[""OPEN_TARGETS""]"
hemolytic anemia,EFO_0005558,EFO,disease / other candidate,ASSOCIATED_WITH,0.007391597093694037,1,,,,,,,"[""OPEN_TARGETS""]"
aspergillosis,EFO_0007157,EFO,disease / other candidate,ASSOCIATED_WITH,0.007391597093694037,1,,,,,,,"[""OPEN_TARGETS""]"
Non-ST Elevation Myocardial Infarction,EFO_0008586,EFO,disease / other candidate,ASSOCIATED_WITH,0.007391597093694037,1,,,,,,,"[""OPEN_TARGETS""]"
necrosis,EFO_0009426,EFO,disease / other candidate,ASSOCIATED_WITH,0.007391597093694037,1,,,,,,,"[""OPEN_TARGETS""]"
asphyxia,EFO_0009446,EFO,disease / other candidate,ASSOCIATED_WITH,0.007391597093694037,1,,,,,,,"[""OPEN_TARGETS""]"
uterine inflammatory disease,EFO_0009572,EFO,disease / other candidate,ASSOCIATED_WITH,0.007391597093694037,1,,,,,,,"[""OPEN_TARGETS""]"
stomatitis,EFO_0009688,EFO,disease / other candidate,ASSOCIATED_WITH,0.007391597093694037,1,,,,,,,"[""OPEN_TARGETS""]"
neurotoxicity,EFO_0011057,EFO,disease / other candidate,ASSOCIATED_WITH,0.007391597093694037,1,,,,,,,"[""OPEN_TARGETS""]"
Benign Brain Neoplasm,EFO_1000107,EFO,disease / other candidate,ASSOCIATED_WITH,0.007391597093694037,1,,,,,,,"[""OPEN_TARGETS""]"
Endometrial Serous Adenocarcinoma,EFO_1000238,EFO,disease / other candidate,ASSOCIATED_WITH,0.007391597093694037,1,,,,,,,"[""OPEN_TARGETS""]"
Prolactin-Producing Pituitary Gland Adenoma,EFO_1000496,EFO,disease / other candidate,ASSOCIATED_WITH,0.007391597093694037,1,,,,,,,"[""OPEN_TARGETS""]"
bacterial meningitis,EFO_1000831,EFO,disease / other candidate,ASSOCIATED_WITH,0.007391597093694037,1,,,,,,,"[""OPEN_TARGETS""]"
pneumococcal meningitis,EFO_1001114,EFO,disease / other candidate,ASSOCIATED_WITH,0.007391597093694037,1,,,,,,,"[""OPEN_TARGETS""]"
pyelitis,EFO_1001140,EFO,disease / other candidate,ASSOCIATED_WITH,0.007391597093694037,1,,,,,,,"[""OPEN_TARGETS""]"
pyelonephritis,EFO_1001141,EFO,disease / other candidate,ASSOCIATED_WITH,0.007391597093694037,1,,,,,,,"[""OPEN_TARGETS""]"
pulmonary aspergillosis,EFO_1001834,EFO,disease / other candidate,ASSOCIATED_WITH,0.007391597093694037,1,,,,,,,"[""OPEN_TARGETS""]"
electroclinical syndrome,MONDO_0000411,MONDO,disease / other candidate,ASSOCIATED_WITH,0.007391597093694037,1,,,,,,,"[""OPEN_TARGETS""]"
neonatal period electroclinical syndrome,MONDO_0000412,MONDO,disease / other candidate,ASSOCIATED_WITH,0.007391597093694037,1,,,,,,,"[""OPEN_TARGETS""]"
endocardium disorder,MONDO_0000470,MONDO,disease / other candidate,ASSOCIATED_WITH,0.007391597093694037,1,,,,,,,"[""OPEN_TARGETS""]"
infective endocarditis,MONDO_0000565,MONDO,disease / other candidate,ASSOCIATED_WITH,0.007391597093694037,1,,,,,,,"[""OPEN_TARGETS""]"
benign female reproductive system neoplasm,MONDO_0000624,MONDO,disease / other candidate,ASSOCIATED_WITH,0.007391597093694037,1,,,,,,,"[""OPEN_TARGETS""]"
mucinous bronchioloalveolar adenocarcinoma,MONDO_0000894,MONDO,disease / other candidate,ASSOCIATED_WITH,0.007391597093694037,1,,,,,,,"[""OPEN_TARGETS""]"
streptococcal meningitis,MONDO_0001316,MONDO,disease / other candidate,ASSOCIATED_WITH,0.007391597093694037,1,,,,,,,"[""OPEN_TARGETS""]"
major depressive disorder,MONDO_0002009,MONDO,disease / other candidate,ASSOCIATED_WITH,0.007391597093694037,1,,,,,,,"[""OPEN_TARGETS""]"
central nervous system sarcoma,MONDO_0002217,MONDO,disease / other candidate,ASSOCIATED_WITH,0.007391597093694037,1,,,,,,,"[""OPEN_TARGETS""]"
pharyngitis,MONDO_0002258,MONDO,disease / other candidate,ASSOCIATED_WITH,0.007391597093694037,1,,,,,,,"[""OPEN_TARGETS""]"
intracranial hemangioma,MONDO_0002328,MONDO,disease / other candidate,ASSOCIATED_WITH,0.007391597093694037,1,,,,,,,"[""OPEN_TARGETS""]"
teratocarcinoma,MONDO_0002599,MONDO,disease / other candidate,ASSOCIATED_WITH,0.007391597093694037,1,,,,,,,"[""OPEN_TARGETS""]"
extragonadal germ cell cancer,MONDO_0003113,MONDO,disease / other candidate,ASSOCIATED_WITH,0.007391597093694037,1,,,,,,,"[""OPEN_TARGETS""]"
central nervous system hemangioma,MONDO_0003241,MONDO,disease / other candidate,ASSOCIATED_WITH,0.007391597093694037,1,,,,,,,"[""OPEN_TARGETS""]"
prolactin producing pituitary tumor,MONDO_0003430,MONDO,disease / other candidate,ASSOCIATED_WITH,0.007391597093694037,1,,,,,,,"[""OPEN_TARGETS""]"
extragonadal nonseminomatous germ cell tumor,MONDO_0003578,MONDO,disease / other candidate,ASSOCIATED_WITH,0.007391597093694037,1,,,,,,,"[""OPEN_TARGETS""]"
cerebellar hemangioblastoma,MONDO_0003901,MONDO,disease / other candidate,ASSOCIATED_WITH,0.007391597093694037,1,,,,,,,"[""OPEN_TARGETS""]"
Hailey-Hailey disease,MONDO_0008218,MONDO,disease / other candidate,ASSOCIATED_WITH,0.007391597093694037,1,,,,,,,"[""OPEN_TARGETS""]"
mixed germ cell tumor,MONDO_0015864,MONDO,disease / other candidate,ASSOCIATED_WITH,0.007391597093694037,1,,,,,,,"[""OPEN_TARGETS""]"
early myoclonic encephalopathy,MONDO_0016022,MONDO,disease / other candidate,ASSOCIATED_WITH,0.007391597093694037,1,,,,,,,"[""OPEN_TARGETS""]"
familial isolated pituitary adenoma,MONDO_0017824,MONDO,disease / other candidate,ASSOCIATED_WITH,0.007391597093694037,1,,,,,,,"[""OPEN_TARGETS""]"
extragonadal germ cell tumor,MONDO_0018201,MONDO,disease / other candidate,ASSOCIATED_WITH,0.007391597093694037,1,,,,,,,"[""OPEN_TARGETS""]"
left ventricular noncompaction,MONDO_0018901,MONDO,disease / other candidate,ASSOCIATED_WITH,0.007391597093694037,1,,,,,,,"[""OPEN_TARGETS""]"
extragonadal non-dysgerminomatous germ cell tumor,MONDO_0020539,MONDO,disease / other candidate,ASSOCIATED_WITH,0.007391597093694037,1,,,,,,,"[""OPEN_TARGETS""]"
acute graft versus host disease,MONDO_0020546,MONDO,disease / other candidate,ASSOCIATED_WITH,0.007391597093694037,1,,,,,,,"[""OPEN_TARGETS""]"
meningitis,MONDO_0021108,MONDO,disease / other candidate,ASSOCIATED_WITH,0.007391597093694037,1,,,,,,,"[""OPEN_TARGETS""]"
benign neoplasm of salivary gland,MONDO_0021460,MONDO,disease / other candidate,ASSOCIATED_WITH,0.007391597093694037,1,,,,,,,"[""OPEN_TARGETS""]"
benign neoplasm of cerebellum,MONDO_0021499,MONDO,disease / other candidate,ASSOCIATED_WITH,0.007391597093694037,1,,,,,,,"[""OPEN_TARGETS""]"
lung colloid adenocarcinoma,MONDO_0027772,MONDO,disease / other candidate,ASSOCIATED_WITH,0.007391597093694037,1,,,,,,,"[""OPEN_TARGETS""]"
mouth mucosa disorder,MONDO_0044992,MONDO,disease / other candidate,ASSOCIATED_WITH,0.007391597093694037,1,,,,,,,"[""OPEN_TARGETS""]"
neonatal/infantile epilepsy syndrome,MONDO_0100022,MONDO,disease / other candidate,ASSOCIATED_WITH,0.007391597093694037,1,,,,,,,"[""OPEN_TARGETS""]"
chronic liver failure,MONDO_0100193,MONDO,disease / other candidate,ASSOCIATED_WITH,0.007391597093694037,1,,,,,,,"[""OPEN_TARGETS""]"
corneal dystrophy,MONDO_0018102,MONDO,disease / other candidate,ASSOCIATED_WITH,0.007281339103713099,5,,,,,,,"[""OPEN_TARGETS""]"
Leishmaniasis,EFO_0005044,EFO,disease / other candidate,ASSOCIATED_WITH,0.007216650058399923,7,,,,,,,"[""OPEN_TARGETS""]"
malnutrition,EFO_0008572,EFO,disease / other candidate,ASSOCIATED_WITH,0.007206807166351685,2,,,,,,,"[""OPEN_TARGETS""]"
psoriasis vulgaris,EFO_1001494,EFO,disease / other candidate,ASSOCIATED_WITH,0.007186274952202536,3,,,,,,,"[""OPEN_TARGETS""]"
transient ischemic attack,EFO_0003764,EFO,disease / other candidate,ASSOCIATED_WITH,0.007022017239009334,2,,,,,,,"[""OPEN_TARGETS""]"
Primary Effusion Lymphoma,EFO_1000491,EFO,disease / other candidate,ASSOCIATED_WITH,0.007022017239009334,2,,,,,,,"[""OPEN_TARGETS""]"
leprosy,EFO_0001054,EFO,disease / other candidate,ASSOCIATED_WITH,0.007001485024860184,3,,,,,,,"[""OPEN_TARGETS""]"
Mycobacterium infection,EFO_0009429,EFO,disease / other candidate,ASSOCIATED_WITH,0.007001485024860184,3,,,,,,,"[""OPEN_TARGETS""]"
synovial sarcoma,EFO_0001376,EFO,disease / other candidate,ASSOCIATED_WITH,0.006968222837938561,5,,,,,,,"[""OPEN_TARGETS""]"
infarction,EFO_0009463,EFO,disease / other candidate,ASSOCIATED_WITH,0.006896120230399014,11,,,,,,,"[""OPEN_TARGETS""]"
platelet crit,EFO_0007985,EFO,disease / other candidate,ASSOCIATED_WITH,0.0068372273116669826,2,,,,,,,"[""OPEN_TARGETS""]"
epithelial-stromal TGFBI dystrophy,MONDO_0000764,MONDO,disease / other candidate,ASSOCIATED_WITH,0.006806428990443257,4,,,,,,,"[""OPEN_TARGETS""]"
stromal corneal dystrophy,MONDO_0020213,MONDO,disease / other candidate,ASSOCIATED_WITH,0.006806428990443257,4,,,,,,,"[""OPEN_TARGETS""]"
Down syndrome,EFO_0001064,EFO,disease / other candidate,ASSOCIATED_WITH,0.006652437384324633,1,,,,,,,"[""OPEN_TARGETS""]"
bacterial vaginosis,EFO_0003932,EFO,disease / other candidate,ASSOCIATED_WITH,0.006652437384324633,1,,,,,,,"[""OPEN_TARGETS""]"
proliferative diabetic retinopathy,EFO_0009322,EFO,disease / other candidate,ASSOCIATED_WITH,0.006652437384324633,1,,,,,,,"[""OPEN_TARGETS""]"
commensal Bifidobacteriales infectious disease,EFO_1000873,EFO,disease / other candidate,ASSOCIATED_WITH,0.006652437384324633,1,,,,,,,"[""OPEN_TARGETS""]"
vaginal disorder,MONDO_0001433,MONDO,disease / other candidate,ASSOCIATED_WITH,0.006652437384324633,1,,,,,,,"[""OPEN_TARGETS""]"
vaginitis,MONDO_0002234,MONDO,disease / other candidate,ASSOCIATED_WITH,0.006652437384324633,1,,,,,,,"[""OPEN_TARGETS""]"
infective vaginitis,MONDO_0023557,MONDO,disease / other candidate,ASSOCIATED_WITH,0.006652437384324633,1,,,,,,,"[""OPEN_TARGETS""]"
chromosome 21 disorder,MONDO_0700124,MONDO,disease / other candidate,ASSOCIATED_WITH,0.006652437384324633,1,,,,,,,"[""OPEN_TARGETS""]"
dermatomyositis,EFO_0000398,EFO,disease / other candidate,ASSOCIATED_WITH,0.006515530144614871,8,,,,,,,"[""OPEN_TARGETS""]"
memory impairment,EFO_0001072,EFO,disease / other candidate,ASSOCIATED_WITH,0.006319597622223554,7,,,,,,,"[""OPEN_TARGETS""]"
lattice corneal dystrophy,MONDO_0004686,MONDO,disease / other candidate,ASSOCIATED_WITH,0.006282857529639931,2,,,,,,,"[""OPEN_TARGETS""]"
lattice corneal dystrophy type I,MONDO_0007380,MONDO,disease / other candidate,ASSOCIATED_WITH,0.006282857529639931,2,,,,,,,"[""OPEN_TARGETS""]"
polymyositis,EFO_0003063,EFO,disease / other candidate,ASSOCIATED_WITH,0.0061504920251340255,9,,,,,,,"[""OPEN_TARGETS""]"
MALT lymphoma,EFO_0000191,EFO,disease / other candidate,ASSOCIATED_WITH,0.006093036893130141,3,,,,,,,"[""OPEN_TARGETS""]"
childhood-onset epilepsy syndrome,MONDO_0020072,MONDO,disease / other candidate,ASSOCIATED_WITH,0.006067269281073855,4,,,,,,,"[""OPEN_TARGETS""]"
adolescent-onset epilepsy syndrome,MONDO_0020073,MONDO,disease / other candidate,ASSOCIATED_WITH,0.006067269281073855,4,,,,,,,"[""OPEN_TARGETS""]"
partial epilepsy,EFO_0004263,EFO,disease / other candidate,ASSOCIATED_WITH,0.0059851404244772545,4,,,,,,,"[""OPEN_TARGETS""]"
Cutaneous T-cell lymphoma,EFO_0002913,EFO,disease / other candidate,ASSOCIATED_WITH,0.00593134602340648,5,,,,,,,"[""OPEN_TARGETS""]"
primary cutaneous lymphoma,MONDO_0018898,MONDO,disease / other candidate,ASSOCIATED_WITH,0.00593134602340648,5,,,,,,,"[""OPEN_TARGETS""]"
agnosia,EFO_0007136,EFO,disease / other candidate,ASSOCIATED_WITH,0.0059132776749552295,1,,,,,,,"[""OPEN_TARGETS""]"
Hyperplastic Polyp,EFO_1000299,EFO,disease / other candidate,ASSOCIATED_WITH,0.0059132776749552295,1,,,,,,,"[""OPEN_TARGETS""]"
alexithymia,MONDO_0000661,MONDO,disease / other candidate,ASSOCIATED_WITH,0.0059132776749552295,1,,,,,,,"[""OPEN_TARGETS""]"
microcytic anemia,MONDO_0001245,MONDO,disease / other candidate,ASSOCIATED_WITH,0.0059132776749552295,1,,,,,,,"[""OPEN_TARGETS""]"
spleen cancer,EFO_0007491,EFO,disease / other candidate,ASSOCIATED_WITH,0.005790084390060329,3,,,,,,,"[""OPEN_TARGETS""]"
splenic disease,EFO_0009002,EFO,disease / other candidate,ASSOCIATED_WITH,0.005790084390060329,3,,,,,,,"[""OPEN_TARGETS""]"
cardiac arrest,EFO_0009492,EFO,disease / other candidate,ASSOCIATED_WITH,0.005790084390060329,3,,,,,,,"[""OPEN_TARGETS""]"
marginal zone B-cell lymphoma,EFO_1000630,EFO,disease / other candidate,ASSOCIATED_WITH,0.005790084390060329,3,,,,,,,"[""OPEN_TARGETS""]"
gastrointestinal lymphoma,MONDO_0004699,MONDO,disease / other candidate,ASSOCIATED_WITH,0.005790084390060329,3,,,,,,,"[""OPEN_TARGETS""]"
spleen neoplasm,MONDO_0036696,MONDO,disease / other candidate,ASSOCIATED_WITH,0.005790084390060329,3,,,,,,,"[""OPEN_TARGETS""]"
multinodular goiter,MONDO_0000334,MONDO,disease / other candidate,ASSOCIATED_WITH,0.0057308135679253955,9,,,,,,,"[""OPEN_TARGETS""]"
autoimmune disorder of cardiovascular system,MONDO_0000603,MONDO,disease / other candidate,ASSOCIATED_WITH,0.00572848774761288,2,,,,,,,"[""OPEN_TARGETS""]"
autoimmune myocarditis,MONDO_0022519,MONDO,disease / other candidate,ASSOCIATED_WITH,0.00572848774761288,2,,,,,,,"[""OPEN_TARGETS""]"
autoimmune cardiomyopathy,MONDO_0030701,MONDO,disease / other candidate,ASSOCIATED_WITH,0.00572848774761288,2,,,,,,,"[""OPEN_TARGETS""]"
acute basophilic leukemia,EFO_0003029,EFO,disease / other candidate,ASSOCIATED_WITH,0.005643266488150548,7,,,,,,,"[""OPEN_TARGETS""]"
hyperthyroidism,EFO_0009189,EFO,disease / other candidate,ASSOCIATED_WITH,0.005615560569792552,4,,,,,,,"[""OPEN_TARGETS""]"
temporal lobe epilepsy,EFO_0000773,EFO,disease / other candidate,ASSOCIATED_WITH,0.005543697820270527,2,,,,,,,"[""OPEN_TARGETS""]"
familial partial epilepsy,MONDO_0017704,MONDO,disease / other candidate,ASSOCIATED_WITH,0.005543697820270527,2,,,,,,,"[""OPEN_TARGETS""]"
adolescent/adult-onset epilepsy syndrome,MONDO_0100030,MONDO,disease / other candidate,ASSOCIATED_WITH,0.005543697820270527,2,,,,,,,"[""OPEN_TARGETS""]"
Wilson disease,MONDO_0010200,MONDO,disease / other candidate,ASSOCIATED_WITH,0.005471411855722162,7,,,,,,,"[""OPEN_TARGETS""]"
disorder of copper metabolism,MONDO_0017762,MONDO,disease / other candidate,ASSOCIATED_WITH,0.005471411855722162,7,,,,,,,"[""OPEN_TARGETS""]"
symphalangism,MONDO_0000151,MONDO,disease / other candidate,ASSOCIATED_WITH,0.005358907892928176,2,,,,,,,"[""OPEN_TARGETS""]"
angiomyolipoma,MONDO_0002603,MONDO,disease / other candidate,ASSOCIATED_WITH,0.005358907892928176,2,,,,,,,"[""OPEN_TARGETS""]"
tarsal-carpal coalition syndrome,MONDO_0008521,MONDO,disease / other candidate,ASSOCIATED_WITH,0.005358907892928176,2,,,,,,,"[""OPEN_TARGETS""]"
NOG-related symphalangism spectrum disorder,MONDO_0100521,MONDO,disease / other candidate,ASSOCIATED_WITH,0.005358907892928176,2,,,,,,,"[""OPEN_TARGETS""]"
ovarian mucinous neoplasm,MONDO_0003756,MONDO,disease / other candidate,ASSOCIATED_WITH,0.005338375678779025,3,,,,,,,"[""OPEN_TARGETS""]"
laryngotracheoesophageal cleft,MONDO_0016060,MONDO,disease / other candidate,ASSOCIATED_WITH,0.005245980715107851,4,,,,,,,"[""OPEN_TARGETS""]"
pulmonary function measurement,EFO_0003892,EFO,trait / measurement candidate,ASSOCIATED_WITH,0.0051741179655858255,1,,,,,,,"[""OPEN_TARGETS""]"
cutaneous Leishmaniasis,EFO_0005046,EFO,disease / other candidate,ASSOCIATED_WITH,0.0051741179655858255,1,,,,,,,"[""OPEN_TARGETS""]"
congenital toxoplasmosis,EFO_0007220,EFO,disease / other candidate,ASSOCIATED_WITH,0.0051741179655858255,1,,,,,,,"[""OPEN_TARGETS""]"
peak expiratory flow,EFO_0009718,EFO,disease / other candidate,ASSOCIATED_WITH,0.0051741179655858255,1,,,,,,,"[""OPEN_TARGETS""]"
Aortic Coarctation,EFO_1001267,EFO,disease / other candidate,ASSOCIATED_WITH,0.0051741179655858255,1,,,,,,,"[""OPEN_TARGETS""]"
monocytic leukemia,MONDO_0004600,MONDO,disease / other candidate,ASSOCIATED_WITH,0.0051741179655858255,1,,,,,,,"[""OPEN_TARGETS""]"
parasitic skin disorder,MONDO_0024610,MONDO,disease / other candidate,ASSOCIATED_WITH,0.0051741179655858255,1,,,,,,,"[""OPEN_TARGETS""]"
systemic inflammatory response syndrome,EFO_1001478,EFO,disease / other candidate,ASSOCIATED_WITH,0.005174117965585825,2,,,,,,,"[""OPEN_TARGETS""]"
emphysema,EFO_0000464,EFO,disease / other candidate,ASSOCIATED_WITH,0.0051535857514366755,3,,,,,,,"[""OPEN_TARGETS""]"
bone carcinoma,MONDO_0002415,MONDO,disease / other candidate,ASSOCIATED_WITH,0.0051535857514366755,3,,,,,,,"[""OPEN_TARGETS""]"
Mungan syndrome,MONDO_0012657,MONDO,disease / other candidate,ASSOCIATED_WITH,0.0051535857514366755,3,,,,,,,"[""OPEN_TARGETS""]"
leukodystrophy,MONDO_0019046,MONDO,disease / other candidate,ASSOCIATED_WITH,0.0051535857514366755,3,,,,,,,"[""OPEN_TARGETS""]"
chondrosarcoma,EFO_0000333,EFO,disease / other candidate,ASSOCIATED_WITH,0.005063859975604889,5,,,,,,,"[""OPEN_TARGETS""]"
dysembryoplastic neuroepithelial tumor,EFO_0005551,EFO,disease / other candidate,ASSOCIATED_WITH,0.004989328038243475,2,,,,,,,"[""OPEN_TARGETS""]"
dysplasia,EFO_0008501,EFO,disease / other candidate,ASSOCIATED_WITH,0.004989328038243475,2,,,,,,,"[""OPEN_TARGETS""]"
lipoid nephrosis,EFO_1001020,EFO,disease / other candidate,ASSOCIATED_WITH,0.004989328038243475,2,,,,,,,"[""OPEN_TARGETS""]"
retinal ischemia,MONDO_0001538,MONDO,disease / other candidate,ASSOCIATED_WITH,0.004968795824094324,3,,,,,,,"[""OPEN_TARGETS""]"
Histiocytic and Dendritic Cell Neoplasm,EFO_1000297,EFO,disease / other candidate,ASSOCIATED_WITH,0.004879070048262538,5,,,,,,,"[""OPEN_TARGETS""]"
inborn disorder of amino acid transport,MONDO_0019216,MONDO,disease / other candidate,ASSOCIATED_WITH,0.004866134753348573,3,,,,,,,"[""OPEN_TARGETS""]"
choriocarcinoma,EFO_0002893,EFO,disease / other candidate,ASSOCIATED_WITH,0.004804538110901123,2,,,,,,,"[""OPEN_TARGETS""]"
medulloblastoma,EFO_0002939,EFO,disease / other candidate,ASSOCIATED_WITH,0.004804538110901123,2,,,,,,,"[""OPEN_TARGETS""]"
Graves disease,EFO_0004237,EFO,disease / other candidate,ASSOCIATED_WITH,0.004804538110901123,2,,,,,,,"[""OPEN_TARGETS""]"
retinal detachment,EFO_0005773,EFO,disease / other candidate,ASSOCIATED_WITH,0.004804538110901123,2,,,,,,,"[""OPEN_TARGETS""]"
primary progressive multiple sclerosis,EFO_0008520,EFO,disease / other candidate,ASSOCIATED_WITH,0.004804538110901123,2,,,,,,,"[""OPEN_TARGETS""]"
Central precocious puberty,EFO_0009029,EFO,disease / other candidate,ASSOCIATED_WITH,0.004804538110901123,2,,,,,,,"[""OPEN_TARGETS""]"
hematoma,EFO_0010680,EFO,disease / other candidate,ASSOCIATED_WITH,0.004804538110901123,2,,,,,,,"[""OPEN_TARGETS""]"
precocious puberty,MONDO_0000088,MONDO,disease / other candidate,ASSOCIATED_WITH,0.004804538110901123,2,,,,,,,"[""OPEN_TARGETS""]"
toxic diffuse goiter,MONDO_0001104,MONDO,disease / other candidate,ASSOCIATED_WITH,0.004804538110901123,2,,,,,,,"[""OPEN_TARGETS""]"
childhood leukemia,MONDO_0004355,MONDO,disease / other candidate,ASSOCIATED_WITH,0.004804538110901123,2,,,,,,,"[""OPEN_TARGETS""]"
precocious puberty in female,MONDO_0018561,MONDO,disease / other candidate,ASSOCIATED_WITH,0.004804538110901123,2,,,,,,,"[""OPEN_TARGETS""]"
metachromatic leukodystrophy,MONDO_0018868,MONDO,disease / other candidate,ASSOCIATED_WITH,0.004804538110901123,2,,,,,,,"[""OPEN_TARGETS""]"
familial long QT syndrome,MONDO_0019171,MONDO,disease / other candidate,ASSOCIATED_WITH,0.004773739789677399,4,,,,,,,"[""OPEN_TARGETS""]"
bacteriemia,EFO_0003033,EFO,disease / other candidate,ASSOCIATED_WITH,0.004735344549218488,6,,,,,,,"[""OPEN_TARGETS""]"
calcification,EFO_0003837,EFO,disease / other candidate,ASSOCIATED_WITH,0.004735344549218488,6,,,,,,,"[""OPEN_TARGETS""]"
infectious disease with sepsis,MONDO_1040015,MONDO,disease / other candidate,ASSOCIATED_WITH,0.004735344549218488,6,,,,,,,"[""OPEN_TARGETS""]"
Cowden syndrome 1,MONDO_0008021,MONDO,disease / other candidate,ASSOCIATED_WITH,0.004694280120920187,5,,,,,,,"[""OPEN_TARGETS""]"
Cowden disease,MONDO_0016063,MONDO,disease / other candidate,ASSOCIATED_WITH,0.004694280120920187,5,,,,,,,"[""OPEN_TARGETS""]"
coronary artery calcification,EFO_0004723,EFO,disease / other candidate,ASSOCIATED_WITH,0.004619748183558772,2,,,,,,,"[""OPEN_TARGETS""]"
coronary aneurysm,EFO_1000881,EFO,disease / other candidate,ASSOCIATED_WITH,0.004619748183558772,2,,,,,,,"[""OPEN_TARGETS""]"
retinitis pigmentosa,MONDO_0019200,MONDO,disease / other candidate,ASSOCIATED_WITH,0.004619748183558772,2,,,,,,,"[""OPEN_TARGETS""]"
mycosis fungoides,EFO_1001051,EFO,disease / other candidate,ASSOCIATED_WITH,0.004599215969409622,3,,,,,,,"[""OPEN_TARGETS""]"
primary cutaneous T-cell lymphoma,MONDO_0015758,MONDO,disease / other candidate,ASSOCIATED_WITH,0.004599215969409622,3,,,,,,,"[""OPEN_TARGETS""]"
indolent primary cutaneous T-cell lymphoma,MONDO_0015816,MONDO,disease / other candidate,ASSOCIATED_WITH,0.004599215969409622,3,,,,,,,"[""OPEN_TARGETS""]"
mycosis fungoides and variants,MONDO_0015821,MONDO,disease / other candidate,ASSOCIATED_WITH,0.004599215969409622,3,,,,,,,"[""OPEN_TARGETS""]"
histiocytic sarcoma,MONDO_0019479,MONDO,disease / other candidate,ASSOCIATED_WITH,0.004588949862335047,4,,,,,,,"[""OPEN_TARGETS""]"
inherited vitreoretinopathy,MONDO_0020246,MONDO,disease / other candidate,ASSOCIATED_WITH,0.004434958256216422,2,,,,,,,"[""OPEN_TARGETS""]"
ganglioneuroblastoma,EFO_0000502,EFO,disease / other candidate,ASSOCIATED_WITH,0.004434958256216421,1,,,,,,,"[""OPEN_TARGETS""]"
spondyloarthropathy,EFO_0000706,EFO,disease / other candidate,ASSOCIATED_WITH,0.004434958256216421,1,,,,,,,"[""OPEN_TARGETS""]"
vulvar intraepithelial neoplasia,EFO_0002627,EFO,disease / other candidate,ASSOCIATED_WITH,0.004434958256216421,1,,,,,,,"[""OPEN_TARGETS""]"
breast fibrocystic disease,EFO_0003014,EFO,disease / other candidate,ASSOCIATED_WITH,0.004434958256216421,1,,,,,,,"[""OPEN_TARGETS""]"
ankylosing spondylitis,EFO_0003898,EFO,disease / other candidate,ASSOCIATED_WITH,0.004434958256216421,1,,,,,,,"[""OPEN_TARGETS""]"
Hypertriglyceridemia,EFO_0004211,EFO,disease / other candidate,ASSOCIATED_WITH,0.004434958256216421,1,,,,,,,"[""OPEN_TARGETS""]"
membranous glomerulonephritis,EFO_0004254,EFO,disease / other candidate,ASSOCIATED_WITH,0.004434958256216421,1,,,,,,,"[""OPEN_TARGETS""]"
rhegmatogenous retinal detachment,EFO_0005240,EFO,disease / other candidate,ASSOCIATED_WITH,0.004434958256216421,1,,,,,,,"[""OPEN_TARGETS""]"
eye allergy,EFO_0005751,EFO,disease / other candidate,ASSOCIATED_WITH,0.004434958256216421,1,,,,,,,"[""OPEN_TARGETS""]"
allergic conjunctivitis,EFO_0007141,EFO,disease / other candidate,ASSOCIATED_WITH,0.004434958256216421,1,,,,,,,"[""OPEN_TARGETS""]"
nodular melanoma,EFO_0008515,EFO,disease / other candidate,ASSOCIATED_WITH,0.004434958256216421,1,,,,,,,"[""OPEN_TARGETS""]"
Mast Cell Neoplasm,EFO_0009000,EFO,disease / other candidate,ASSOCIATED_WITH,0.004434958256216421,1,,,,,,,"[""OPEN_TARGETS""]"
Mastocytosis,EFO_0009001,EFO,disease / other candidate,ASSOCIATED_WITH,0.004434958256216421,1,,,,,,,"[""OPEN_TARGETS""]"
hyperandrogenism,EFO_0009006,EFO,disease / other candidate,ASSOCIATED_WITH,0.004434958256216421,1,,,,,,,"[""OPEN_TARGETS""]"
clostridium difficile infection,EFO_0009130,EFO,disease / other candidate,ASSOCIATED_WITH,0.004434958256216421,1,,,,,,,"[""OPEN_TARGETS""]"
Hydatidiform Mole,EFO_1000298,EFO,disease / other candidate,ASSOCIATED_WITH,0.004434958256216421,1,,,,,,,"[""OPEN_TARGETS""]"
Non-Cutaneous Melanoma,EFO_1000397,EFO,disease / other candidate,ASSOCIATED_WITH,0.004434958256216421,1,,,,,,,"[""OPEN_TARGETS""]"
proliferative vitreoretinopathy,EFO_1001129,EFO,disease / other candidate,ASSOCIATED_WITH,0.004434958256216421,1,,,,,,,"[""OPEN_TARGETS""]"
Tularemia,EFO_1001444,EFO,disease / other candidate,ASSOCIATED_WITH,0.004434958256216421,1,,,,,,,"[""OPEN_TARGETS""]"
mucosal melanoma,MONDO_0000544,MONDO,disease / other candidate,ASSOCIATED_WITH,0.004434958256216421,1,,,,,,,"[""OPEN_TARGETS""]"
acute proliferative glomerulonephritis,MONDO_0001644,MONDO,disease / other candidate,ASSOCIATED_WITH,0.004434958256216421,1,,,,,,,"[""OPEN_TARGETS""]"
crescentic glomerulonephritis,MONDO_0001645,MONDO,disease / other candidate,ASSOCIATED_WITH,0.004434958256216421,1,,,,,,,"[""OPEN_TARGETS""]"
vulvar disease,MONDO_0002187,MONDO,disease / other candidate,ASSOCIATED_WITH,0.004434958256216421,1,,,,,,,"[""OPEN_TARGETS""]"
vulvar squamous neoplasm,MONDO_0002195,MONDO,disease / other candidate,ASSOCIATED_WITH,0.004434958256216421,1,,,,,,,"[""OPEN_TARGETS""]"
chronic conjunctivitis,MONDO_0002314,MONDO,disease / other candidate,ASSOCIATED_WITH,0.004434958256216421,1,,,,,,,"[""OPEN_TARGETS""]"
adamantinoma,MONDO_0002422,MONDO,disease / other candidate,ASSOCIATED_WITH,0.004434958256216421,1,,,,,,,"[""OPEN_TARGETS""]"
proliferative glomerulonephritis,MONDO_0003134,MONDO,disease / other candidate,ASSOCIATED_WITH,0.004434958256216421,1,,,,,,,"[""OPEN_TARGETS""]"
spondylitis,MONDO_0003937,MONDO,disease / other candidate,ASSOCIATED_WITH,0.004434958256216421,1,,,,,,,"[""OPEN_TARGETS""]"
Charlevoix-Saguenay spastic ataxia,MONDO_0010041,MONDO,disease / other candidate,ASSOCIATED_WITH,0.004434958256216421,1,,,,,,,"[""OPEN_TARGETS""]"
orofaciodigital syndrome,MONDO_0015375,MONDO,disease / other candidate,ASSOCIATED_WITH,0.004434958256216421,1,,,,,,,"[""OPEN_TARGETS""]"
oromandibular-limb anomalies syndrome,MONDO_0015498,MONDO,disease / other candidate,ASSOCIATED_WITH,0.004434958256216421,1,,,,,,,"[""OPEN_TARGETS""]"
interstitial lung disease specific to childhood,MONDO_0017014,MONDO,disease / other candidate,ASSOCIATED_WITH,0.004434958256216421,1,,,,,,,"[""OPEN_TARGETS""]"
spastic ataxia,MONDO_0017845,MONDO,disease / other candidate,ASSOCIATED_WITH,0.004434958256216421,1,,,,,,,"[""OPEN_TARGETS""]"
autosomal recessive spastic ataxia,MONDO_0017847,MONDO,disease / other candidate,ASSOCIATED_WITH,0.004434958256216421,1,,,,,,,"[""OPEN_TARGETS""]"
invasive hydatidiform mole,MONDO_0020549,MONDO,disease / other candidate,ASSOCIATED_WITH,0.004434958256216421,1,,,,,,,"[""OPEN_TARGETS""]"
vulvar neoplasm,MONDO_0021049,MONDO,disease / other candidate,ASSOCIATED_WITH,0.004434958256216421,1,,,,,,,"[""OPEN_TARGETS""]"
placenta neoplasm,MONDO_0021218,MONDO,disease / other candidate,ASSOCIATED_WITH,0.004434958256216421,1,,,,,,,"[""OPEN_TARGETS""]"
vertebral disorder,MONDO_0045002,MONDO,disease / other candidate,ASSOCIATED_WITH,0.004434958256216421,1,,,,,,,"[""OPEN_TARGETS""]"
Beta-thalassemia,Orphanet_848,Orphanet,disease / other candidate,ASSOCIATED_WITH,0.004434958256216421,1,,,,,,,"[""OPEN_TARGETS""]"
Hematological disorder with renal involvement,Orphanet_93614,Orphanet,disease / other candidate,ASSOCIATED_WITH,0.004434958256216421,1,,,,,,,"[""OPEN_TARGETS""]"
mastitis,EFO_1001034,EFO,disease / other candidate,ASSOCIATED_WITH,0.004414426042067272,3,,,,,,,"[""OPEN_TARGETS""]"
cerebral creatine deficiency syndrome,MONDO_0000456,MONDO,disease / other candidate,ASSOCIATED_WITH,0.004414426042067272,3,,,,,,,"[""OPEN_TARGETS""]"
familial periodic paralysis,MONDO_0000995,MONDO,disease / other candidate,ASSOCIATED_WITH,0.004250168328874071,2,,,,,,,"[""OPEN_TARGETS""]"
Andersen-Tawil syndrome,MONDO_0008222,MONDO,disease / other candidate,ASSOCIATED_WITH,0.004250168328874071,2,,,,,,,"[""OPEN_TARGETS""]"
periodic paralysis,MONDO_0016122,MONDO,disease / other candidate,ASSOCIATED_WITH,0.004250168328874071,2,,,,,,,"[""OPEN_TARGETS""]"
papillary renal cell carcinoma,EFO_0000640,EFO,disease / other candidate,ASSOCIATED_WITH,0.004071934968266583,1,,,,,,,"[""OPEN_TARGETS""]"
Salmonella Infections,EFO_1001418,EFO,disease / other candidate,ASSOCIATED_WITH,0.00406537840153172,2,,,,,,,"[""OPEN_TARGETS""]"
Antisynthetase syndrome,EFO_1001982,EFO,disease / other candidate,ASSOCIATED_WITH,0.00406537840153172,2,,,,,,,"[""OPEN_TARGETS""]"
facioscapulohumeral muscular dystrophy,MONDO_0001347,MONDO,disease / other candidate,ASSOCIATED_WITH,0.00406537840153172,2,,,,,,,"[""OPEN_TARGETS""]"
kidney failure,EFO_1002048,EFO,disease / other candidate,ASSOCIATED_WITH,0.004026354623904978,7,,,,,,,"[""OPEN_TARGETS""]"
parathyroid adenoma,EFO_1001087,EFO,disease / other candidate,ASSOCIATED_WITH,0.003849790152965644,4,,,,,,,"[""OPEN_TARGETS""]"
age,EFO_0000246,EFO,disease / other candidate,ASSOCIATED_WITH,0.0036957985468470183,1,,,,,,,"[""OPEN_TARGETS""]"
hypersomnia,EFO_0005246,EFO,disease / other candidate,ASSOCIATED_WITH,0.0036957985468470183,1,,,,,,,"[""OPEN_TARGETS""]"
cystadenocarcinoma,EFO_0006387,EFO,disease / other candidate,ASSOCIATED_WITH,0.0036957985468470183,2,,,,,,,"[""OPEN_TARGETS""]"
stricture,EFO_0006818,EFO,disease / other candidate,ASSOCIATED_WITH,0.0036957985468470183,1,,,,,,,"[""OPEN_TARGETS""]"
Balkan nephropathy,EFO_0007164,EFO,disease / other candidate,ASSOCIATED_WITH,0.0036957985468470183,1,,,,,,,"[""OPEN_TARGETS""]"
vitreous body disease,EFO_0008624,EFO,disease / other candidate,ASSOCIATED_WITH,0.0036957985468470183,1,,,,,,,"[""OPEN_TARGETS""]"
idiopathic dilated cardiomyopathy,EFO_0009094,EFO,disease / other candidate,ASSOCIATED_WITH,0.0036957985468470183,1,,,,,,,"[""OPEN_TARGETS""]"
thrombophilia,EFO_0009315,EFO,disease / other candidate,ASSOCIATED_WITH,0.0036957985468470183,1,,,,,,,"[""OPEN_TARGETS""]"
pulmonary valve disease,EFO_0009564,EFO,disease / other candidate,ASSOCIATED_WITH,0.0036957985468470183,1,,,,,,,"[""OPEN_TARGETS""]"
cholesteryl ester measurement,EFO_0010351,EFO,trait / measurement candidate,ASSOCIATED_WITH,0.0036957985468470183,1,,,,,,,"[""OPEN_TARGETS""]"
nephrotoxicity,EFO_0011056,EFO,disease / other candidate,ASSOCIATED_WITH,0.0036957985468470183,1,,,,,,,"[""OPEN_TARGETS""]"
aging,EFO_0022597,EFO,disease / other candidate,ASSOCIATED_WITH,0.0036957985468470183,1,,,,,,,"[""OPEN_TARGETS""]"
Atrophy,EFO_1000096,EFO,disease / other candidate,ASSOCIATED_WITH,0.0036957985468470183,1,,,,,,,"[""OPEN_TARGETS""]"
corneal edema,EFO_1000879,EFO,disease / other candidate,ASSOCIATED_WITH,0.0036957985468470183,1,,,,,,,"[""OPEN_TARGETS""]"
encephalomalacia,EFO_1000915,EFO,disease / other candidate,ASSOCIATED_WITH,0.0036957985468470183,1,,,,,,,"[""OPEN_TARGETS""]"
periventricular leukomalacia,EFO_1001101,EFO,disease / other candidate,ASSOCIATED_WITH,0.0036957985468470183,1,,,,,,,"[""OPEN_TARGETS""]"
acrocephalopolysyndactyly,MONDO_0000078,MONDO,disease / other candidate,ASSOCIATED_WITH,0.0036957985468470183,1,,,,,,,"[""OPEN_TARGETS""]"
syndrome caused by partial chromosomal duplication,MONDO_0000762,MONDO,disease / other candidate,ASSOCIATED_WITH,0.0036957985468470183,1,,,,,,,"[""OPEN_TARGETS""]"
corneal endothelial dystrophy,MONDO_0000766,MONDO,disease / other candidate,ASSOCIATED_WITH,0.0036957985468470183,1,,,,,,,"[""OPEN_TARGETS""]"
vitreous syneresis,MONDO_0001377,MONDO,disease / other candidate,ASSOCIATED_WITH,0.0036957985468470183,1,,,,,,,"[""OPEN_TARGETS""]"
pulmonary valve insufficiency,MONDO_0001927,MONDO,disease / other candidate,ASSOCIATED_WITH,0.0036957985468470183,1,,,,,,,"[""OPEN_TARGETS""]"
kidney benign neoplasm,MONDO_0002513,MONDO,disease / other candidate,ASSOCIATED_WITH,0.0036957985468470183,1,,,,,,,"[""OPEN_TARGETS""]"
teratoma,MONDO_0002601,MONDO,disease / other candidate,ASSOCIATED_WITH,0.0036957985468470183,1,,,,,,,"[""OPEN_TARGETS""]"
benign urinary system neoplasm,MONDO_0004180,MONDO,disease / other candidate,ASSOCIATED_WITH,0.0036957985468470183,1,,,,,,,"[""OPEN_TARGETS""]"
kidney angiomyolipoma,MONDO_0004555,MONDO,disease / other candidate,ASSOCIATED_WITH,0.0036957985468470183,1,,,,,,,"[""OPEN_TARGETS""]"
retinoschisis,MONDO_0004579,MONDO,disease / other candidate,ASSOCIATED_WITH,0.0036957985468470183,1,,,,,,,"[""OPEN_TARGETS""]"
vitreous disorder,MONDO_0004860,MONDO,disease / other candidate,ASSOCIATED_WITH,0.0036957985468470183,1,,,,,,,"[""OPEN_TARGETS""]"
cyclic hematopoiesis,MONDO_0008090,MONDO,disease / other candidate,ASSOCIATED_WITH,0.0036957985468470183,1,,,,,,,"[""OPEN_TARGETS""]"
supravalvular aortic stenosis,MONDO_0008504,MONDO,disease / other candidate,ASSOCIATED_WITH,0.0036957985468470183,1,,,,,,,"[""OPEN_TARGETS""]"
craniodiaphyseal dysplasia,MONDO_0009031,MONDO,disease / other candidate,ASSOCIATED_WITH,0.0036957985468470183,1,,,,,,,"[""OPEN_TARGETS""]"
hypoparathyroidism-retardation-dysmorphism syndrome,MONDO_0009426,MONDO,disease / other candidate,ASSOCIATED_WITH,0.0036957985468470183,1,,,,,,,"[""OPEN_TARGETS""]"
X-linked retinoschisis,MONDO_0010725,MONDO,disease / other candidate,ASSOCIATED_WITH,0.0036957985468470183,1,,,,,,,"[""OPEN_TARGETS""]"
Rett syndrome,MONDO_0010726,MONDO,disease / other candidate,ASSOCIATED_WITH,0.0036957985468470183,1,,,,,,,"[""OPEN_TARGETS""]"
tetrasomy 12p,MONDO_0011146,MONDO,disease / other candidate,ASSOCIATED_WITH,0.0036957985468470183,1,,,,,,,"[""OPEN_TARGETS""]"
Feingold syndrome,MONDO_0015267,MONDO,disease / other candidate,ASSOCIATED_WITH,0.0036957985468470183,1,,,,,,,"[""OPEN_TARGETS""]"
partial trisomy/tetrasomy of the short arm of chromosome 12,MONDO_0016933,MONDO,disease / other candidate,ASSOCIATED_WITH,0.0036957985468470183,1,,,,,,,"[""OPEN_TARGETS""]"
Zika virus infectious disease,MONDO_0018661,MONDO,disease / other candidate,ASSOCIATED_WITH,0.0036957985468470183,1,,,,,,,"[""OPEN_TARGETS""]"
Leber congenital amaurosis,MONDO_0018998,MONDO,disease / other candidate,ASSOCIATED_WITH,0.0036957985468470183,1,,,,,,,"[""OPEN_TARGETS""]"
posterior corneal dystrophy,MONDO_0020214,MONDO,disease / other candidate,ASSOCIATED_WITH,0.0036957985468470183,1,,,,,,,"[""OPEN_TARGETS""]"
vitreoretinal degeneration,MONDO_0020248,MONDO,disease / other candidate,ASSOCIATED_WITH,0.0036957985468470183,1,,,,,,,"[""OPEN_TARGETS""]"
posterior polymorphous corneal dystrophy,MONDO_0020364,MONDO,disease / other candidate,ASSOCIATED_WITH,0.0036957985468470183,1,,,,,,,"[""OPEN_TARGETS""]"
benign PEComa,MONDO_0020581,MONDO,disease / other candidate,ASSOCIATED_WITH,0.0036957985468470183,1,,,,,,,"[""OPEN_TARGETS""]"
serous cystadenocarcinoma,MONDO_0024621,MONDO,disease / other candidate,ASSOCIATED_WITH,0.0036957985468470183,2,,,,,,,"[""OPEN_TARGETS""]"
VEXAS syndrome,MONDO_0026777,MONDO,disease / other candidate,ASSOCIATED_WITH,0.0036957985468470183,1,,,,,,,"[""OPEN_TARGETS""]"
partial duplication of chromosome 12,MONDO_0042968,MONDO,disease / other candidate,ASSOCIATED_WITH,0.0036957985468470183,1,,,,,,,"[""OPEN_TARGETS""]"
aortic valve stenosis,MONDO_0042981,MONDO,disease / other candidate,ASSOCIATED_WITH,0.0036957985468470183,1,,,,,,,"[""OPEN_TARGETS""]"
benign soft tissue neoplasm,MONDO_0044335,MONDO,disease / other candidate,ASSOCIATED_WITH,0.0036957985468470183,1,,,,,,,"[""OPEN_TARGETS""]"
Mendelian neurodevelopmental disorder,MONDO_0100500,MONDO,disease / other candidate,ASSOCIATED_WITH,0.0036957985468470183,1,,,,,,,"[""OPEN_TARGETS""]"
primordial dwarfism and slender bone disorder,MONDO_0800063,MONDO,disease / other candidate,ASSOCIATED_WITH,0.0036957985468470183,1,,,,,,,"[""OPEN_TARGETS""]"
tongue squamous cell carcinoma,EFO_1000055,EFO,disease / other candidate,ASSOCIATED_WITH,0.003675266332697868,3,,,,,,,"[""OPEN_TARGETS""]"
Borderline Ovarian Serous Tumor,EFO_1000139,EFO,disease / other candidate,ASSOCIATED_WITH,0.003511008619504667,2,,,,,,,"[""OPEN_TARGETS""]"
Borderline Ovarian Surface Epithelial-Stromal Tumor,EFO_1000140,EFO,disease / other candidate,ASSOCIATED_WITH,0.003511008619504667,2,,,,,,,"[""OPEN_TARGETS""]"
Escherichia coli Infections,EFO_1001318,EFO,disease / other candidate,ASSOCIATED_WITH,0.003511008619504667,2,,,,,,,"[""OPEN_TARGETS""]"
vascular dementia,EFO_0004718,EFO,disease / other candidate,ASSOCIATED_WITH,0.0033262186921623163,2,,,,,,,"[""OPEN_TARGETS""]"
ovarian mucinous adenocarcinoma,EFO_0006462,EFO,disease / other candidate,ASSOCIATED_WITH,0.0033262186921623163,2,,,,,,,"[""OPEN_TARGETS""]"
complication,EFO_0009518,EFO,disease / other candidate,ASSOCIATED_WITH,0.0033262186921623163,2,,,,,,,"[""OPEN_TARGETS""]"
uremia,EFO_1001226,EFO,disease / other candidate,ASSOCIATED_WITH,0.0033262186921623163,2,,,,,,,"[""OPEN_TARGETS""]"
hypertensive heart disease,MONDO_0001302,MONDO,disease / other candidate,ASSOCIATED_WITH,0.0033262186921623163,2,,,,,,,"[""OPEN_TARGETS""]"
Timothy syndrome,MONDO_0010979,MONDO,disease / other candidate,ASSOCIATED_WITH,0.0033262186921623163,2,,,,,,,"[""OPEN_TARGETS""]"
qualitative or quantitative protein defects in neuromuscular diseases,MONDO_0016139,MONDO,disease / other candidate,ASSOCIATED_WITH,0.0033262186921623163,2,,,,,,,"[""OPEN_TARGETS""]"
mucinous ovarian cancer,MONDO_0024282,MONDO,disease / other candidate,ASSOCIATED_WITH,0.0033262186921623163,2,,,,,,,"[""OPEN_TARGETS""]"
angina unstable,EFO_0020925,EFO,disease / other candidate,ASSOCIATED_WITH,0.00325702513047968,6,,,,,,,"[""OPEN_TARGETS""]"
food allergy,EFO_1001890,EFO,disease / other candidate,ASSOCIATED_WITH,0.0031697632203457927,5,,,,,,,"[""OPEN_TARGETS""]"
brain cancer,MONDO_0001657,MONDO,disease / other candidate,ASSOCIATED_WITH,0.0030876343637491924,5,,,,,,,"[""OPEN_TARGETS""]"
supratentorial cancer,MONDO_0002071,MONDO,disease / other candidate,ASSOCIATED_WITH,0.0030876343637491924,5,,,,,,,"[""OPEN_TARGETS""]"
skull cancer,MONDO_0002132,MONDO,disease / other candidate,ASSOCIATED_WITH,0.0030876343637491924,5,,,,,,,"[""OPEN_TARGETS""]"
diencephalic cancer,MONDO_0002786,MONDO,disease / other candidate,ASSOCIATED_WITH,0.0030876343637491924,5,,,,,,,"[""OPEN_TARGETS""]"
thalamic cancer,MONDO_0003766,MONDO,disease / other candidate,ASSOCIATED_WITH,0.0030876343637491924,5,,,,,,,"[""OPEN_TARGETS""]"
meningococcal infection,EFO_0004249,EFO,disease / other candidate,ASSOCIATED_WITH,0.002992797524121427,3,,,,,,,"[""OPEN_TARGETS""]"
Ewing sarcoma,EFO_0000174,EFO,disease / other candidate,ASSOCIATED_WITH,0.0029566388374776147,1,,,,,,,"[""OPEN_TARGETS""]"
papillary cystadenocarcinoma,EFO_0000639,EFO,disease / other candidate,ASSOCIATED_WITH,0.0029566388374776147,1,,,,,,,"[""OPEN_TARGETS""]"
cytomegalovirus infection,EFO_0001062,EFO,disease / other candidate,ASSOCIATED_WITH,0.0029566388374776147,1,,,,,,,"[""OPEN_TARGETS""]"
motor neuron disease,EFO_0003782,EFO,disease / other candidate,ASSOCIATED_WITH,0.0029566388374776147,1,,,,,,,"[""OPEN_TARGETS""]"
hyperemia,EFO_0003822,EFO,disease / other candidate,ASSOCIATED_WITH,0.0029566388374776147,1,,,,,,,"[""OPEN_TARGETS""]"
eye neoplasm,EFO_0003824,EFO,disease / other candidate,ASSOCIATED_WITH,0.0029566388374776147,1,,,,,,,"[""OPEN_TARGETS""]"
wet macular degeneration,EFO_0004683,EFO,disease / other candidate,ASSOCIATED_WITH,0.0029566388374776147,1,,,,,,,"[""OPEN_TARGETS""]"
reticulum cell sarcoma,EFO_0005287,EFO,disease / other candidate,ASSOCIATED_WITH,0.0029566388374776147,1,,,,,,,"[""OPEN_TARGETS""]"
retinal cancer,EFO_0005716,EFO,disease / other candidate,ASSOCIATED_WITH,0.0029566388374776147,1,,,,,,,"[""OPEN_TARGETS""]"
HELLP syndrome,EFO_0007297,EFO,disease / other candidate,ASSOCIATED_WITH,0.0029566388374776147,1,,,,,,,"[""OPEN_TARGETS""]"
viral pneumonia,EFO_0007541,EFO,disease / other candidate,ASSOCIATED_WITH,0.0029566388374776147,1,,,,,,,"[""OPEN_TARGETS""]"
hyperparathyroidism,EFO_0008506,EFO,disease / other candidate,ASSOCIATED_WITH,0.0029566388374776147,1,,,,,,,"[""OPEN_TARGETS""]"
primary hyperparathyroidism,EFO_0008519,EFO,disease / other candidate,ASSOCIATED_WITH,0.0029566388374776147,1,,,,,,,"[""OPEN_TARGETS""]"
nonischemic cardiomyopathy,EFO_0009881,EFO,disease / other candidate,ASSOCIATED_WITH,0.0029566388374776147,1,,,,,,,"[""OPEN_TARGETS""]"
ovarian serous cystadenocarcinoma,EFO_1000043,EFO,disease / other candidate,ASSOCIATED_WITH,0.0029566388374776147,1,,,,,,,"[""OPEN_TARGETS""]"
Papillary Cystic Neoplasm,EFO_1000448,EFO,disease / other candidate,ASSOCIATED_WITH,0.0029566388374776147,1,,,,,,,"[""OPEN_TARGETS""]"
Retinal Neoplasm,EFO_1000509,EFO,disease / other candidate,ASSOCIATED_WITH,0.0029566388374776147,1,,,,,,,"[""OPEN_TARGETS""]"
ovarian cystadenocarcinoma,EFO_1001962,EFO,disease / other candidate,ASSOCIATED_WITH,0.0029566388374776147,1,,,,,,,"[""OPEN_TARGETS""]"
severe pre-eclampsia,MONDO_0001641,MONDO,disease / other candidate,ASSOCIATED_WITH,0.0029566388374776147,1,,,,,,,"[""OPEN_TARGETS""]"
ocular cancer,MONDO_0002236,MONDO,disease / other candidate,ASSOCIATED_WITH,0.0029566388374776147,1,,,,,,,"[""OPEN_TARGETS""]"
papillary serous cystadenocarcinoma,MONDO_0002368,MONDO,disease / other candidate,ASSOCIATED_WITH,0.0029566388374776147,1,,,,,,,"[""OPEN_TARGETS""]"
hereditary renal cell carcinoma,MONDO_0003008,MONDO,disease / other candidate,ASSOCIATED_WITH,0.0029566388374776147,1,,,,,,,"[""OPEN_TARGETS""]"
pediatric meningioma,MONDO_0003057,MONDO,disease / other candidate,ASSOCIATED_WITH,0.0029566388374776147,1,,,,,,,"[""OPEN_TARGETS""]"
childhood brain meningioma,MONDO_0004046,MONDO,disease / other candidate,ASSOCIATED_WITH,0.0029566388374776147,1,,,,,,,"[""OPEN_TARGETS""]"
retinal cell cancer,MONDO_0004338,MONDO,disease / other candidate,ASSOCIATED_WITH,0.0029566388374776147,1,,,,,,,"[""OPEN_TARGETS""]"
retinoblastoma,MONDO_0008380,MONDO,disease / other candidate,ASSOCIATED_WITH,0.0029566388374776147,1,,,,,,,"[""OPEN_TARGETS""]"
"adrenocortical carcinoma, hereditary",MONDO_0008734,MONDO,disease / other candidate,ASSOCIATED_WITH,0.0029566388374776147,1,,,,,,,"[""OPEN_TARGETS""]"
Schwartz-Jampel syndrome,MONDO_0009717,MONDO,disease / other candidate,ASSOCIATED_WITH,0.0029566388374776147,1,,,,,,,"[""OPEN_TARGETS""]"
Norrie disease,MONDO_0010691,MONDO,disease / other candidate,ASSOCIATED_WITH,0.0029566388374776147,1,,,,,,,"[""OPEN_TARGETS""]"
qualitative or quantitative defects of perlecan,MONDO_0016151,MONDO,disease / other candidate,ASSOCIATED_WITH,0.0029566388374776147,1,,,,,,,"[""OPEN_TARGETS""]"
bronchopulmonary dysplasia,MONDO_0019091,MONDO,disease / other candidate,ASSOCIATED_WITH,0.0029566388374776147,1,,,,,,,"[""OPEN_TARGETS""]"
dendritic cell tumor,MONDO_0020082,MONDO,disease / other candidate,ASSOCIATED_WITH,0.0029566388374776147,1,,,,,,,"[""OPEN_TARGETS""]"
congenital vitreoretinal dysplasia,MONDO_0020247,MONDO,disease / other candidate,ASSOCIATED_WITH,0.0029566388374776147,1,,,,,,,"[""OPEN_TARGETS""]"
Ewing sarcoma/peripheral primitive neuroectodermal tumor,MONDO_0021038,MONDO,disease / other candidate,ASSOCIATED_WITH,0.0029566388374776147,1,,,,,,,"[""OPEN_TARGETS""]"
retinal cell neoplasm,MONDO_0024341,MONDO,disease / other candidate,ASSOCIATED_WITH,0.0029566388374776147,1,,,,,,,"[""OPEN_TARGETS""]"
adenoviridae infectious disease,MONDO_0043479,MONDO,disease / other candidate,ASSOCIATED_WITH,0.0029566388374776147,1,,,,,,,"[""OPEN_TARGETS""]"
intracranial meningioma,MONDO_0850302,MONDO,disease / other candidate,ASSOCIATED_WITH,0.0029566388374776147,1,,,,,,,"[""OPEN_TARGETS""]"
airway hyperresponsiveness,EFO_0005414,EFO,disease / other candidate,ASSOCIATED_WITH,0.0029361066233284643,3,,,,,,,"[""OPEN_TARGETS""]"
drug-induced liver injury,EFO_0004228,EFO,disease / other candidate,ASSOCIATED_WITH,0.0027718489101352635,2,,,,,,,"[""OPEN_TARGETS""]"
rectal disease,EFO_0009685,EFO,disease / other candidate,ASSOCIATED_WITH,0.0027718489101352635,2,,,,,,,"[""OPEN_TARGETS""]"
sex cord-stromal tumor,EFO_1000052,EFO,disease / other candidate,ASSOCIATED_WITH,0.0027718489101352635,2,,,,,,,"[""OPEN_TARGETS""]"
Chordoid Meningioma,EFO_1000176,EFO,disease / other candidate,ASSOCIATED_WITH,0.0027718489101352635,2,,,,,,,"[""OPEN_TARGETS""]"
rectal neoplasm,MONDO_0002165,MONDO,disease / other candidate,ASSOCIATED_WITH,0.0027718489101352635,2,,,,,,,"[""OPEN_TARGETS""]"
lymphopenia,MONDO_0003783,MONDO,disease / other candidate,ASSOCIATED_WITH,0.0027718489101352635,2,,,,,,,"[""OPEN_TARGETS""]"
Lafora disease,MONDO_0009697,MONDO,disease / other candidate,ASSOCIATED_WITH,0.0027718489101352635,2,,,,,,,"[""OPEN_TARGETS""]"
granular corneal dystrophy type II,MONDO_0011855,MONDO,disease / other candidate,ASSOCIATED_WITH,0.0027718489101352635,2,,,,,,,"[""OPEN_TARGETS""]"
follicular lymphoma,MONDO_0018906,MONDO,disease / other candidate,ASSOCIATED_WITH,0.0027718489101352635,2,,,,,,,"[""OPEN_TARGETS""]"
progressive myoclonus epilepsy,MONDO_0020074,MONDO,disease / other candidate,ASSOCIATED_WITH,0.0027718489101352635,2,,,,,,,"[""OPEN_TARGETS""]"
variable age onset epilepsy,MONDO_0100036,MONDO,disease / other candidate,ASSOCIATED_WITH,0.0027718489101352635,2,,,,,,,"[""OPEN_TARGETS""]"
familial Alzheimer disease,MONDO_0100087,MONDO,disease / other candidate,ASSOCIATED_WITH,0.0027718489101352635,2,,,,,,,"[""OPEN_TARGETS""]"
histoplasmosis,EFO_0007310,EFO,disease / other candidate,ASSOCIATED_WITH,0.002751316695986113,3,,,,,,,"[""OPEN_TARGETS""]"
Epstein-Barr virus infection,EFO_0000769,EFO,disease / other candidate,ASSOCIATED_WITH,0.0025870589827929123,2,,,,,,,"[""OPEN_TARGETS""]"
chromoblastomycosis,EFO_0007207,EFO,disease / other candidate,ASSOCIATED_WITH,0.0025870589827929123,2,,,,,,,"[""OPEN_TARGETS""]"
head injury,EFO_0009505,EFO,disease / other candidate,ASSOCIATED_WITH,0.0025870589827929123,2,,,,,,,"[""OPEN_TARGETS""]"
bone metastasis,EFO_0009870,EFO,disease / other candidate,ASSOCIATED_WITH,0.0025870589827929123,2,,,,,,,"[""OPEN_TARGETS""]"
concussion,EFO_0011023,EFO,disease / other candidate,ASSOCIATED_WITH,0.0025870589827929123,2,,,,,,,"[""OPEN_TARGETS""]"
Pituicytoma,EFO_1000477,EFO,disease / other candidate,ASSOCIATED_WITH,0.0025870589827929123,2,,,,,,,"[""OPEN_TARGETS""]"
small cell sarcoma,EFO_1001184,EFO,disease / other candidate,ASSOCIATED_WITH,0.0025870589827929123,2,,,,,,,"[""OPEN_TARGETS""]"
"Hepatitis, Alcoholic",EFO_1001345,EFO,disease / other candidate,ASSOCIATED_WITH,0.0025870589827929123,2,,,,,,,"[""OPEN_TARGETS""]"
cutaneous mycosis,MONDO_0000254,MONDO,disease / other candidate,ASSOCIATED_WITH,0.0025870589827929123,2,,,,,,,"[""OPEN_TARGETS""]"
subcutaneous mycosis,MONDO_0000255,MONDO,disease / other candidate,ASSOCIATED_WITH,0.0025870589827929123,2,,,,,,,"[""OPEN_TARGETS""]"
dermatomycosis,MONDO_0002040,MONDO,disease / other candidate,ASSOCIATED_WITH,0.0025870589827929123,2,,,,,,,"[""OPEN_TARGETS""]"
small cell osteogenic sarcoma,MONDO_0002630,MONDO,disease / other candidate,ASSOCIATED_WITH,0.0025870589827929123,2,,,,,,,"[""OPEN_TARGETS""]"
benign meningioma,MONDO_0003054,MONDO,disease / other candidate,ASSOCIATED_WITH,0.0025870589827929123,2,,,,,,,"[""OPEN_TARGETS""]"
diencephalic astrocytomas,MONDO_0003169,MONDO,disease / other candidate,ASSOCIATED_WITH,0.0025870589827929123,2,,,,,,,"[""OPEN_TARGETS""]"
posterior pituitary gland neoplasm,MONDO_0003257,MONDO,disease / other candidate,ASSOCIATED_WITH,0.0025870589827929123,2,,,,,,,"[""OPEN_TARGETS""]"
brain glioma,MONDO_0005499,MONDO,disease / other candidate,ASSOCIATED_WITH,0.0025870589827929123,2,,,,,,,"[""OPEN_TARGETS""]"
orotic aciduria,MONDO_0009797,MONDO,disease / other candidate,ASSOCIATED_WITH,0.0025870589827929123,2,,,,,,,"[""OPEN_TARGETS""]"
Bohring-Opitz syndrome,MONDO_0011510,MONDO,disease / other candidate,ASSOCIATED_WITH,0.0025870589827929123,2,,,,,,,"[""OPEN_TARGETS""]"
multicystic dysplastic kidney,MONDO_0015988,MONDO,disease / other candidate,ASSOCIATED_WITH,0.0025870589827929123,2,,,,,,,"[""OPEN_TARGETS""]"
pituitary adenocarcinoma,MONDO_0017582,MONDO,disease / other candidate,ASSOCIATED_WITH,0.0025870589827929123,2,,,,,,,"[""OPEN_TARGETS""]"
inborn disorder of pyrimidine metabolism,MONDO_0019238,MONDO,disease / other candidate,ASSOCIATED_WITH,0.0025870589827929123,2,,,,,,,"[""OPEN_TARGETS""]"
vitamin B12- and folate-independent constitutional megaloblastic anemia,MONDO_0020112,MONDO,disease / other candidate,ASSOCIATED_WITH,0.0025870589827929123,2,,,,,,,"[""OPEN_TARGETS""]"
benign neoplasm of meninges,MONDO_0021527,MONDO,disease / other candidate,ASSOCIATED_WITH,0.0025870589827929123,2,,,,,,,"[""OPEN_TARGETS""]"
undifferentiated carcinoma of nasopharynx,MONDO_0021537,MONDO,disease / other candidate,ASSOCIATED_WITH,0.0025870589827929123,2,,,,,,,"[""OPEN_TARGETS""]"
brain astrocytoma,MONDO_0021631,MONDO,disease / other candidate,ASSOCIATED_WITH,0.0025870589827929123,2,,,,,,,"[""OPEN_TARGETS""]"
primary brain neoplasm,MONDO_0021632,MONDO,disease / other candidate,ASSOCIATED_WITH,0.0025870589827929123,2,,,,,,,"[""OPEN_TARGETS""]"
pyrimidine metabolism disease,MONDO_0037937,MONDO,disease / other candidate,ASSOCIATED_WITH,0.0025870589827929123,2,,,,,,,"[""OPEN_TARGETS""]"
neuroendocrine disorder,MONDO_0100070,MONDO,disease / other candidate,ASSOCIATED_WITH,0.0025870589827929123,2,,,,,,,"[""OPEN_TARGETS""]"
juvenile dermatomyositis,EFO_0000557,EFO,disease / other candidate,ASSOCIATED_WITH,0.0022174791281082103,1,,,,,,,"[""OPEN_TARGETS""]"
signet ring cell carcinoma,EFO_0000698,EFO,disease / other candidate,ASSOCIATED_WITH,0.0022174791281082103,1,,,,,,,"[""OPEN_TARGETS""]"
Sjogren syndrome,EFO_0000699,EFO,disease / other candidate,ASSOCIATED_WITH,0.0022174791281082103,1,,,,,,,"[""OPEN_TARGETS""]"
AIDS,EFO_0000765,EFO,disease / other candidate,ASSOCIATED_WITH,0.0022174791281082103,1,,,,,,,"[""OPEN_TARGETS""]"
morbid obesity,EFO_0001074,EFO,disease / other candidate,ASSOCIATED_WITH,0.0022174791281082103,1,,,,,,,"[""OPEN_TARGETS""]"
ischemia reperfusion injury,EFO_0002687,EFO,disease / other candidate,ASSOCIATED_WITH,0.0022174791281082103,1,,,,,,,"[""OPEN_TARGETS""]"
ganglioglioma,EFO_0003094,EFO,disease / other candidate,ASSOCIATED_WITH,0.0022174791281082103,1,,,,,,,"[""OPEN_TARGETS""]"
adrenocortical adenoma,EFO_0003104,EFO,disease / other candidate,ASSOCIATED_WITH,0.0022174791281082103,1,,,,,,,"[""OPEN_TARGETS""]"
urogenital neoplasm,EFO_0003863,EFO,disease / other candidate,ASSOCIATED_WITH,0.0022174791281082103,1,,,,,,,"[""OPEN_TARGETS""]"
testicular neoplasm,EFO_0004281,EFO,disease / other candidate,ASSOCIATED_WITH,0.0022174791281082103,1,,,,,,,"[""OPEN_TARGETS""]"
insomnia,EFO_0004698,EFO,disease / other candidate,ASSOCIATED_WITH,0.0022174791281082103,1,,,,,,,"[""OPEN_TARGETS""]"
human african trypanosomiasis,EFO_0005225,EFO,disease / other candidate,ASSOCIATED_WITH,0.0022174791281082103,1,,,,,,,"[""OPEN_TARGETS""]"
endometrium adenocarcinoma,EFO_0005232,EFO,disease / other candidate,ASSOCIATED_WITH,0.0022174791281082103,1,,,,,,,"[""OPEN_TARGETS""]"
contact dermatitis,EFO_0005319,EFO,disease / other candidate,ASSOCIATED_WITH,0.0022174791281082103,1,,,,,,,"[""OPEN_TARGETS""]"
colorectal adenoma,EFO_0005406,EFO,disease / other candidate,ASSOCIATED_WITH,0.0022174791281082103,1,,,,,,,"[""OPEN_TARGETS""]"
eosinophilic pneumonia,EFO_0007257,EFO,disease / other candidate,ASSOCIATED_WITH,0.0022174791281082103,1,,,,,,,"[""OPEN_TARGETS""]"
pancreatic endocrine carcinoma,EFO_0007416,EFO,disease / other candidate,ASSOCIATED_WITH,0.0022174791281082103,1,,,,,,,"[""OPEN_TARGETS""]"
gastric ulcer,EFO_0009454,EFO,disease / other candidate,ASSOCIATED_WITH,0.0022174791281082103,1,,,,,,,"[""OPEN_TARGETS""]"
polyarticular juvenile idiopathic arthritis,EFO_0009730,EFO,disease / other candidate,ASSOCIATED_WITH,0.0022174791281082103,1,,,,,,,"[""OPEN_TARGETS""]"
thymus atrophy,EFO_0009875,EFO,disease / other candidate,ASSOCIATED_WITH,0.0022174791281082103,1,,,,,,,"[""OPEN_TARGETS""]"
insulin-resistant diabetes mellitus,EFO_0010164,EFO,disease / other candidate,ASSOCIATED_WITH,0.0022174791281082103,1,,,,,,,"[""OPEN_TARGETS""]"
aldosterone-producing adenoma,EFO_1000015,EFO,disease / other candidate,ASSOCIATED_WITH,0.0022174791281082103,1,,,,,,,"[""OPEN_TARGETS""]"
Digestive System Adenoma,EFO_1000217,EFO,disease / other candidate,ASSOCIATED_WITH,0.0022174791281082103,1,,,,,,,"[""OPEN_TARGETS""]"
Leydig Cell Tumor,EFO_1000321,EFO,disease / other candidate,ASSOCIATED_WITH,0.0022174791281082103,1,,,,,,,"[""OPEN_TARGETS""]"
Testicular Sertoli Cell Tumor,EFO_1000572,EFO,disease / other candidate,ASSOCIATED_WITH,0.0022174791281082103,1,,,,,,,"[""OPEN_TARGETS""]"
Thymoma Type AB,EFO_1000582,EFO,disease / other candidate,ASSOCIATED_WITH,0.0022174791281082103,1,,,,,,,"[""OPEN_TARGETS""]"
rectum cancer,EFO_1000657,EFO,disease / other candidate,ASSOCIATED_WITH,0.0022174791281082103,1,,,,,,,"[""OPEN_TARGETS""]"
allergic contact dermatitis,EFO_1000668,EFO,disease / other candidate,ASSOCIATED_WITH,0.0022174791281082103,1,,,,,,,"[""OPEN_TARGETS""]"
sebaceous gland disease,EFO_1000763,EFO,disease / other candidate,ASSOCIATED_WITH,0.0022174791281082103,1,,,,,,,"[""OPEN_TARGETS""]"
autoimmune pancreatitis type 1,EFO_1000780,EFO,disease / other candidate,ASSOCIATED_WITH,0.0022174791281082103,1,,,,,,,"[""OPEN_TARGETS""]"
Follicular Cyst,EFO_1001329,EFO,disease / other candidate,ASSOCIATED_WITH,0.0022174791281082103,1,,,,,,,"[""OPEN_TARGETS""]"
metastatic colorectal cancer,EFO_1001480,EFO,disease / other candidate,ASSOCIATED_WITH,0.0022174791281082103,1,,,,,,,"[""OPEN_TARGETS""]"
abortion,EFO_1001491,EFO,disease / other candidate,ASSOCIATED_WITH,0.0022174791281082103,1,,,,,,,"[""OPEN_TARGETS""]"
"Carcinoma, Lewis Lung",EFO_1001770,EFO,disease / other candidate,ASSOCIATED_WITH,0.0022174791281082103,1,,,,,,,"[""OPEN_TARGETS""]"
cutaneous squamous cell carcinoma,EFO_1001927,EFO,disease / other candidate,ASSOCIATED_WITH,0.0022174791281082103,1,,,,,,,"[""OPEN_TARGETS""]"
streptococcal pharyngitis,EFO_1002024,EFO,disease / other candidate,ASSOCIATED_WITH,0.0022174791281082103,1,,,,,,,"[""OPEN_TARGETS""]"
salivary gland carcinoma,MONDO_0000521,MONDO,disease / other candidate,ASSOCIATED_WITH,0.0022174791281082103,1,,,,,,,"[""OPEN_TARGETS""]"
disorder of pilosebaceous unit,MONDO_0002917,MONDO,disease / other candidate,ASSOCIATED_WITH,0.0022174791281082103,1,,,,,,,"[""OPEN_TARGETS""]"
peptic ulcer disease,MONDO_0004247,MONDO,disease / other candidate,ASSOCIATED_WITH,0.0022174791281082103,1,,,,,,,"[""OPEN_TARGETS""]"
chronic rhinitis,MONDO_0004514,MONDO,disease / other candidate,ASSOCIATED_WITH,0.0022174791281082103,1,,,,,,,"[""OPEN_TARGETS""]"
"blepharophimosis, ptosis, and epicanthus inversus syndrome",MONDO_0007201,MONDO,disease / other candidate,ASSOCIATED_WITH,0.0022174791281082103,1,,,,,,,"[""OPEN_TARGETS""]"
telecanthus,MONDO_0008537,MONDO,disease / other candidate,ASSOCIATED_WITH,0.0022174791281082103,1,,,,,,,"[""OPEN_TARGETS""]"
Krabbe disease,MONDO_0009499,MONDO,disease / other candidate,ASSOCIATED_WITH,0.0022174791281082103,1,,,,,,,"[""OPEN_TARGETS""]"
Werner syndrome,MONDO_0010196,MONDO,disease / other candidate,ASSOCIATED_WITH,0.0022174791281082103,1,,,,,,,"[""OPEN_TARGETS""]"
Toriello-Lacassie-Droste syndrome,MONDO_0010854,MONDO,disease / other candidate,ASSOCIATED_WITH,0.0022174791281082103,1,,,,,,,"[""OPEN_TARGETS""]"
myotonic dystrophy type 2,MONDO_0011266,MONDO,disease / other candidate,ASSOCIATED_WITH,0.0022174791281082103,1,,,,,,,"[""OPEN_TARGETS""]"
hypotonia-cystinuria syndrome,MONDO_0011669,MONDO,disease / other candidate,ASSOCIATED_WITH,0.0022174791281082103,1,,,,,,,"[""OPEN_TARGETS""]"
autoimmune pancreatitis,MONDO_0015175,MONDO,disease / other candidate,ASSOCIATED_WITH,0.0022174791281082103,1,,,,,,,"[""OPEN_TARGETS""]"
progeroid syndrome,MONDO_0015333,MONDO,disease / other candidate,ASSOCIATED_WITH,0.0022174791281082103,1,,,,,,,"[""OPEN_TARGETS""]"
chronic cutaneous lupus erythematosus,MONDO_0015574,MONDO,disease / other candidate,ASSOCIATED_WITH,0.0022174791281082103,1,,,,,,,"[""OPEN_TARGETS""]"
myotonic dystrophy,MONDO_0016107,MONDO,disease / other candidate,ASSOCIATED_WITH,0.0022174791281082103,1,,,,,,,"[""OPEN_TARGETS""]"
gangliocytoma,MONDO_0016730,MONDO,disease / other candidate,ASSOCIATED_WITH,0.0022174791281082103,1,,,,,,,"[""OPEN_TARGETS""]"
partial deletion of chromosome 2,MONDO_0016867,MONDO,disease / other candidate,ASSOCIATED_WITH,0.0022174791281082103,1,,,,,,,"[""OPEN_TARGETS""]"
partial deletion of the short arm of chromosome 2,MONDO_0016884,MONDO,disease / other candidate,ASSOCIATED_WITH,0.0022174791281082103,1,,,,,,,"[""OPEN_TARGETS""]"
juvenile idiopathic inflammatory myopathy,MONDO_0018010,MONDO,disease / other candidate,ASSOCIATED_WITH,0.0022174791281082103,1,,,,,,,"[""OPEN_TARGETS""]"
idiopathic nephrotic syndrome,MONDO_0018170,MONDO,disease / other candidate,ASSOCIATED_WITH,0.0022174791281082103,1,,,,,,,"[""OPEN_TARGETS""]"
skin infection,MONDO_0021201,MONDO,disease / other candidate,ASSOCIATED_WITH,0.0022174791281082103,1,,,,,,,"[""OPEN_TARGETS""]"
disorder of lacrimal gland,MONDO_0024625,MONDO,disease / other candidate,ASSOCIATED_WITH,0.0022174791281082103,1,,,,,,,"[""OPEN_TARGETS""]"
sex cord-stromal benign neoplasm,MONDO_0024988,MONDO,disease / other candidate,ASSOCIATED_WITH,0.0022174791281082103,1,,,,,,,"[""OPEN_TARGETS""]"
benign Leydig cell tumor,MONDO_0036990,MONDO,disease / other candidate,ASSOCIATED_WITH,0.0022174791281082103,1,,,,,,,"[""OPEN_TARGETS""]"
leukoplakia,MONDO_0043243,MONDO,disease / other candidate,ASSOCIATED_WITH,0.0022174791281082103,1,,,,,,,"[""OPEN_TARGETS""]"
chromosome 2 disorder,MONDO_0700009,MONDO,disease / other candidate,ASSOCIATED_WITH,0.0022174791281082103,1,,,,,,,"[""OPEN_TARGETS""]"
Autosomal monosomy,Orphanet_102020,Orphanet,disease / other candidate,ASSOCIATED_WITH,0.0022174791281082103,1,,,,,,,"[""OPEN_TARGETS""]"
Hypotonia - cystinuria syndrome,Orphanet_163690,Orphanet,disease / other candidate,ASSOCIATED_WITH,0.0022174791281082103,1,,,,,,,"[""OPEN_TARGETS""]"
Genetic renal tubular disease,Orphanet_183592,Orphanet,disease / other candidate,ASSOCIATED_WITH,0.0022174791281082103,1,,,,,,,"[""OPEN_TARGETS""]"
Hypotonia - cystinuria type 1,Orphanet_238517,Orphanet,disease / other candidate,ASSOCIATED_WITH,0.0022174791281082103,1,,,,,,,"[""OPEN_TARGETS""]"
Chromosomal anomaly,Orphanet_68335,Orphanet,disease / other candidate,ASSOCIATED_WITH,0.0022174791281082103,1,,,,,,,"[""OPEN_TARGETS""]"
Disorder of amino acid absorption and transport,Orphanet_79166,Orphanet,disease / other candidate,ASSOCIATED_WITH,0.0022174791281082103,1,,,,,,,"[""OPEN_TARGETS""]"
Partial autosomal monosomy,Orphanet_98142,Orphanet,disease / other candidate,ASSOCIATED_WITH,0.0022174791281082103,1,,,,,,,"[""OPEN_TARGETS""]"
vein disorder,MONDO_0004634,MONDO,disease / other candidate,ASSOCIATED_WITH,0.0021045519502878854,4,,,,,,,"[""OPEN_TARGETS""]"
varicose disease,MONDO_0008638,MONDO,disease / other candidate,ASSOCIATED_WITH,0.0021045519502878854,4,,,,,,,"[""OPEN_TARGETS""]"
esophageal varices,EFO_0009545,EFO,disease / other candidate,ASSOCIATED_WITH,0.00201215698661671,3,,,,,,,"[""OPEN_TARGETS""]"
schwannoma,EFO_0000693,EFO,disease / other candidate,ASSOCIATED_WITH,0.0018478992734235092,2,,,,,,,"[""OPEN_TARGETS""]"
cervical adenocarcinoma,EFO_0001416,EFO,disease / other candidate,ASSOCIATED_WITH,0.0018478992734235092,2,,,,,,,"[""OPEN_TARGETS""]"
fibrosarcoma,EFO_0002087,EFO,disease / other candidate,ASSOCIATED_WITH,0.0018478992734235092,2,,,,,,,"[""OPEN_TARGETS""]"
listeriosis,EFO_0007347,EFO,disease / other candidate,ASSOCIATED_WITH,0.0018478992734235092,2,,,,,,,"[""OPEN_TARGETS""]"
animal viral hepatitis,EFO_0007540,EFO,disease / other candidate,ASSOCIATED_WITH,0.0018478992734235092,2,,,,,,,"[""OPEN_TARGETS""]"
Fibroblastic Neoplasm,EFO_1000255,EFO,disease / other candidate,ASSOCIATED_WITH,0.0018478992734235092,2,,,,,,,"[""OPEN_TARGETS""]"
ovarian serous carcinoma,EFO_1001516,EFO,disease / other candidate,ASSOCIATED_WITH,0.0018478992734235092,2,,,,,,,"[""OPEN_TARGETS""]"
eye infection,EFO_1001888,EFO,disease / other candidate,ASSOCIATED_WITH,0.0018478992734235092,2,,,,,,,"[""OPEN_TARGETS""]"
pharyngeal squamous cell carcinoma,EFO_1001965,EFO,disease / other candidate,ASSOCIATED_WITH,0.0018478992734235092,2,,,,,,,"[""OPEN_TARGETS""]"
benign peripheral nerve sheath tumor,MONDO_0016752,MONDO,disease / other candidate,ASSOCIATED_WITH,0.0018478992734235092,2,,,,,,,"[""OPEN_TARGETS""]"
acute liver failure,MONDO_0019542,MONDO,disease / other candidate,ASSOCIATED_WITH,0.0018478992734235092,2,,,,,,,"[""OPEN_TARGETS""]"
pulmonary sarcoidosis,DOID_13406,DOID,disease / other candidate,ASSOCIATED_WITH,0.0014783194187388074,1,,,,,,,"[""OPEN_TARGETS""]"
irritable bowel syndrome,EFO_0000555,EFO,disease / other candidate,ASSOCIATED_WITH,0.0014783194187388074,1,,,,,,,"[""OPEN_TARGETS""]"
liposarcoma,EFO_0000569,EFO,disease / other candidate,ASSOCIATED_WITH,0.0014783194187388074,1,,,,,,,"[""OPEN_TARGETS""]"
lepromatous leprosy,EFO_0001057,EFO,disease / other candidate,ASSOCIATED_WITH,0.0014783194187388074,1,,,,,,,"[""OPEN_TARGETS""]"
uterine sarcoma,EFO_0002914,EFO,disease / other candidate,ASSOCIATED_WITH,0.0014783194187388074,1,,,,,,,"[""OPEN_TARGETS""]"
rhabdomyosarcoma,EFO_0002918,EFO,disease / other candidate,ASSOCIATED_WITH,0.0014783194187388074,1,,,,,,,"[""OPEN_TARGETS""]"
hypopharyngeal carcinoma,EFO_0002938,EFO,disease / other candidate,ASSOCIATED_WITH,0.0014783194187388074,1,,,,,,,"[""OPEN_TARGETS""]"
prostatitis,EFO_0003830,EFO,disease / other candidate,ASSOCIATED_WITH,0.0014783194187388074,1,,,,,,,"[""OPEN_TARGETS""]"
drug dependence,EFO_0003890,EFO,disease / other candidate,ASSOCIATED_WITH,0.0014783194187388074,1,,,,,,,"[""OPEN_TARGETS""]"
dysplastic nevus,EFO_0004199,EFO,disease / other candidate,ASSOCIATED_WITH,0.0014783194187388074,1,,,,,,,"[""OPEN_TARGETS""]"
gout,EFO_0004274,EFO,disease / other candidate,ASSOCIATED_WITH,0.0014783194187388074,1,,,,,,,"[""OPEN_TARGETS""]"
large artery stroke,EFO_0005524,EFO,disease / other candidate,ASSOCIATED_WITH,0.0014783194187388074,1,,,,,,,"[""OPEN_TARGETS""]"
histiocytoma,EFO_0005561,EFO,disease / other candidate,ASSOCIATED_WITH,0.0014783194187388074,1,,,,,,,"[""OPEN_TARGETS""]"
seborrheic keratosis,EFO_0005584,EFO,disease / other candidate,ASSOCIATED_WITH,0.0014783194187388074,1,,,,,,,"[""OPEN_TARGETS""]"
neonatal abstinence syndrome,EFO_0005799,EFO,disease / other candidate,ASSOCIATED_WITH,0.0014783194187388074,1,,,,,,,"[""OPEN_TARGETS""]"
substance withdrawal syndrome,EFO_0005800,EFO,disease / other candidate,ASSOCIATED_WITH,0.0014783194187388074,1,,,,,,,"[""OPEN_TARGETS""]"
anogenital venereal wart,EFO_0007147,EFO,disease / other candidate,ASSOCIATED_WITH,0.0014783194187388074,1,,,,,,,"[""OPEN_TARGETS""]"
hypopharynx cancer,EFO_0007321,EFO,disease / other candidate,ASSOCIATED_WITH,0.0014783194187388074,1,,,,,,,"[""OPEN_TARGETS""]"
Nematoda infectious disease,EFO_0007391,EFO,disease / other candidate,ASSOCIATED_WITH,0.0014783194187388074,1,,,,,,,"[""OPEN_TARGETS""]"
peanut allergic reaction,EFO_0007425,EFO,disease / other candidate,ASSOCIATED_WITH,0.0014783194187388074,1,,,,,,,"[""OPEN_TARGETS""]"
syphilis,EFO_0007504,EFO,disease / other candidate,ASSOCIATED_WITH,0.0014783194187388074,1,,,,,,,"[""OPEN_TARGETS""]"
acute-on-chronic liver failure,EFO_0007949,EFO,disease / other candidate,ASSOCIATED_WITH,0.0014783194187388074,1,,,,,,,"[""OPEN_TARGETS""]"
Toxic Nodular Goiter,EFO_0009191,EFO,disease / other candidate,ASSOCIATED_WITH,0.0014783194187388074,1,,,,,,,"[""OPEN_TARGETS""]"
fg syndrome,EFO_0009297,EFO,disease / other candidate,ASSOCIATED_WITH,0.0014783194187388074,1,,,,,,,"[""OPEN_TARGETS""]"
edema,EFO_0009373,EFO,disease / other candidate,ASSOCIATED_WITH,0.0014783194187388074,1,,,,,,,"[""OPEN_TARGETS""]"
neuronal tumor,EFO_0700059,EFO,disease / other candidate,ASSOCIATED_WITH,0.0014783194187388074,1,,,,,,,"[""OPEN_TARGETS""]"
pancreatic neuroendocrine tumor,EFO_1000045,EFO,disease / other candidate,ASSOCIATED_WITH,0.0014783194187388074,1,,,,,,,"[""OPEN_TARGETS""]"
Atypical Meningioma,EFO_1000101,EFO,disease / other candidate,ASSOCIATED_WITH,0.0014783194187388074,1,,,,,,,"[""OPEN_TARGETS""]"
cervical squamous cell carcinoma,EFO_1000172,EFO,disease / other candidate,ASSOCIATED_WITH,0.0014783194187388074,1,,,,,,,"[""OPEN_TARGETS""]"
Cribriform Carcinoma,EFO_1000210,EFO,disease / other candidate,ASSOCIATED_WITH,0.0014783194187388074,1,,,,,,,"[""OPEN_TARGETS""]"
Parathyroid Hyperplasia,EFO_1000457,EFO,disease / other candidate,ASSOCIATED_WITH,0.0014783194187388074,1,,,,,,,"[""OPEN_TARGETS""]"
atrial heart septal defect,EFO_1000825,EFO,disease / other candidate,ASSOCIATED_WITH,0.0014783194187388074,1,,,,,,,"[""OPEN_TARGETS""]"
bile reflux,EFO_1000838,EFO,disease / other candidate,ASSOCIATED_WITH,0.0014783194187388074,1,,,,,,,"[""OPEN_TARGETS""]"
diastolic heart failure,EFO_1000899,EFO,disease / other candidate,ASSOCIATED_WITH,0.0014783194187388074,1,,,,,,,"[""OPEN_TARGETS""]"
rickettsiosis,EFO_1001162,EFO,disease / other candidate,ASSOCIATED_WITH,0.0014783194187388074,1,,,,,,,"[""OPEN_TARGETS""]"
Treponema infectious disease,EFO_1001217,EFO,disease / other candidate,ASSOCIATED_WITH,0.0014783194187388074,1,,,,,,,"[""OPEN_TARGETS""]"
Cryptogenic Organizing Pneumonia,EFO_1001300,EFO,disease / other candidate,ASSOCIATED_WITH,0.0014783194187388074,1,,,,,,,"[""OPEN_TARGETS""]"
Fascioliasis,EFO_1001324,EFO,disease / other candidate,ASSOCIATED_WITH,0.0014783194187388074,1,,,,,,,"[""OPEN_TARGETS""]"
Peritoneal Fibrosis,EFO_1001394,EFO,disease / other candidate,ASSOCIATED_WITH,0.0014783194187388074,1,,,,,,,"[""OPEN_TARGETS""]"
Marchiafava-Bignami Disease,EFO_1001809,EFO,disease / other candidate,ASSOCIATED_WITH,0.0014783194187388074,1,,,,,,,"[""OPEN_TARGETS""]"
hypopharyngeal squamous cell carcinoma,EFO_1001960,EFO,disease / other candidate,ASSOCIATED_WITH,0.0014783194187388074,1,,,,,,,"[""OPEN_TARGETS""]"
undifferentiated pleomorphic sarcoma,EFO_1001972,EFO,disease / other candidate,ASSOCIATED_WITH,0.0014783194187388074,1,,,,,,,"[""OPEN_TARGETS""]"
uterine leiomyosarcoma,EFO_1001974,EFO,disease / other candidate,ASSOCIATED_WITH,0.0014783194187388074,1,,,,,,,"[""OPEN_TARGETS""]"
systemic juvenile idiopathic arthritis,EFO_1001999,EFO,disease / other candidate,ASSOCIATED_WITH,0.0014783194187388074,1,,,,,,,"[""OPEN_TARGETS""]"
Takotsubo cardiomyopathy,EFO_1002000,EFO,disease / other candidate,ASSOCIATED_WITH,0.0014783194187388074,1,,,,,,,"[""OPEN_TARGETS""]"
facial nerve disease,EFO_1002051,EFO,disease / other candidate,ASSOCIATED_WITH,0.0014783194187388074,1,,,,,,,"[""OPEN_TARGETS""]"
"digestive system neuroendocrine tumor, grade 1/2",MONDO_0000386,MONDO,disease / other candidate,ASSOCIATED_WITH,0.0014783194187388074,1,,,,,,,"[""OPEN_TARGETS""]"
limb ischemia,MONDO_0000491,MONDO,disease / other candidate,ASSOCIATED_WITH,0.0014783194187388074,1,,,,,,,"[""OPEN_TARGETS""]"
ovarian clear cell cancer,MONDO_0000548,MONDO,disease / other candidate,ASSOCIATED_WITH,0.0014783194187388074,1,,,,,,,"[""OPEN_TARGETS""]"
chronic pulmonary heart disease,MONDO_0001493,MONDO,disease / other candidate,ASSOCIATED_WITH,0.0014783194187388074,1,,,,,,,"[""OPEN_TARGETS""]"
primary pulmonary hypertension,MONDO_0001999,MONDO,disease / other candidate,ASSOCIATED_WITH,0.0014783194187388074,1,,,,,,,"[""OPEN_TARGETS""]"
coagulation protein disease,MONDO_0002242,MONDO,disease / other candidate,ASSOCIATED_WITH,0.0014783194187388074,1,,,,,,,"[""OPEN_TARGETS""]"
idiopathic interstitial pneumonia,MONDO_0002429,MONDO,disease / other candidate,ASSOCIATED_WITH,0.0014783194187388074,1,,,,,,,"[""OPEN_TARGETS""]"
keratoacanthoma,MONDO_0002527,MONDO,disease / other candidate,ASSOCIATED_WITH,0.0014783194187388074,1,,,,,,,"[""OPEN_TARGETS""]"
lipomatous cancer,MONDO_0002813,MONDO,disease / other candidate,ASSOCIATED_WITH,0.0014783194187388074,1,,,,,,,"[""OPEN_TARGETS""]"
retinal edema,MONDO_0004037,MONDO,disease / other candidate,ASSOCIATED_WITH,0.0014783194187388074,1,,,,,,,"[""OPEN_TARGETS""]"
mixed endometrial stromal and smooth muscle tumor,MONDO_0004526,MONDO,disease / other candidate,ASSOCIATED_WITH,0.0014783194187388074,1,,,,,,,"[""OPEN_TARGETS""]"
cor pulmonale,MONDO_0004596,MONDO,disease / other candidate,ASSOCIATED_WITH,0.0014783194187388074,1,,,,,,,"[""OPEN_TARGETS""]"
substance dependence,MONDO_0004938,MONDO,disease / other candidate,ASSOCIATED_WITH,0.0014783194187388074,1,,,,,,,"[""OPEN_TARGETS""]"
Mobius syndrome,MONDO_0008006,MONDO,disease / other candidate,ASSOCIATED_WITH,0.0014783194187388074,1,,,,,,,"[""OPEN_TARGETS""]"
"ventricular tachycardia, familial",MONDO_0008648,MONDO,disease / other candidate,ASSOCIATED_WITH,0.0014783194187388074,1,,,,,,,"[""OPEN_TARGETS""]"
autosomal recessive limb-girdle muscular dystrophy type 2B,MONDO_0009676,MONDO,disease / other candidate,ASSOCIATED_WITH,0.0014783194187388074,1,,,,,,,"[""OPEN_TARGETS""]"
"Aarskog-Scott syndrome, X-linked",MONDO_0010589,MONDO,disease / other candidate,ASSOCIATED_WITH,0.0014783194187388074,1,,,,,,,"[""OPEN_TARGETS""]"
anti-neutrophil cytoplasmic antibody-associated vasculitis,MONDO_0015492,MONDO,disease / other candidate,ASSOCIATED_WITH,0.0014783194187388074,1,,,,,,,"[""OPEN_TARGETS""]"
qualitative or quantitative defects of dysferlin,MONDO_0016145,MONDO,disease / other candidate,ASSOCIATED_WITH,0.0014783194187388074,1,,,,,,,"[""OPEN_TARGETS""]"
limited cutaneous systemic sclerosis,MONDO_0016358,MONDO,disease / other candidate,ASSOCIATED_WITH,0.0014783194187388074,1,,,,,,,"[""OPEN_TARGETS""]"
interstitial lung disease specific to adulthood,MONDO_0017026,MONDO,disease / other candidate,ASSOCIATED_WITH,0.0014783194187388074,1,,,,,,,"[""OPEN_TARGETS""]"
X-linked syndromic intellectual disability,MONDO_0020119,MONDO,disease / other candidate,ASSOCIATED_WITH,0.0014783194187388074,1,,,,,,,"[""OPEN_TARGETS""]"
chronic graft versus host disease,MONDO_0020547,MONDO,disease / other candidate,ASSOCIATED_WITH,0.0014783194187388074,1,,,,,,,"[""OPEN_TARGETS""]"
autoimmune encephalitis,MONDO_0020640,MONDO,disease / other candidate,ASSOCIATED_WITH,0.0014783194187388074,1,,,,,,,"[""OPEN_TARGETS""]"
faciodigitogenital syndrome,MONDO_0021005,MONDO,disease / other candidate,ASSOCIATED_WITH,0.0014783194187388074,1,,,,,,,"[""OPEN_TARGETS""]"
bone sarcoma,MONDO_0021054,MONDO,disease / other candidate,ASSOCIATED_WITH,0.0014783194187388074,1,,,,,,,"[""OPEN_TARGETS""]"
alcoholic fatty liver disease,MONDO_0021104,MONDO,disease / other candidate,ASSOCIATED_WITH,0.0014783194187388074,1,,,,,,,"[""OPEN_TARGETS""]"
ovarian clear cell tumor,MONDO_0021144,MONDO,disease / other candidate,ASSOCIATED_WITH,0.0014783194187388074,1,,,,,,,"[""OPEN_TARGETS""]"
tumor of adipose tissue,MONDO_0021354,MONDO,disease / other candidate,ASSOCIATED_WITH,0.0014783194187388074,1,,,,,,,"[""OPEN_TARGETS""]"
neoplasm of hypopharynx,MONDO_0021358,MONDO,disease / other candidate,ASSOCIATED_WITH,0.0014783194187388074,1,,,,,,,"[""OPEN_TARGETS""]"
Acanthamoeba infectious disease,MONDO_0021747,MONDO,disease / other candidate,ASSOCIATED_WITH,0.0014783194187388074,1,,,,,,,"[""OPEN_TARGETS""]"
von Willebrand disease (hereditary or acquired),MONDO_0024574,MONDO,disease / other candidate,ASSOCIATED_WITH,0.0014783194187388074,1,,,,,,,"[""OPEN_TARGETS""]"
secondary carcinoma,MONDO_0024878,MONDO,disease / other candidate,ASSOCIATED_WITH,0.0014783194187388074,1,,,,,,,"[""OPEN_TARGETS""]"
metastatic carcinoma,MONDO_0024879,MONDO,disease / other candidate,ASSOCIATED_WITH,0.0014783194187388074,1,,,,,,,"[""OPEN_TARGETS""]"
oropharynx squamous cell carcinoma,MONDO_0044704,MONDO,disease / other candidate,ASSOCIATED_WITH,0.0014783194187388074,1,,,,,,,"[""OPEN_TARGETS""]"
X-linked intellectual disability,MONDO_0100284,MONDO,disease / other candidate,ASSOCIATED_WITH,0.0014783194187388074,1,,,,,,,"[""OPEN_TARGETS""]"
necrotizing vasculitis,MONDO_0800113,MONDO,disease / other candidate,ASSOCIATED_WITH,0.0014783194187388074,1,,,,,,,"[""OPEN_TARGETS""]"
